month,value,indicator_code,indicator_name,date,frequency
202511,3369890.52,M2,M2货币供应量,2025-11-01,m
202510,3351312.31,M2,M2货币供应量,2025-10-01,m
202509,3353771.03,M2,M2货币供应量,2025-09-01,m
202508,3319831.44,M2,M2货币供应量,2025-08-01,m
202507,3299400.0,M2,M2货币供应量,2025-07-01,m
202506,3302868.17,M2,M2货币供应量,2025-06-01,m
202505,3257800.0,M2,M2货币供应量,2025-05-01,m
202504,3251739.32,M2,M2货币供应量,2025-04-01,m
202503,3260554.57,M2,M2货币供应量,2025-03-01,m
202502,3205173.24,M2,M2货币供应量,2025-02-01,m
202501,3185247.18,M2,M2货币供应量,2025-01-01,m
202412,3135322.3,M2,M2货币供应量,2024-12-01,m
202411,3119587.27,M2,M2货币供应量,2024-11-01,m
202410,3097092.01,M2,M2货币供应量,2024-10-01,m
202409,3094798.24,M2,M2货币供应量,2024-09-01,m
202408,3050500.0,M2,M2货币供应量,2024-08-01,m
202407,3033060.78,M2,M2货币供应量,2024-07-01,m
202406,3050161.54,M2,M2货币供应量,2024-06-01,m
202405,3018506.73,M2,M2货币供应量,2024-05-01,m
202404,3011900.0,M2,M2货币供应量,2024-04-01,m
202403,3047952.16,M2,M2货币供应量,2024-03-01,m
202402,2995572.97,M2,M2货币供应量,2024-02-01,m
202401,2976250.2,M2,M2货币供应量,2024-01-01,m
202312,2922713.33,M2,M2货币供应量,2023-12-01,m
202311,2912014.22,M2,M2货币供应量,2023-11-01,m
202310,2882276.07,M2,M2货币供应量,2023-10-01,m
202309,2896659.11,M2,M2货币供应量,2023-09-01,m
202308,2869343.25,M2,M2货币供应量,2023-08-01,m
202307,2854031.56,M2,M2货币供应量,2023-07-01,m
202306,2873023.83,M2,M2货币供应量,2023-06-01,m
202305,2820504.68,M2,M2货币供应量,2023-05-01,m
202304,2808469.34,M2,M2货币供应量,2023-04-01,m
202303,2814566.31,M2,M2货币供应量,2023-03-01,m
202302,2755249.23,M2,M2货币供应量,2023-02-01,m
202301,2738072.06,M2,M2货币供应量,2023-01-01,m
202212,2664320.84,M2,M2货币供应量,2022-12-01,m
202211,2647008.48,M2,M2货币供应量,2022-11-01,m
202210,2612914.57,M2,M2货币供应量,2022-10-01,m
202209,2626600.92,M2,M2货币供应量,2022-09-01,m
202208,2595068.27,M2,M2货币供应量,2022-08-01,m
202207,2578078.57,M2,M2货币供应量,2022-07-01,m
202206,2581451.2,M2,M2货币供应量,2022-06-01,m
202205,2527026.15,M2,M2货币供应量,2022-05-01,m
202204,2499710.9,M2,M2货币供应量,2022-04-01,m
202203,2497688.34,M2,M2货币供应量,2022-03-01,m
202202,2441488.9,M2,M2货币供应量,2022-02-01,m
202201,2431022.72,M2,M2货币供应量,2022-01-01,m
202112,2382899.56,M2,M2货币供应量,2021-12-01,m
202111,2356012.76,M2,M2货币供应量,2021-11-01,m
202110,2336160.48,M2,M2货币供应量,2021-10-01,m
202109,2342829.7,M2,M2货币供应量,2021-09-01,m
202108,2312267.68,M2,M2货币供应量,2021-08-01,m
202107,2302153.82,M2,M2货币供应量,2021-07-01,m
202106,2317788.36,M2,M2货币供应量,2021-06-01,m
202105,2275538.07,M2,M2货币供应量,2021-05-01,m
202104,2262107.12,M2,M2货币供应量,2021-04-01,m
202103,2276488.45,M2,M2货币供应量,2021-03-01,m
202102,2236030.26,M2,M2货币供应量,2021-02-01,m
202101,2213047.33,M2,M2货币供应量,2021-01-01,m
202012,2186795.89,M2,M2货币供应量,2020-12-01,m
202011,2172002.55,M2,M2货币供应量,2020-11-01,m
202010,2149720.42,M2,M2货币供应量,2020-10-01,m
202009,2164084.8,M2,M2货币供应量,2020-09-01,m
202008,2136836.91,M2,M2货币供应量,2020-08-01,m
202007,2125458.46,M2,M2货币供应量,2020-07-01,m
202006,2134948.66,M2,M2货币供应量,2020-06-01,m
202005,2100183.74,M2,M2货币供应量,2020-05-01,m
202004,2093533.83,M2,M2货币供应量,2020-04-01,m
202003,2080923.41,M2,M2货币供应量,2020-03-01,m
202002,2030830.42,M2,M2货币供应量,2020-02-01,m
202001,2023066.49,M2,M2货币供应量,2020-01-01,m
201912,1986488.82,M2,M2货币供应量,2019-12-01,m
201911,1961429.56,M2,M2货币供应量,2019-11-01,m
201910,1945600.55,M2,M2货币供应量,2019-10-01,m
201909,1952250.49,M2,M2货币供应量,2019-09-01,m
201908,1935492.43,M2,M2货币供应量,2019-08-01,m
201907,1919410.82,M2,M2货币供应量,2019-07-01,m
201906,1921360.19,M2,M2货币供应量,2019-06-01,m
201905,1891153.7,M2,M2货币供应量,2019-05-01,m
201904,1884670.33,M2,M2货币供应量,2019-04-01,m
201903,1889412.14,M2,M2货币供应量,2019-03-01,m
201902,1867427.45,M2,M2货币供应量,2019-02-01,m
201901,1865935.33,M2,M2货币供应量,2019-01-01,m
201812,1826744.22,M2,M2货币供应量,2018-12-01,m
201811,1813175.07,M2,M2货币供应量,2018-11-01,m
201810,1795561.6,M2,M2货币供应量,2018-10-01,m
201809,1801665.58,M2,M2货币供应量,2018-09-01,m
201808,1788670.43,M2,M2货币供应量,2018-08-01,m
201807,1776196.11,M2,M2货币供应量,2018-07-01,m
201806,1770178.37,M2,M2货币供应量,2018-06-01,m
201805,1743063.79,M2,M2货币供应量,2018-05-01,m
201804,1737683.73,M2,M2货币供应量,2018-04-01,m
201803,1739859.48,M2,M2货币供应量,2018-03-01,m
201802,1729070.12,M2,M2货币供应量,2018-02-01,m
201801,1720814.46,M2,M2货币供应量,2018-01-01,m
201712,1690235.31,M2,M2货币供应量,2017-12-01,m
201711,1679156.64,M2,M2货币供应量,2017-11-01,m
201710,1662449.96,M2,M2货币供应量,2017-10-01,m
201709,1663666.05,M2,M2货币供应量,2017-09-01,m
201708,1652947.3,M2,M2货币供应量,2017-08-01,m
201707,1636341.11,M2,M2货币供应量,2017-07-01,m
201706,1639497.05,M2,M2货币供应量,2017-06-01,m
201705,1609740.77,M2,M2货币供应量,2017-05-01,m
201704,1603918.84,M2,M2货币供应量,2017-04-01,m
201703,1607938.98,M2,M2货币供应量,2017-03-01,m
201702,1589857.0,M2,M2货币供应量,2017-02-01,m
201701,1584194.56,M2,M2货币供应量,2017-01-01,m
201612,1550066.67,M2,M2货币供应量,2016-12-01,m
201611,1530432.06,M2,M2货币供应量,2016-11-01,m
201610,1519485.4,M2,M2货币供应量,2016-10-01,m
201609,1516360.5,M2,M2货币供应量,2016-09-01,m
201608,1510982.91,M2,M2货币供应量,2016-08-01,m
201607,1491558.72,M2,M2货币供应量,2016-07-01,m
201606,1490491.83,M2,M2货币供应量,2016-06-01,m
201605,1461695.11,M2,M2货币供应量,2016-05-01,m
201604,1445209.59,M2,M2货币供应量,2016-04-01,m
201603,1446198.03,M2,M2货币供应量,2016-03-01,m
201602,1424618.68,M2,M2货币供应量,2016-02-01,m
201601,1416319.55,M2,M2货币供应量,2016-01-01,m
201512,1392278.11,M2,M2货币供应量,2015-12-01,m
201511,1373956.01,M2,M2货币供应量,2015-11-01,m
201510,1361020.7,M2,M2货币供应量,2015-10-01,m
201509,1359824.06,M2,M2货币供应量,2015-09-01,m
201508,1356907.98,M2,M2货币供应量,2015-08-01,m
201507,1353210.92,M2,M2货币供应量,2015-07-01,m
201506,1333375.36,M2,M2货币供应量,2015-06-01,m
201505,1307357.63,M2,M2货币供应量,2015-05-01,m
201504,1280779.14,M2,M2货币供应量,2015-04-01,m
201503,1275332.78,M2,M2货币供应量,2015-03-01,m
201502,1257380.48,M2,M2货币供应量,2015-02-01,m
201501,1242710.22,M2,M2货币供应量,2015-01-01,m
201412,1228374.81,M2,M2货币供应量,2014-12-01,m
201411,1208605.95,M2,M2货币供应量,2014-11-01,m
201410,1199236.31,M2,M2货币供应量,2014-10-01,m
201409,1202051.41,M2,M2货币供应量,2014-09-01,m
201408,1197499.08,M2,M2货币供应量,2014-08-01,m
201407,1194249.24,M2,M2货币供应量,2014-07-01,m
201406,1209587.2,M2,M2货币供应量,2014-06-01,m
201405,1182293.96,M2,M2货币供应量,2014-05-01,m
201404,1168812.67,M2,M2货币供应量,2014-04-01,m
201403,1160687.38,M2,M2货币供应量,2014-03-01,m
201402,1131760.83,M2,M2货币供应量,2014-02-01,m
201401,1123521.21,M2,M2货币供应量,2014-01-01,m
201312,1106524.98,M2,M2货币供应量,2013-12-01,m
201311,1079257.05,M2,M2货币供应量,2013-11-01,m
201310,1070242.17,M2,M2货币供应量,2013-10-01,m
201309,1077379.16,M2,M2货币供应量,2013-09-01,m
201308,1061256.43,M2,M2货币供应量,2013-08-01,m
201307,1052212.34,M2,M2货币供应量,2013-07-01,m
201306,1054403.69,M2,M2货币供应量,2013-06-01,m
201305,1042169.16,M2,M2货币供应量,2013-05-01,m
201304,1032551.9,M2,M2货币供应量,2013-04-01,m
201303,1035858.37,M2,M2货币供应量,2013-03-01,m
201302,998600.83,M2,M2货币供应量,2013-02-01,m
201301,992129.25,M2,M2货币供应量,2013-01-01,m
201212,974148.8,M2,M2货币供应量,2012-12-01,m
201211,944832.4,M2,M2货币供应量,2012-11-01,m
201210,936404.28,M2,M2货币供应量,2012-10-01,m
201209,943688.75,M2,M2货币供应量,2012-09-01,m
201208,924894.59,M2,M2货币供应量,2012-08-01,m
201207,919072.4,M2,M2货币供应量,2012-07-01,m
201206,924991.2,M2,M2货币供应量,2012-06-01,m
201205,900048.77,M2,M2货币供应量,2012-05-01,m
201204,889604.04,M2,M2货币供应量,2012-04-01,m
201203,895565.5,M2,M2货币供应量,2012-03-01,m
201202,867171.42,M2,M2货币供应量,2012-02-01,m
201201,855898.89,M2,M2货币供应量,2012-01-01,m
201112,851590.9,M2,M2货币供应量,2011-12-01,m
201111,825493.94,M2,M2货币供应量,2011-11-01,m
201110,816829.25,M2,M2货币供应量,2011-10-01,m
201109,787406.2,M2,M2货币供应量,2011-09-01,m
201108,780852.3,M2,M2货币供应量,2011-08-01,m
201107,772923.65,M2,M2货币供应量,2011-07-01,m
201106,780820.85,M2,M2货币供应量,2011-06-01,m
201105,763409.22,M2,M2货币供应量,2011-05-01,m
201104,757384.56,M2,M2货币供应量,2011-04-01,m
201103,758130.88,M2,M2货币供应量,2011-03-01,m
201102,736130.86,M2,M2货币供应量,2011-02-01,m
201101,733884.83,M2,M2货币供应量,2011-01-01,m
201012,725851.79,M2,M2货币供应量,2010-12-01,m
201011,710339.03,M2,M2货币供应量,2010-11-01,m
201010,699776.74,M2,M2货币供应量,2010-10-01,m
201009,696471.5,M2,M2货币供应量,2010-09-01,m
201008,687506.92,M2,M2货币供应量,2010-08-01,m
201007,674051.48,M2,M2货币供应量,2010-07-01,m
201006,673921.72,M2,M2货币供应量,2010-06-01,m
201005,663351.37,M2,M2货币供应量,2010-05-01,m
201004,656561.22,M2,M2货币供应量,2010-04-01,m
201003,649947.46,M2,M2货币供应量,2010-03-01,m
201002,636072.26,M2,M2货币供应量,2010-02-01,m
201001,625609.29,M2,M2货币供应量,2010-01-01,m
200912,610224.52,M2,M2货币供应量,2009-12-01,m
200911,594604.72,M2,M2货币供应量,2009-11-01,m
200910,586643.29,M2,M2货币供应量,2009-10-01,m
200909,585405.34,M2,M2货币供应量,2009-09-01,m
200908,576698.95,M2,M2货币供应量,2009-08-01,m
200907,573102.85,M2,M2货币供应量,2009-07-01,m
200906,568916.2,M2,M2货币供应量,2009-06-01,m
200905,548263.51,M2,M2货币供应量,2009-05-01,m
200904,540481.21,M2,M2货币供应量,2009-04-01,m
200903,530626.71,M2,M2货币供应量,2009-03-01,m
200902,506708.07,M2,M2货币供应量,2009-02-01,m
200901,496135.31,M2,M2货币供应量,2009-01-01,m
200812,475166.6,M2,M2货币供应量,2008-12-01,m
200811,458644.66,M2,M2货币供应量,2008-11-01,m
200810,453133.32,M2,M2货币供应量,2008-10-01,m
200809,452898.71,M2,M2货币供应量,2008-09-01,m
200808,448846.68,M2,M2货币供应量,2008-08-01,m
200807,446362.17,M2,M2货币供应量,2008-07-01,m
200806,443141.02,M2,M2货币供应量,2008-06-01,m
200805,436221.6,M2,M2货币供应量,2008-05-01,m
200804,429313.72,M2,M2货币供应量,2008-04-01,m
200803,423054.53,M2,M2货币供应量,2008-03-01,m
200802,421037.84,M2,M2货币供应量,2008-02-01,m
200801,417846.17,M2,M2货币供应量,2008-01-01,m
200712,403401.3,M2,M2货币供应量,2007-12-01,m
200711,399757.91,M2,M2货币供应量,2007-11-01,m
200710,394204.17,M2,M2货币供应量,2007-10-01,m
200709,393098.91,M2,M2货币供应量,2007-09-01,m
200708,387205.04,M2,M2货币供应量,2007-08-01,m
200707,383884.88,M2,M2货币供应量,2007-07-01,m
200706,377832.15,M2,M2货币供应量,2007-06-01,m
200705,369718.15,M2,M2货币供应量,2007-05-01,m
200704,367326.45,M2,M2货币供应量,2007-04-01,m
200703,364104.66,M2,M2货币供应量,2007-03-01,m
200702,358659.25,M2,M2货币供应量,2007-02-01,m
200701,351498.77,M2,M2货币供应量,2007-01-01,m
200612,345577.91,M2,M2货币供应量,2006-12-01,m
200611,337504.15,M2,M2货币供应量,2006-11-01,m
200610,332747.17,M2,M2货币供应量,2006-10-01,m
200609,331865.36,M2,M2货币供应量,2006-09-01,m
200608,327885.67,M2,M2货币供应量,2006-08-01,m
200607,324010.76,M2,M2货币供应量,2006-07-01,m
200606,322756.35,M2,M2货币供应量,2006-06-01,m
200605,316709.81,M2,M2货币供应量,2006-05-01,m
200604,313702.34,M2,M2货币供应量,2006-04-01,m
200603,310490.65,M2,M2货币供应量,2006-03-01,m
200602,304516.27,M2,M2货币供应量,2006-02-01,m
200601,303571.65,M2,M2货币供应量,2006-01-01,m
200512,298755.48,M2,M2货币供应量,2005-12-01,m
200511,292350.39,M2,M2货币供应量,2005-11-01,m
200510,287591.61,M2,M2货币供应量,2005-10-01,m
200509,287438.27,M2,M2货币供应量,2005-09-01,m
200508,281288.22,M2,M2货币供应量,2005-08-01,m
200507,276966.28,M2,M2货币供应量,2005-07-01,m
200506,275785.53,M2,M2货币供应量,2005-06-01,m
200505,269240.49,M2,M2货币供应量,2005-05-01,m
200504,266992.66,M2,M2货币供应量,2005-04-01,m
200503,264588.94,M2,M2货币供应量,2005-03-01,m
200502,259357.29,M2,M2货币供应量,2005-02-01,m
200501,257708.47,M2,M2货币供应量,2005-01-01,m
200412,253207.7,M2,M2货币供应量,2004-12-01,m
200411,247135.58,M2,M2货币供应量,2004-11-01,m
200410,243740.0,M2,M2货币供应量,2004-10-01,m
200409,243757.0,M2,M2货币供应量,2004-09-01,m
200408,239729.19,M2,M2货币供应量,2004-08-01,m
200407,234842.4,M2,M2货币供应量,2004-07-01,m
200406,238427.49,M2,M2货币供应量,2004-06-01,m
200405,234842.4,M2,M2货币供应量,2004-05-01,m
200404,233627.86,M2,M2货币供应量,2004-04-01,m
200403,231654.6,M2,M2货币供应量,2004-03-01,m
200402,227050.72,M2,M2货币供应量,2004-02-01,m
200401,225101.93,M2,M2货币供应量,2004-01-01,m
200312,219226.81,M2,M2货币供应量,2003-12-01,m
200311,214358.84,M2,M2货币供应量,2003-11-01,m
200310,212505.4,M2,M2货币供应量,2003-10-01,m
200309,211611.5,M2,M2货币供应量,2003-09-01,m
200308,208692.4,M2,M2货币供应量,2003-08-01,m
200307,204381.1,M2,M2货币供应量,2003-07-01,m
200306,203071.74,M2,M2货币供应量,2003-06-01,m
200305,197811.96,M2,M2货币供应量,2003-05-01,m
200304,194476.98,M2,M2货币供应量,2003-04-01,m
200303,192832.44,M2,M2货币供应量,2003-03-01,m
200302,188444.37,M2,M2货币供应量,2003-02-01,m
200301,188918.38,M2,M2货币供应量,2003-01-01,m
200212,183246.94,M2,M2货币供应量,2002-12-01,m
200211,178018.43,M2,M2货币供应量,2002-11-01,m
200210,175534.74,M2,M2货币供应量,2002-10-01,m
200209,175254.87,M2,M2货币供应量,2002-09-01,m
200208,171524.2,M2,M2货币供应量,2002-08-01,m
200207,169122.95,M2,M2货币供应量,2002-07-01,m
200206,167869.41,M2,M2货币供应量,2002-06-01,m
200205,164268.36,M2,M2货币供应量,2002-05-01,m
200204,162825.22,M2,M2货币供应量,2002-04-01,m
200203,162300.93,M2,M2货币供应量,2002-03-01,m
200202,159182.97,M2,M2货币供应量,2002-02-01,m
200201,157853.45,M2,M2货币供应量,2002-01-01,m
200112,152888.5,M2,M2货币供应量,2001-12-01,m
200111,154088.3,M2,M2货币供应量,2001-11-01,m
200110,146157.58,M2,M2货币供应量,2001-10-01,m
200109,151822.6,M2,M2货币供应量,2001-09-01,m
200108,143787.3,M2,M2货币供应量,2001-08-01,m
200107,140076.48,M2,M2货币供应量,2001-07-01,m
200106,141885.6,M2,M2货币供应量,2001-06-01,m
200105,137219.27,M2,M2货币供应量,2001-05-01,m
200104,138121.03,M2,M2货币供应量,2001-04-01,m
200103,136915.12,M2,M2货币供应量,2001-03-01,m
200102,134390.49,M2,M2货币供应量,2001-02-01,m
200101,135685.99,M2,M2货币供应量,2001-01-01,m
200012,132487.52,M2,M2货币供应量,2000-12-01,m
200011,128887.4,M2,M2货币供应量,2000-11-01,m
200010,127432.53,M2,M2货币供应量,2000-10-01,m
200009,128352.61,M2,M2货币供应量,2000-09-01,m
200008,125673.26,M2,M2货币供应量,2000-08-01,m
200007,124192.78,M2,M2货币供应量,2000-07-01,m
200006,124486.78,M2,M2货币供应量,2000-06-01,m
200005,121902.65,M2,M2货币供应量,2000-05-01,m
200004,121914.77,M2,M2货币供应量,2000-04-01,m
200003,120399.58,M2,M2货币供应量,2000-03-01,m
200002,119353.6,M2,M2货币供应量,2000-02-01,m
200001,118907.8,M2,M2货币供应量,2000-01-01,m
199912,117638.1,M2,M2货币供应量,1999-12-01,m
199911,116559.0,M2,M2货币供应量,1999-11-01,m
199910,115390.0,M2,M2货币供应量,1999-10-01,m
199909,115079.0,M2,M2货币供应量,1999-09-01,m
199908,112827.0,M2,M2货币供应量,1999-08-01,m
199907,111414.0,M2,M2货币供应量,1999-07-01,m
199906,111363.0,M2,M2货币供应量,1999-06-01,m
199905,110061.0,M2,M2货币供应量,1999-05-01,m
199904,109218.0,M2,M2货币供应量,1999-04-01,m
199903,108438.0,M2,M2货币供应量,1999-03-01,m
199902,107778.0,M2,M2货币供应量,1999-02-01,m
199901,105500.0,M2,M2货币供应量,1999-01-01,m
199812,104498.5,M2,M2货币供应量,1998-12-01,m
199811,102229.0,M2,M2货币供应量,1998-11-01,m
199810,100875.2,M2,M2货币供应量,1998-10-01,m
199809,99795.0,M2,M2货币供应量,1998-09-01,m
199808,97299.0,M2,M2货币供应量,1998-08-01,m
199807,96314.0,M2,M2货币供应量,1998-07-01,m
199806,94658.0,M2,M2货币供应量,1998-06-01,m
199805,93936.0,M2,M2货币供应量,1998-05-01,m
199804,92662.0,M2,M2货币供应量,1998-04-01,m
199803,92015.0,M2,M2货币供应量,1998-03-01,m
199802,92024.0,M2,M2货币供应量,1998-02-01,m
199801,92211.4,M2,M2货币供应量,1998-01-01,m
199712,90995.3,M2,M2货币供应量,1997-12-01,m
199711,87590.0,M2,M2货币供应量,1997-11-01,m
199710,86644.0,M2,M2货币供应量,1997-10-01,m
199709,85892.0,M2,M2货币供应量,1997-09-01,m
199708,84746.0,M2,M2货币供应量,1997-08-01,m
199707,83460.0,M2,M2货币供应量,1997-07-01,m
199706,82789.0,M2,M2货币供应量,1997-06-01,m
199705,81151.0,M2,M2货币供应量,1997-05-01,m
199704,80818.0,M2,M2货币供应量,1997-04-01,m
199703,79889.0,M2,M2货币供应量,1997-03-01,m
199702,78998.0,M2,M2货币供应量,1997-02-01,m
199701,78648.0,M2,M2货币供应量,1997-01-01,m
199612,76094.9,M2,M2货币供应量,1996-12-01,m
199611,74142.0,M2,M2货币供应量,1996-11-01,m
199610,73152.2,M2,M2货币供应量,1996-10-01,m
199609,69643.0,M2,M2货币供应量,1996-09-01,m
199608,72309.0,M2,M2货币供应量,1996-08-01,m
199607,69346.0,M2,M2货币供应量,1996-07-01,m
199606,68132.0,M2,M2货币供应量,1996-06-01,m
199605,66880.0,M2,M2货币供应量,1996-05-01,m
199604,65723.0,M2,M2货币供应量,1996-04-01,m
199603,64511.0,M2,M2货币供应量,1996-03-01,m
199602,63778.0,M2,M2货币供应量,1996-02-01,m
199601,58401.0,M2,M2货币供应量,1996-01-01,m
199512,58252.0,M2,M2货币供应量,1995-12-01,m
199511,56024.67,M2,M2货币供应量,1995-11-01,m
199510,55579.2,M2,M2货币供应量,1995-10-01,m
199509,54242.8,M2,M2货币供应量,1995-09-01,m
199508,52267.74,M2,M2货币供应量,1995-08-01,m
199507,51872.73,M2,M2货币供应量,1995-07-01,m
199506,50687.7,M2,M2货币供应量,1995-06-01,m
199505,49179.7,M2,M2货币供应量,1995-05-01,m
199504,48878.1,M2,M2货币供应量,1995-04-01,m
199503,47973.3,M2,M2货币供应量,1995-03-01,m
199502,46225.47,M2,M2货币供应量,1995-02-01,m
199501,45875.9,M2,M2货币供应量,1995-01-01,m
199412,44827.2,M2,M2货币供应量,1994-12-01,m
199411,42992.14,M2,M2货币供应量,1994-11-01,m
199410,42625.13,M2,M2货币供应量,1994-10-01,m
199409,41524.1,M2,M2货币供应量,1994-09-01,m
199408,39728.82,M2,M2货币供应量,1994-08-01,m
199407,39369.77,M2,M2货币供应量,1994-07-01,m
199406,38292.6,M2,M2货币供应量,1994-06-01,m
199405,36707.38,M2,M2货币供应量,1994-05-01,m
199404,36390.33,M2,M2货币供应量,1994-04-01,m
199403,35439.2,M2,M2货币供应量,1994-03-01,m
199402,34248.42,M2,M2货币供应量,1994-02-01,m
199401,34010.27,M2,M2货币供应量,1994-01-01,m
199312,33295.8,M2,M2货币供应量,1993-12-01,m
199311,31661.02,M2,M2货币供应量,1993-11-01,m
199310,31334.07,M2,M2货币供应量,1993-10-01,m
199309,30353.2,M2,M2货币供应量,1993-09-01,m
199308,29834.42,M2,M2货币供应量,1993-08-01,m
199307,29730.67,M2,M2货币供应量,1993-07-01,m
199306,29419.4,M2,M2货币供应量,1993-06-01,m
199305,28984.13,M2,M2货币供应量,1993-05-01,m
199304,28548.87,M2,M2货币供应量,1993-04-01,m
199303,28113.6,M2,M2货币供应量,1993-03-01,m
199302,27678.33,M2,M2货币供应量,1993-02-01,m
199301,27243.07,M2,M2货币供应量,1993-01-01,m
199212,25402.2,M2,M2货币供应量,1992-12-01,m
199211,,M2,M2货币供应量,1992-11-01,m
199210,,M2,M2货币供应量,1992-10-01,m
199209,,M2,M2货币供应量,1992-09-01,m
199208,,M2,M2货币供应量,1992-08-01,m
199207,,M2,M2货币供应量,1992-07-01,m
199206,,M2,M2货币供应量,1992-06-01,m
199205,,M2,M2货币供应量,1992-05-01,m
199204,,M2,M2货币供应量,1992-04-01,m
199203,,M2,M2货币供应量,1992-03-01,m
199202,,M2,M2货币供应量,1992-02-01,m
199201,,M2,M2货币供应量,1992-01-01,m
199112,19349.9,M2,M2货币供应量,1991-12-01,m
199111,,M2,M2货币供应量,1991-11-01,m
199110,,M2,M2货币供应量,1991-10-01,m
199109,,M2,M2货币供应量,1991-09-01,m
199108,,M2,M2货币供应量,1991-08-01,m
199107,,M2,M2货币供应量,1991-07-01,m
199106,,M2,M2货币供应量,1991-06-01,m
199105,,M2,M2货币供应量,1991-05-01,m
199104,,M2,M2货币供应量,1991-04-01,m
199103,,M2,M2货币供应量,1991-03-01,m
199102,,M2,M2货币供应量,1991-02-01,m
199101,,M2,M2货币供应量,1991-01-01,m
199012,15293.4,M2,M2货币供应量,1990-12-01,m
199011,,M2,M2货币供应量,1990-11-01,m
199010,,M2,M2货币供应量,1990-10-01,m
199009,,M2,M2货币供应量,1990-09-01,m
199008,,M2,M2货币供应量,1990-08-01,m
199007,,M2,M2货币供应量,1990-07-01,m
199006,,M2,M2货币供应量,1990-06-01,m
199005,,M2,M2货币供应量,1990-05-01,m
199004,,M2,M2货币供应量,1990-04-01,m
199003,,M2,M2货币供应量,1990-03-01,m
199002,,M2,M2货币供应量,1990-02-01,m
199001,,M2,M2货币供应量,1990-01-01,m
198912,,M2,M2货币供应量,1989-12-01,m
198911,,M2,M2货币供应量,1989-11-01,m
198910,,M2,M2货币供应量,1989-10-01,m
198909,,M2,M2货币供应量,1989-09-01,m
198908,,M2,M2货币供应量,1989-08-01,m
198907,,M2,M2货币供应量,1989-07-01,m
198906,,M2,M2货币供应量,1989-06-01,m
198905,,M2,M2货币供应量,1989-05-01,m
198904,,M2,M2货币供应量,1989-04-01,m
198903,,M2,M2货币供应量,1989-03-01,m
198902,,M2,M2货币供应量,1989-02-01,m
198901,,M2,M2货币供应量,1989-01-01,m
198812,,M2,M2货币供应量,1988-12-01,m
198811,,M2,M2货币供应量,1988-11-01,m
198810,,M2,M2货币供应量,1988-10-01,m
198809,,M2,M2货币供应量,1988-09-01,m
198808,,M2,M2货币供应量,1988-08-01,m
198807,,M2,M2货币供应量,1988-07-01,m
198806,,M2,M2货币供应量,1988-06-01,m
198805,,M2,M2货币供应量,1988-05-01,m
198804,,M2,M2货币供应量,1988-04-01,m
198803,,M2,M2货币供应量,1988-03-01,m
198802,,M2,M2货币供应量,1988-02-01,m
198801,,M2,M2货币供应量,1988-01-01,m
198712,,M2,M2货币供应量,1987-12-01,m
198711,,M2,M2货币供应量,1987-11-01,m
198710,,M2,M2货币供应量,1987-10-01,m
198709,,M2,M2货币供应量,1987-09-01,m
198708,,M2,M2货币供应量,1987-08-01,m
198707,,M2,M2货币供应量,1987-07-01,m
198706,,M2,M2货币供应量,1987-06-01,m
198705,,M2,M2货币供应量,1987-05-01,m
198704,,M2,M2货币供应量,1987-04-01,m
198703,,M2,M2货币供应量,1987-03-01,m
198702,,M2,M2货币供应量,1987-02-01,m
198701,,M2,M2货币供应量,1987-01-01,m
198612,,M2,M2货币供应量,1986-12-01,m
198611,,M2,M2货币供应量,1986-11-01,m
198610,,M2,M2货币供应量,1986-10-01,m
198609,,M2,M2货币供应量,1986-09-01,m
198608,,M2,M2货币供应量,1986-08-01,m
198607,,M2,M2货币供应量,1986-07-01,m
198606,,M2,M2货币供应量,1986-06-01,m
198605,,M2,M2货币供应量,1986-05-01,m
198604,,M2,M2货币供应量,1986-04-01,m
198603,,M2,M2货币供应量,1986-03-01,m
198602,,M2,M2货币供应量,1986-02-01,m
198601,,M2,M2货币供应量,1986-01-01,m
198512,,M2,M2货币供应量,1985-12-01,m
198511,,M2,M2货币供应量,1985-11-01,m
198510,,M2,M2货币供应量,1985-10-01,m
198509,,M2,M2货币供应量,1985-09-01,m
198508,,M2,M2货币供应量,1985-08-01,m
198507,,M2,M2货币供应量,1985-07-01,m
198506,,M2,M2货币供应量,1985-06-01,m
198505,,M2,M2货币供应量,1985-05-01,m
198504,,M2,M2货币供应量,1985-04-01,m
198503,,M2,M2货币供应量,1985-03-01,m
198502,,M2,M2货币供应量,1985-02-01,m
198501,,M2,M2货币供应量,1985-01-01,m
198412,,M2,M2货币供应量,1984-12-01,m
198411,,M2,M2货币供应量,1984-11-01,m
198410,,M2,M2货币供应量,1984-10-01,m
198409,,M2,M2货币供应量,1984-09-01,m
198408,,M2,M2货币供应量,1984-08-01,m
198407,,M2,M2货币供应量,1984-07-01,m
198406,,M2,M2货币供应量,1984-06-01,m
198405,,M2,M2货币供应量,1984-05-01,m
198404,,M2,M2货币供应量,1984-04-01,m
198403,,M2,M2货币供应量,1984-03-01,m
198402,,M2,M2货币供应量,1984-02-01,m
198401,,M2,M2货币供应量,1984-01-01,m
198312,,M2,M2货币供应量,1983-12-01,m
198311,,M2,M2货币供应量,1983-11-01,m
198310,,M2,M2货币供应量,1983-10-01,m
198309,,M2,M2货币供应量,1983-09-01,m
198308,,M2,M2货币供应量,1983-08-01,m
198307,,M2,M2货币供应量,1983-07-01,m
198306,,M2,M2货币供应量,1983-06-01,m
198305,,M2,M2货币供应量,1983-05-01,m
198304,,M2,M2货币供应量,1983-04-01,m
198303,,M2,M2货币供应量,1983-03-01,m
198302,,M2,M2货币供应量,1983-02-01,m
198301,,M2,M2货币供应量,1983-01-01,m
198212,,M2,M2货币供应量,1982-12-01,m
198211,,M2,M2货币供应量,1982-11-01,m
198210,,M2,M2货币供应量,1982-10-01,m
198209,,M2,M2货币供应量,1982-09-01,m
198208,,M2,M2货币供应量,1982-08-01,m
198207,,M2,M2货币供应量,1982-07-01,m
198206,,M2,M2货币供应量,1982-06-01,m
198205,,M2,M2货币供应量,1982-05-01,m
198204,,M2,M2货币供应量,1982-04-01,m
198203,,M2,M2货币供应量,1982-03-01,m
198202,,M2,M2货币供应量,1982-02-01,m
198201,,M2,M2货币供应量,1982-01-01,m
198112,,M2,M2货币供应量,1981-12-01,m
198111,,M2,M2货币供应量,1981-11-01,m
198110,,M2,M2货币供应量,1981-10-01,m
198109,,M2,M2货币供应量,1981-09-01,m
198108,,M2,M2货币供应量,1981-08-01,m
198107,,M2,M2货币供应量,1981-07-01,m
198106,,M2,M2货币供应量,1981-06-01,m
198105,,M2,M2货币供应量,1981-05-01,m
198104,,M2,M2货币供应量,1981-04-01,m
198103,,M2,M2货币供应量,1981-03-01,m
198102,,M2,M2货币供应量,1981-02-01,m
198101,,M2,M2货币供应量,1981-01-01,m
198012,,M2,M2货币供应量,1980-12-01,m
198011,,M2,M2货币供应量,1980-11-01,m
198010,,M2,M2货币供应量,1980-10-01,m
198009,,M2,M2货币供应量,1980-09-01,m
198008,,M2,M2货币供应量,1980-08-01,m
198007,,M2,M2货币供应量,1980-07-01,m
198006,,M2,M2货币供应量,1980-06-01,m
198005,,M2,M2货币供应量,1980-05-01,m
198004,,M2,M2货币供应量,1980-04-01,m
198003,,M2,M2货币供应量,1980-03-01,m
198002,,M2,M2货币供应量,1980-02-01,m
198001,,M2,M2货币供应量,1980-01-01,m
197912,,M2,M2货币供应量,1979-12-01,m
197911,,M2,M2货币供应量,1979-11-01,m
197910,,M2,M2货币供应量,1979-10-01,m
197909,,M2,M2货币供应量,1979-09-01,m
197908,,M2,M2货币供应量,1979-08-01,m
197907,,M2,M2货币供应量,1979-07-01,m
197906,,M2,M2货币供应量,1979-06-01,m
197905,,M2,M2货币供应量,1979-05-01,m
197904,,M2,M2货币供应量,1979-04-01,m
197903,,M2,M2货币供应量,1979-03-01,m
197902,,M2,M2货币供应量,1979-02-01,m
197901,,M2,M2货币供应量,1979-01-01,m
197812,,M2,M2货币供应量,1978-12-01,m
197811,,M2,M2货币供应量,1978-11-01,m
197810,,M2,M2货币供应量,1978-10-01,m
197809,,M2,M2货币供应量,1978-09-01,m
197808,,M2,M2货币供应量,1978-08-01,m
197807,,M2,M2货币供应量,1978-07-01,m
197806,,M2,M2货币供应量,1978-06-01,m
197805,,M2,M2货币供应量,1978-05-01,m
197804,,M2,M2货币供应量,1978-04-01,m
197803,,M2,M2货币供应量,1978-03-01,m
197802,,M2,M2货币供应量,1978-02-01,m
197801,,M2,M2货币供应量,1978-01-01,m
202511,1128866.64,M1,M1货币供应量,2025-11-01,m
202510,1119962.73,M1,M1货币供应量,2025-10-01,m
202509,1131455.07,M1,M1货币供应量,2025-09-01,m
202508,1112255.7,M1,M1货币供应量,2025-08-01,m
202507,1110600.0,M1,M1货币供应量,2025-07-01,m
202506,1139494.08,M1,M1货币供应量,2025-06-01,m
202505,1089100.0,M1,M1货币供应量,2025-05-01,m
202504,1091407.33,M1,M1货币供应量,2025-04-01,m
202503,1134863.1,M1,M1货币供应量,2025-03-01,m
202502,1094370.01,M1,M1货币供应量,2025-02-01,m
202501,1124457.45,M1,M1货币供应量,2025-01-01,m
202412,1113069.0,M1,M1货币供应量,2024-12-01,m
202411,650904.16,M1,M1货币供应量,2024-11-01,m
202410,633357.47,M1,M1货币供应量,2024-10-01,m
202409,628236.54,M1,M1货币供应量,2024-09-01,m
202408,630200.0,M1,M1货币供应量,2024-08-01,m
202407,632296.54,M1,M1货币供应量,2024-07-01,m
202406,660610.52,M1,M1货币供应量,2024-06-01,m
202405,646842.47,M1,M1货币供应量,2024-05-01,m
202404,660100.0,M1,M1货币供应量,2024-04-01,m
202403,685808.9,M1,M1货币供应量,2024-03-01,m
202402,665916.09,M1,M1货币供应量,2024-02-01,m
202401,694197.88,M1,M1货币供应量,2024-01-01,m
202312,680542.52,M1,M1货币供应量,2023-12-01,m
202311,675903.41,M1,M1货币供应量,2023-11-01,m
202310,674696.07,M1,M1货币供应量,2023-10-01,m
202309,678443.65,M1,M1货币供应量,2023-09-01,m
202308,679588.35,M1,M1货币供应量,2023-08-01,m
202307,677218.92,M1,M1货币供应量,2023-07-01,m
202306,695595.48,M1,M1货币供应量,2023-06-01,m
202305,675252.98,M1,M1货币供应量,2023-05-01,m
202304,669761.55,M1,M1货币供应量,2023-04-01,m
202303,678059.63,M1,M1货币供应量,2023-03-01,m
202302,657938.74,M1,M1货币供应量,2023-02-01,m
202301,655214.16,M1,M1货币供应量,2023-01-01,m
202212,671674.76,M1,M1货币供应量,2022-12-01,m
202211,667042.61,M1,M1货币供应量,2022-11-01,m
202210,662140.99,M1,M1货币供应量,2022-10-01,m
202209,664535.17,M1,M1货币供应量,2022-09-01,m
202208,664604.85,M1,M1货币供应量,2022-08-01,m
202207,661832.33,M1,M1货币供应量,2022-07-01,m
202206,674374.81,M1,M1货币供应量,2022-06-01,m
202205,645107.52,M1,M1货币供应量,2022-05-01,m
202204,636139.01,M1,M1货币供应量,2022-04-01,m
202203,645063.8,M1,M1货币供应量,2022-03-01,m
202202,621612.11,M1,M1货币供应量,2022-02-01,m
202201,613859.35,M1,M1货币供应量,2022-01-01,m
202112,647443.35,M1,M1货币供应量,2021-12-01,m
202111,637482.04,M1,M1货币供应量,2021-11-01,m
202110,626082.12,M1,M1货币供应量,2021-10-01,m
202109,624645.68,M1,M1货币供应量,2021-09-01,m
202108,626658.69,M1,M1货币供应量,2021-08-01,m
202107,620367.05,M1,M1货币供应量,2021-07-01,m
202106,637479.36,M1,M1货币供应量,2021-06-01,m
202105,616828.32,M1,M1货币供应量,2021-05-01,m
202104,605421.89,M1,M1货币供应量,2021-04-01,m
202103,616113.17,M1,M1货币供应量,2021-03-01,m
202102,593487.46,M1,M1货币供应量,2021-02-01,m
202101,625563.81,M1,M1货币供应量,2021-01-01,m
202012,625580.99,M1,M1货币供应量,2020-12-01,m
202011,618632.17,M1,M1货币供应量,2020-11-01,m
202010,609182.41,M1,M1货币供应量,2020-10-01,m
202009,602312.12,M1,M1货币供应量,2020-09-01,m
202008,601289.1,M1,M1货币供应量,2020-08-01,m
202007,591192.64,M1,M1货币供应量,2020-07-01,m
202006,604317.97,M1,M1货币供应量,2020-06-01,m
202005,581111.06,M1,M1货币供应量,2020-05-01,m
202004,570150.48,M1,M1货币供应量,2020-04-01,m
202003,575050.29,M1,M1货币供应量,2020-03-01,m
202002,552700.73,M1,M1货币供应量,2020-02-01,m
202001,545531.79,M1,M1货币供应量,2020-01-01,m
201912,576009.15,M1,M1货币供应量,2019-12-01,m
201911,562486.52,M1,M1货币供应量,2019-11-01,m
201910,558143.92,M1,M1货币供应量,2019-10-01,m
201909,557137.95,M1,M1货币供应量,2019-09-01,m
201908,556798.09,M1,M1货币供应量,2019-08-01,m
201907,553043.11,M1,M1货币供应量,2019-07-01,m
201906,567696.18,M1,M1货币供应量,2019-06-01,m
201905,544355.64,M1,M1货币供应量,2019-05-01,m
201904,540614.6,M1,M1货币供应量,2019-04-01,m
201903,547575.54,M1,M1货币供应量,2019-03-01,m
201902,527190.48,M1,M1货币供应量,2019-02-01,m
201901,545638.46,M1,M1货币供应量,2019-01-01,m
201812,551685.91,M1,M1货币供应量,2018-12-01,m
201811,543498.66,M1,M1货币供应量,2018-11-01,m
201810,540128.37,M1,M1货币供应量,2018-10-01,m
201809,538574.08,M1,M1货币供应量,2018-09-01,m
201808,538324.64,M1,M1货币供应量,2018-08-01,m
201807,536624.29,M1,M1货币供应量,2018-07-01,m
201806,543944.71,M1,M1货币供应量,2018-06-01,m
201805,526276.72,M1,M1货币供应量,2018-05-01,m
201804,525447.77,M1,M1货币供应量,2018-04-01,m
201803,523540.07,M1,M1货币供应量,2018-03-01,m
201802,517035.99,M1,M1货币供应量,2018-02-01,m
201801,543247.13,M1,M1货币供应量,2018-01-01,m
201712,543790.15,M1,M1货币供应量,2017-12-01,m
201711,535565.05,M1,M1货币供应量,2017-11-01,m
201710,525977.19,M1,M1货币供应量,2017-10-01,m
201709,517863.04,M1,M1货币供应量,2017-09-01,m
201708,518113.93,M1,M1货币供应量,2017-08-01,m
201707,510484.58,M1,M1货币供应量,2017-07-01,m
201706,510228.17,M1,M1货币供应量,2017-06-01,m
201705,496389.78,M1,M1货币供应量,2017-05-01,m
201704,490180.42,M1,M1货币供应量,2017-04-01,m
201703,488770.09,M1,M1货币供应量,2017-03-01,m
201702,476527.6,M1,M1货币供应量,2017-02-01,m
201701,472526.45,M1,M1货币供应量,2017-01-01,m
201612,486557.24,M1,M1货币供应量,2016-12-01,m
201611,475405.54,M1,M1货币供应量,2016-11-01,m
201610,465446.65,M1,M1货币供应量,2016-10-01,m
201609,454340.25,M1,M1货币供应量,2016-09-01,m
201608,454543.6,M1,M1货币供应量,2016-08-01,m
201607,442934.43,M1,M1货币供应量,2016-07-01,m
201606,443643.7,M1,M1货币供应量,2016-06-01,m
201605,424250.7,M1,M1货币供应量,2016-05-01,m
201604,413504.84,M1,M1货币供应量,2016-04-01,m
201603,411581.31,M1,M1货币供应量,2016-03-01,m
201602,392504.7,M1,M1货币供应量,2016-02-01,m
201601,412685.64,M1,M1货币供应量,2016-01-01,m
201512,400953.44,M1,M1货币供应量,2015-12-01,m
201511,387618.32,M1,M1货币供应量,2015-11-01,m
201510,375806.45,M1,M1货币供应量,2015-10-01,m
201509,364416.9,M1,M1货币供应量,2015-09-01,m
201508,362793.73,M1,M1货币供应量,2015-08-01,m
201507,353122.19,M1,M1货币供应量,2015-07-01,m
201506,356082.86,M1,M1货币供应量,2015-06-01,m
201505,343085.86,M1,M1货币供应量,2015-05-01,m
201504,336388.24,M1,M1货币供应量,2015-04-01,m
201503,337210.52,M1,M1货币供应量,2015-03-01,m
201502,334439.22,M1,M1货币供应量,2015-02-01,m
201501,348109.5,M1,M1货币供应量,2015-01-01,m
201412,348056.41,M1,M1货币供应量,2014-12-01,m
201411,335114.13,M1,M1货币供应量,2014-11-01,m
201410,329617.73,M1,M1货币供应量,2014-10-01,m
201409,327220.21,M1,M1货币供应量,2014-09-01,m
201408,332023.23,M1,M1货币供应量,2014-08-01,m
201407,331347.32,M1,M1货币供应量,2014-07-01,m
201406,341487.45,M1,M1货币供应量,2014-06-01,m
201405,327839.56,M1,M1货币供应量,2014-05-01,m
201404,324482.52,M1,M1货币供应量,2014-04-01,m
201403,327683.74,M1,M1货币供应量,2014-03-01,m
201402,316625.11,M1,M1货币供应量,2014-02-01,m
201401,314900.55,M1,M1货币供应量,2014-01-01,m
201312,337291.05,M1,M1货币供应量,2013-12-01,m
201311,324821.92,M1,M1货币供应量,2013-11-01,m
201310,319509.38,M1,M1货币供应量,2013-10-01,m
201309,312330.34,M1,M1货币供应量,2013-09-01,m
201308,314085.91,M1,M1货币供应量,2013-08-01,m
201307,310596.46,M1,M1货币供应量,2013-07-01,m
201306,313499.82,M1,M1货币供应量,2013-06-01,m
201305,310204.48,M1,M1货币供应量,2013-05-01,m
201304,307648.42,M1,M1货币供应量,2013-04-01,m
201303,310898.29,M1,M1货币供应量,2013-03-01,m
201302,296103.24,M1,M1货币供应量,2013-02-01,m
201301,311228.55,M1,M1货币供应量,2013-01-01,m
201212,308664.23,M1,M1货币供应量,2012-12-01,m
201211,296883.0,M1,M1货币供应量,2012-11-01,m
201210,293309.78,M1,M1货币供应量,2012-10-01,m
201209,286788.21,M1,M1货币供应量,2012-09-01,m
201208,285739.27,M1,M1货币供应量,2012-08-01,m
201207,283090.68,M1,M1货币供应量,2012-07-01,m
201206,287526.17,M1,M1货币供应量,2012-06-01,m
201205,278656.31,M1,M1货币供应量,2012-05-01,m
201204,274983.82,M1,M1货币供应量,2012-04-01,m
201203,277998.11,M1,M1货币供应量,2012-03-01,m
201202,270312.11,M1,M1货币供应量,2012-02-01,m
201201,270010.4,M1,M1货币供应量,2012-01-01,m
201112,289847.7,M1,M1货币供应量,2011-12-01,m
201111,281416.37,M1,M1货币供应量,2011-11-01,m
201110,276552.67,M1,M1货币供应量,2011-10-01,m
201109,267193.16,M1,M1货币供应量,2011-09-01,m
201108,273393.77,M1,M1货币供应量,2011-08-01,m
201107,270545.65,M1,M1货币供应量,2011-07-01,m
201106,274662.57,M1,M1货币供应量,2011-06-01,m
201105,269289.63,M1,M1货币供应量,2011-05-01,m
201104,266766.91,M1,M1货币供应量,2011-04-01,m
201103,266255.48,M1,M1货币供应量,2011-03-01,m
201102,259200.5,M1,M1货币供应量,2011-02-01,m
201101,261765.01,M1,M1货币供应量,2011-01-01,m
201012,266621.54,M1,M1货币供应量,2010-12-01,m
201011,259420.32,M1,M1货币供应量,2010-11-01,m
201010,253313.17,M1,M1货币供应量,2010-10-01,m
201009,243821.9,M1,M1货币供应量,2010-09-01,m
201008,244340.64,M1,M1货币供应量,2010-08-01,m
201007,240664.07,M1,M1货币供应量,2010-07-01,m
201006,240580.0,M1,M1货币供应量,2010-06-01,m
201005,236497.88,M1,M1货币供应量,2010-05-01,m
201004,233909.76,M1,M1货币供应量,2010-04-01,m
201003,229397.93,M1,M1货币供应量,2010-03-01,m
201002,224286.95,M1,M1货币供应量,2010-02-01,m
201001,229588.98,M1,M1货币供应量,2010-01-01,m
200912,221445.81,M1,M1货币供应量,2009-12-01,m
200911,212493.2,M1,M1货币供应量,2009-11-01,m
200910,207545.74,M1,M1货币供应量,2009-10-01,m
200909,201708.14,M1,M1货币供应量,2009-09-01,m
200908,200394.83,M1,M1货币供应量,2009-08-01,m
200907,195889.27,M1,M1货币供应量,2009-07-01,m
200906,193138.15,M1,M1货币供应量,2009-06-01,m
200905,182025.58,M1,M1货币供应量,2009-05-01,m
200904,178213.57,M1,M1货币供应量,2009-04-01,m
200903,176541.13,M1,M1货币供应量,2009-03-01,m
200902,166149.6,M1,M1货币供应量,2009-02-01,m
200901,165214.34,M1,M1货币供应量,2009-01-01,m
200812,166217.13,M1,M1货币供应量,2008-12-01,m
200811,157826.63,M1,M1货币供应量,2008-11-01,m
200810,157194.36,M1,M1货币供应量,2008-10-01,m
200809,155748.97,M1,M1货币供应量,2008-09-01,m
200808,156889.92,M1,M1货币供应量,2008-08-01,m
200807,154992.44,M1,M1货币供应量,2008-07-01,m
200806,154820.15,M1,M1货币供应量,2008-06-01,m
200805,153344.75,M1,M1货币供应量,2008-05-01,m
200804,151694.91,M1,M1货币供应量,2008-04-01,m
200803,150867.47,M1,M1货币供应量,2008-03-01,m
200802,150177.88,M1,M1货币供应量,2008-02-01,m
200801,154872.59,M1,M1货币供应量,2008-01-01,m
200712,152519.17,M1,M1货币供应量,2007-12-01,m
200711,148009.82,M1,M1货币供应量,2007-11-01,m
200710,144649.33,M1,M1货币供应量,2007-10-01,m
200709,142591.57,M1,M1货币供应量,2007-09-01,m
200708,140993.21,M1,M1货币供应量,2007-08-01,m
200707,136237.43,M1,M1货币供应量,2007-07-01,m
200706,135847.4,M1,M1货币供应量,2007-06-01,m
200705,130275.8,M1,M1货币供应量,2007-05-01,m
200704,127678.33,M1,M1货币供应量,2007-04-01,m
200703,127881.31,M1,M1货币供应量,2007-03-01,m
200702,126258.08,M1,M1货币供应量,2007-02-01,m
200701,128484.06,M1,M1货币供应量,2007-01-01,m
200612,126028.05,M1,M1货币供应量,2006-12-01,m
200611,121644.95,M1,M1货币供应量,2006-11-01,m
200610,118359.96,M1,M1货币供应量,2006-10-01,m
200609,116814.1,M1,M1货币供应量,2006-09-01,m
200608,114845.67,M1,M1货币供应量,2006-08-01,m
200607,112653.04,M1,M1货币供应量,2006-07-01,m
200606,112342.36,M1,M1货币供应量,2006-06-01,m
200605,109219.22,M1,M1货币供应量,2006-05-01,m
200604,106389.11,M1,M1货币供应量,2006-04-01,m
200603,106737.08,M1,M1货币供应量,2006-03-01,m
200602,104357.08,M1,M1货币供应量,2006-02-01,m
200601,107250.68,M1,M1货币供应量,2006-01-01,m
200512,107278.57,M1,M1货币供应量,2005-12-01,m
200511,104125.78,M1,M1货币供应量,2005-11-01,m
200510,101751.98,M1,M1货币供应量,2005-10-01,m
200509,100964.0,M1,M1货币供应量,2005-09-01,m
200508,99377.7,M1,M1货币供应量,2005-08-01,m
200507,97674.1,M1,M1货币供应量,2005-07-01,m
200506,98601.25,M1,M1货币供应量,2005-06-01,m
200505,95802.01,M1,M1货币供应量,2005-05-01,m
200504,94593.72,M1,M1货币供应量,2005-04-01,m
200503,94743.19,M1,M1货币供应量,2005-03-01,m
200502,92814.95,M1,M1货币供应量,2005-02-01,m
200501,97079.03,M1,M1货币供应量,2005-01-01,m
200412,95970.82,M1,M1货币供应量,2004-12-01,m
200411,92387.13,M1,M1货币供应量,2004-11-01,m
200410,90782.0,M1,M1货币供应量,2004-10-01,m
200409,90439.0,M1,M1货币供应量,2004-09-01,m
200408,89125.33,M1,M1货币供应量,2004-08-01,m
200407,86780.37,M1,M1货币供应量,2004-07-01,m
200406,88627.14,M1,M1货币供应量,2004-06-01,m
200405,86780.37,M1,M1货币供应量,2004-05-01,m
200404,85603.64,M1,M1货币供应量,2004-04-01,m
200403,85815.57,M1,M1货币供应量,2004-03-01,m
200402,83556.43,M1,M1货币供应量,2004-02-01,m
200401,83805.9,M1,M1货币供应量,2004-01-01,m
200312,84118.81,M1,M1货币供应量,2003-12-01,m
200311,80815.22,M1,M1货币供应量,2003-11-01,m
200310,80267.37,M1,M1货币供应量,2003-10-01,m
200309,79164.14,M1,M1货币供应量,2003-09-01,m
200308,77033.3,M1,M1货币供应量,2003-08-01,m
200307,76153.04,M1,M1货币供应量,2003-07-01,m
200306,75923.52,M1,M1货币供应量,2003-06-01,m
200305,72778.15,M1,M1货币供应量,2003-05-01,m
200304,71321.54,M1,M1货币供应量,2003-04-01,m
200303,71439.21,M1,M1货币供应量,2003-03-01,m
200302,69757.05,M1,M1货币供应量,2003-02-01,m
200301,72406.05,M1,M1货币供应量,2003-01-01,m
200212,70882.19,M1,M1货币供应量,2002-12-01,m
200211,67993.28,M1,M1货币供应量,2002-11-01,m
200210,67100.77,M1,M1货币供应量,2002-10-01,m
200209,66800.29,M1,M1货币供应量,2002-09-01,m
200208,64869.5,M1,M1货币供应量,2002-08-01,m
200207,63488.41,M1,M1货币供应量,2002-07-01,m
200206,63144.69,M1,M1货币供应量,2002-06-01,m
200205,61247.53,M1,M1货币供应量,2002-05-01,m
200204,60462.04,M1,M1货币供应量,2002-04-01,m
200203,59475.67,M1,M1货币供应量,2002-03-01,m
200202,58703.97,M1,M1货币供应量,2002-02-01,m
200201,60577.23,M1,M1货币供应量,2002-01-01,m
200112,59871.59,M1,M1货币供应量,2001-12-01,m
200111,56579.6,M1,M1货币供应量,2001-11-01,m
200110,56114.9,M1,M1货币供应量,2001-10-01,m
200109,56824.0,M1,M1货币供应量,2001-09-01,m
200108,55808.92,M1,M1货币供应量,2001-08-01,m
200107,53502.8,M1,M1货币供应量,2001-07-01,m
200106,55187.36,M1,M1货币供应量,2001-06-01,m
200105,52542.99,M1,M1货币供应量,2001-05-01,m
200104,53261.32,M1,M1货币供应量,2001-04-01,m
200103,53033.36,M1,M1货币供应量,2001-03-01,m
200102,51997.68,M1,M1货币供应量,2001-02-01,m
200101,54406.23,M1,M1货币供应量,2001-01-01,m
200012,53147.15,M1,M1货币供应量,2000-12-01,m
200011,50787.49,M1,M1货币供应量,2000-11-01,m
200010,49952.84,M1,M1货币供应量,2000-10-01,m
200009,50616.89,M1,M1货币供应量,2000-09-01,m
200008,48885.38,M1,M1货币供应量,2000-08-01,m
200007,47803.09,M1,M1货币供应量,2000-07-01,m
200006,48024.4,M1,M1货币供应量,2000-06-01,m
200005,46490.23,M1,M1货币供应量,2000-05-01,m
200004,46319.03,M1,M1货币供应量,2000-04-01,m
200003,45158.45,M1,M1货币供应量,2000-03-01,m
200002,44679.2,M1,M1货币供应量,2000-02-01,m
200001,46570.1,M1,M1货币供应量,2000-01-01,m
199912,45837.3,M1,M1货币供应量,1999-12-01,m
199911,43370.0,M1,M1货币供应量,1999-11-01,m
199910,42265.0,M1,M1货币供应量,1999-10-01,m
199909,41914.0,M1,M1货币供应量,1999-09-01,m
199908,40095.0,M1,M1货币供应量,1999-08-01,m
199907,38991.0,M1,M1货币供应量,1999-07-01,m
199906,38822.0,M1,M1货币供应量,1999-06-01,m
199905,38004.0,M1,M1货币供应量,1999-05-01,m
199904,38053.0,M1,M1货币供应量,1999-04-01,m
199903,38054.0,M1,M1货币供应量,1999-03-01,m
199902,38749.0,M1,M1货币供应量,1999-02-01,m
199901,39011.0,M1,M1货币供应量,1999-01-01,m
199812,38953.68,M1,M1货币供应量,1998-12-01,m
199811,37414.0,M1,M1货币供应量,1998-11-01,m
199810,36786.7,M1,M1货币供应量,1998-10-01,m
199809,36501.0,M1,M1货币供应量,1998-09-01,m
199808,35050.0,M1,M1货币供应量,1998-08-01,m
199807,34356.0,M1,M1货币供应量,1998-07-01,m
199806,33776.0,M1,M1货币供应量,1998-06-01,m
199805,33553.0,M1,M1货币供应量,1998-05-01,m
199804,33360.0,M1,M1货币供应量,1998-04-01,m
199803,33110.0,M1,M1货币供应量,1998-03-01,m
199802,33395.0,M1,M1货币供应量,1998-02-01,m
199801,35585.6,M1,M1货币供应量,1998-01-01,m
199712,34826.27,M1,M1货币供应量,1997-12-01,m
199711,32909.0,M1,M1货币供应量,1997-11-01,m
199710,32422.0,M1,M1货币供应量,1997-10-01,m
199709,32245.0,M1,M1货币供应量,1997-09-01,m
199708,31594.99,M1,M1货币供应量,1997-08-01,m
199707,31100.0,M1,M1货币供应量,1997-07-01,m
199706,31074.0,M1,M1货币供应量,1997-06-01,m
199705,30275.0,M1,M1货币供应量,1997-05-01,m
199704,29991.0,M1,M1货币供应量,1997-04-01,m
199703,29058.0,M1,M1货币供应量,1997-03-01,m
199702,29103.0,M1,M1货币供应量,1997-02-01,m
199701,30573.0,M1,M1货币供应量,1997-01-01,m
199612,28515.0,M1,M1货币供应量,1996-12-01,m
199611,27422.0,M1,M1货币供应量,1996-11-01,m
199610,26798.2,M1,M1货币供应量,1996-10-01,m
199609,26230.0,M1,M1货币供应量,1996-09-01,m
199608,25729.45,M1,M1货币供应量,1996-08-01,m
199607,25078.0,M1,M1货币供应量,1996-07-01,m
199606,24600.0,M1,M1货币供应量,1996-06-01,m
199605,24463.0,M1,M1货币供应量,1996-05-01,m
199604,24145.0,M1,M1货币供应量,1996-04-01,m
199603,23909.0,M1,M1货币供应量,1996-03-01,m
199602,25255.6,M1,M1货币供应量,1996-02-01,m
199601,25195.0,M1,M1货币供应量,1996-01-01,m
199512,23987.33,M1,M1货币供应量,1995-12-01,m
199511,23428.03,M1,M1货币供应量,1995-11-01,m
199510,22886.04,M1,M1货币供应量,1995-10-01,m
199509,22500.0,M1,M1货币供应量,1995-09-01,m
199508,22354.0,M1,M1货币供应量,1995-08-01,m
199507,20425.89,M1,M1货币供应量,1995-07-01,m
199506,20050.12,M1,M1货币供应量,1995-06-01,m
199505,20050.43,M1,M1货币供应量,1995-05-01,m
199504,19994.38,M1,M1货币供应量,1995-04-01,m
199503,19835.7,M1,M1货币供应量,1995-03-01,m
199502,20018.57,M1,M1货币供应量,1995-02-01,m
199501,20856.66,M1,M1货币供应量,1995-01-01,m
199412,20540.7,M1,M1货币供应量,1994-12-01,m
199411,19690.03,M1,M1货币供应量,1994-11-01,m
199410,19519.9,M1,M1货币供应量,1994-10-01,m
199409,19009.5,M1,M1货币供应量,1994-09-01,m
199408,18268.89,M1,M1货币供应量,1994-08-01,m
199407,18120.77,M1,M1货币供应量,1994-07-01,m
199406,17676.4,M1,M1货币供应量,1994-06-01,m
199405,16987.84,M1,M1货币供应量,1994-05-01,m
199404,16850.13,M1,M1货币供应量,1994-04-01,m
199403,16437.0,M1,M1货币供应量,1994-03-01,m
199402,16350.0,M1,M1货币供应量,1994-02-01,m
199401,16332.6,M1,M1货币供应量,1994-01-01,m
199312,16280.4,M1,M1货币供应量,1993-12-01,m
199311,15248.46,M1,M1货币供应量,1993-11-01,m
199310,15042.07,M1,M1货币供应量,1993-10-01,m
199309,14422.9,M1,M1货币供应量,1993-09-01,m
199308,14577.46,M1,M1货币供应量,1993-08-01,m
199307,14608.37,M1,M1货币供应量,1993-07-01,m
199306,14701.1,M1,M1货币供应量,1993-06-01,m
199305,14329.66,M1,M1货币供应量,1993-05-01,m
199304,14255.37,M1,M1货币供应量,1993-04-01,m
199303,14032.5,M1,M1货币供应量,1993-03-01,m
199302,13809.63,M1,M1货币供应量,1993-02-01,m
199301,13586.77,M1,M1货币供应量,1993-01-01,m
199212,11731.5,M1,M1货币供应量,1992-12-01,m
199211,11452.78,M1,M1货币供应量,1992-11-01,m
199210,11034.05,M1,M1货币供应量,1992-10-01,m
199209,10556.36,M1,M1货币供应量,1992-09-01,m
199208,10520.73,M1,M1货币供应量,1992-08-01,m
199207,10157.21,M1,M1货币供应量,1992-07-01,m
199206,9666.65,M1,M1货币供应量,1992-06-01,m
199205,9459.65,M1,M1货币供应量,1992-05-01,m
199204,9194.51,M1,M1货币供应量,1992-04-01,m
199203,8872.65,M1,M1货币供应量,1992-03-01,m
199202,8810.49,M1,M1货币供应量,1992-02-01,m
199201,9231.11,M1,M1货币供应量,1992-01-01,m
199112,8633.3,M1,M1货币供应量,1991-12-01,m
199111,8549.05,M1,M1货币供应量,1991-11-01,m
199110,8243.34,M1,M1货币供应量,1991-10-01,m
199109,7972.06,M1,M1货币供应量,1991-09-01,m
199108,7669.99,M1,M1货币供应量,1991-08-01,m
199107,7462.47,M1,M1货币供应量,1991-07-01,m
199106,7280.76,M1,M1货币供应量,1991-06-01,m
199105,7280.88,M1,M1货币供应量,1991-05-01,m
199104,7164.47,M1,M1货币供应量,1991-04-01,m
199103,7069.07,M1,M1货币供应量,1991-03-01,m
199102,7159.6,M1,M1货币供应量,1991-02-01,m
199101,7250.21,M1,M1货币供应量,1991-01-01,m
199012,6950.7,M1,M1货币供应量,1990-12-01,m
199011,6669.86,M1,M1货币供应量,1990-11-01,m
199010,6433.8,M1,M1货币供应量,1990-10-01,m
199009,6327.76,M1,M1货币供应量,1990-09-01,m
199008,6073.84,M1,M1货币供应量,1990-08-01,m
199007,5920.52,M1,M1货币供应量,1990-07-01,m
199006,5805.02,M1,M1货币供应量,1990-06-01,m
199005,5782.38,M1,M1货币供应量,1990-05-01,m
199004,5746.54,M1,M1货币供应量,1990-04-01,m
199003,5655.65,M1,M1货币供应量,1990-03-01,m
199002,5661.44,M1,M1货币供应量,1990-02-01,m
199001,6028.46,M1,M1货币供应量,1990-01-01,m
198912,5830.51,M1,M1货币供应量,1989-12-01,m
198911,5632.14,M1,M1货币供应量,1989-11-01,m
198910,5406.82,M1,M1货币供应量,1989-10-01,m
198909,5300.36,M1,M1货币供应量,1989-09-01,m
198908,5293.77,M1,M1货币供应量,1989-08-01,m
198907,5262.66,M1,M1货币供应量,1989-07-01,m
198906,5268.81,M1,M1货币供应量,1989-06-01,m
198905,5323.6,M1,M1货币供应量,1989-05-01,m
198904,5311.0,M1,M1货币供应量,1989-04-01,m
198903,5252.51,M1,M1货币供应量,1989-03-01,m
198902,5335.97,M1,M1货币供应量,1989-02-01,m
198901,5607.55,M1,M1货币供应量,1989-01-01,m
198812,5490.17,M1,M1货币供应量,1988-12-01,m
198811,5284.43,M1,M1货币供应量,1988-11-01,m
198810,5264.28,M1,M1货币供应量,1988-10-01,m
198809,5344.59,M1,M1货币供应量,1988-09-01,m
198808,5349.04,M1,M1货币供应量,1988-08-01,m
198807,5132.35,M1,M1货币供应量,1988-07-01,m
198806,4944.86,M1,M1货币供应量,1988-06-01,m
198805,4827.54,M1,M1货币供应量,1988-05-01,m
198804,4664.6,M1,M1货币供应量,1988-04-01,m
198803,4510.07,M1,M1货币供应量,1988-03-01,m
198802,4573.73,M1,M1货币供应量,1988-02-01,m
198801,4632.31,M1,M1货币供应量,1988-01-01,m
198712,4481.67,M1,M1货币供应量,1987-12-01,m
198711,4396.18,M1,M1货币供应量,1987-11-01,m
198710,4279.58,M1,M1货币供应量,1987-10-01,m
198709,4148.3,M1,M1货币供应量,1987-09-01,m
198708,4013.21,M1,M1货币供应量,1987-08-01,m
198707,3907.69,M1,M1货币供应量,1987-07-01,m
198706,3825.43,M1,M1货币供应量,1987-06-01,m
198705,3776.36,M1,M1货币供应量,1987-05-01,m
198704,3726.46,M1,M1货币供应量,1987-04-01,m
198703,3725.98,M1,M1货币供应量,1987-03-01,m
198702,3748.03,M1,M1货币供应量,1987-02-01,m
198701,3955.27,M1,M1货币供应量,1987-01-01,m
198612,3856.03,M1,M1货币供应量,1986-12-01,m
198611,3554.65,M1,M1货币供应量,1986-11-01,m
198610,3361.43,M1,M1货币供应量,1986-10-01,m
198609,3219.86,M1,M1货币供应量,1986-09-01,m
198608,3127.9,M1,M1货币供应量,1986-08-01,m
198607,3057.26,M1,M1货币供应量,1986-07-01,m
198606,2990.8,M1,M1货币供应量,1986-06-01,m
198605,2922.83,M1,M1货币供应量,1986-05-01,m
198604,2880.7,M1,M1货币供应量,1986-04-01,m
198603,2854.09,M1,M1货币供应量,1986-03-01,m
198602,2882.59,M1,M1货币供应量,1986-02-01,m
198601,3009.35,M1,M1货币供应量,1986-01-01,m
198512,3011.39,M1,M1货币供应量,1985-12-01,m
198511,2838.29,M1,M1货币供应量,1985-11-01,m
198510,2736.56,M1,M1货币供应量,1985-10-01,m
198509,2719.54,M1,M1货币供应量,1985-09-01,m
198508,2689.34,M1,M1货币供应量,1985-08-01,m
198507,2679.89,M1,M1货币供应量,1985-07-01,m
198506,2639.4,M1,M1货币供应量,1985-06-01,m
198505,2715.74,M1,M1货币供应量,1985-05-01,m
198504,2760.11,M1,M1货币供应量,1985-04-01,m
198503,2822.05,M1,M1货币供应量,1985-03-01,m
198502,2870.78,M1,M1货币供应量,1985-02-01,m
198501,2925.38,M1,M1货币供应量,1985-01-01,m
198412,2845.24,M1,M1货币供应量,1984-12-01,m
198411,2592.64,M1,M1货币供应量,1984-11-01,m
198410,2441.33,M1,M1货币供应量,1984-10-01,m
198409,2324.55,M1,M1货币供应量,1984-09-01,m
198408,2247.44,M1,M1货币供应量,1984-08-01,m
198407,2174.91,M1,M1货币供应量,1984-07-01,m
198406,2103.01,M1,M1货币供应量,1984-06-01,m
198405,2080.79,M1,M1货币供应量,1984-05-01,m
198404,2073.6,M1,M1货币供应量,1984-04-01,m
198403,2065.67,M1,M1货币供应量,1984-03-01,m
198402,2072.29,M1,M1货币供应量,1984-02-01,m
198401,2169.61,M1,M1货币供应量,1984-01-01,m
198312,2165.04,M1,M1货币供应量,1983-12-01,m
198311,2252.51,M1,M1货币供应量,1983-11-01,m
198310,2138.54,M1,M1货币供应量,1983-10-01,m
198309,2082.24,M1,M1货币供应量,1983-09-01,m
198308,2033.77,M1,M1货币供应量,1983-08-01,m
198307,2019.99,M1,M1货币供应量,1983-07-01,m
198306,1975.1,M1,M1货币供应量,1983-06-01,m
198305,1957.82,M1,M1货币供应量,1983-05-01,m
198304,1968.01,M1,M1货币供应量,1983-04-01,m
198303,1925.79,M1,M1货币供应量,1983-03-01,m
198302,1925.99,M1,M1货币供应量,1983-02-01,m
198301,1984.95,M1,M1货币供应量,1983-01-01,m
198212,1885.11,M1,M1货币供应量,1982-12-01,m
198211,1766.36,M1,M1货币供应量,1982-11-01,m
198210,1693.45,M1,M1货币供应量,1982-10-01,m
198209,1642.91,M1,M1货币供应量,1982-09-01,m
198208,1610.77,M1,M1货币供应量,1982-08-01,m
198207,1587.92,M1,M1货币供应量,1982-07-01,m
198206,1567.42,M1,M1货币供应量,1982-06-01,m
198205,1555.3,M1,M1货币供应量,1982-05-01,m
198204,1552.52,M1,M1货币供应量,1982-04-01,m
198203,1569.69,M1,M1货币供应量,1982-03-01,m
198202,1578.76,M1,M1货币供应量,1982-02-01,m
198201,1638.32,M1,M1货币供应量,1982-01-01,m
198112,1636.56,M1,M1货币供应量,1981-12-01,m
198111,1580.86,M1,M1货币供应量,1981-11-01,m
198110,1250.32,M1,M1货币供应量,1981-10-01,m
198109,1393.37,M1,M1货币供应量,1981-09-01,m
198108,1356.45,M1,M1货币供应量,1981-08-01,m
198107,1320.01,M1,M1货币供应量,1981-07-01,m
198106,1297.76,M1,M1货币供应量,1981-06-01,m
198105,1268.12,M1,M1货币供应量,1981-05-01,m
198104,1267.41,M1,M1货币供应量,1981-04-01,m
198103,1289.05,M1,M1货币供应量,1981-03-01,m
198102,1309.39,M1,M1货币供应量,1981-02-01,m
198101,1370.5,M1,M1货币供应量,1981-01-01,m
198012,1315.74,M1,M1货币供应量,1980-12-01,m
198011,1206.27,M1,M1货币供应量,1980-11-01,m
198010,1133.15,M1,M1货币供应量,1980-10-01,m
198009,1081.75,M1,M1货币供应量,1980-09-01,m
198008,1043.81,M1,M1货币供应量,1980-08-01,m
198007,1012.49,M1,M1货币供应量,1980-07-01,m
198006,983.04,M1,M1货币供应量,1980-06-01,m
198005,957.2,M1,M1货币供应量,1980-05-01,m
198004,954.89,M1,M1货币供应量,1980-04-01,m
198003,963.91,M1,M1货币供应量,1980-03-01,m
198002,975.8,M1,M1货币供应量,1980-02-01,m
198001,1031.89,M1,M1货币供应量,1980-01-01,m
197912,1069.36,M1,M1货币供应量,1979-12-01,m
197911,955.66,M1,M1货币供应量,1979-11-01,m
197910,895.32,M1,M1货币供应量,1979-10-01,m
197909,871.19,M1,M1货币供应量,1979-09-01,m
197908,849.58,M1,M1货币供应量,1979-08-01,m
197907,831.28,M1,M1货币供应量,1979-07-01,m
197906,814.67,M1,M1货币供应量,1979-06-01,m
197905,809.14,M1,M1货币供应量,1979-05-01,m
197904,835.08,M1,M1货币供应量,1979-04-01,m
197903,833.24,M1,M1货币供应量,1979-03-01,m
197902,823.0,M1,M1货币供应量,1979-02-01,m
197901,851.39,M1,M1货币供应量,1979-01-01,m
197812,859.45,M1,M1货币供应量,1978-12-01,m
197811,808.27,M1,M1货币供应量,1978-11-01,m
197810,778.64,M1,M1货币供应量,1978-10-01,m
197809,763.47,M1,M1货币供应量,1978-09-01,m
197808,755.99,M1,M1货币供应量,1978-08-01,m
197807,746.43,M1,M1货币供应量,1978-07-01,m
197806,745.08,M1,M1货币供应量,1978-06-01,m
197805,757.93,M1,M1货币供应量,1978-05-01,m
197804,808.17,M1,M1货币供应量,1978-04-01,m
197803,827.83,M1,M1货币供应量,1978-03-01,m
197802,833.35,M1,M1货币供应量,1978-02-01,m
197801,870.53,M1,M1货币供应量,1978-01-01,m
202511,137369.38,M0,M0货币供应量,2025-11-01,m
202510,135478.14,M0,M0货币供应量,2025-10-01,m
202509,135813.36,M0,M0货币供应量,2025-09-01,m
202508,133402.29,M0,M0货币供应量,2025-08-01,m
202507,132800.0,M0,M0货币供应量,2025-07-01,m
202506,131827.18,M0,M0货币供应量,2025-06-01,m
202505,131300.0,M0,M0货币供应量,2025-05-01,m
202504,131387.01,M0,M0货币供应量,2025-04-01,m
202503,130691.86,M0,M0货币供应量,2025-03-01,m
202502,132756.61,M0,M0货币供应量,2025-02-01,m
202501,142254.48,M0,M0货币供应量,2025-01-01,m
202412,128194.16,M0,M0货币供应量,2024-12-01,m
202411,124180.26,M0,M0货币供应量,2024-11-01,m
202410,122447.04,M0,M0货币供应量,2024-10-01,m
202409,121830.0,M0,M0货币供应量,2024-09-01,m
202408,119500.0,M0,M0货币供应量,2024-08-01,m
202407,118840.46,M0,M0货币供应量,2024-07-01,m
202406,117736.77,M0,M0货币供应量,2024-06-01,m
202405,117062.72,M0,M0货币供应量,2024-05-01,m
202404,117300.0,M0,M0货币供应量,2024-04-01,m
202403,117210.5,M0,M0货币供应量,2024-03-01,m
202402,121009.93,M0,M0货币供应量,2024-02-01,m
202401,121398.54,M0,M0货币供应量,2024-01-01,m
202312,113444.64,M0,M0货币供应量,2023-12-01,m
202311,110225.18,M0,M0货币供应量,2023-11-01,m
202310,108565.35,M0,M0货币供应量,2023-10-01,m
202309,109253.22,M0,M0货币供应量,2023-09-01,m
202308,106515.36,M0,M0货币供应量,2023-08-01,m
202307,106129.68,M0,M0货币供应量,2023-07-01,m
202306,105419.2,M0,M0货币供应量,2023-06-01,m
202305,104756.71,M0,M0货币供应量,2023-05-01,m
202304,105904.46,M0,M0货币供应量,2023-04-01,m
202303,105591.3,M0,M0货币供应量,2023-03-01,m
202302,107602.58,M0,M0货币供应量,2023-02-01,m
202301,114601.3,M0,M0货币供应量,2023-01-01,m
202212,104706.03,M0,M0货币供应量,2022-12-01,m
202211,99740.12,M0,M0货币供应量,2022-11-01,m
202210,98416.71,M0,M0货币供应量,2022-10-01,m
202209,98672.06,M0,M0货币供应量,2022-09-01,m
202208,97231.03,M0,M0货币供应量,2022-08-01,m
202207,96509.19,M0,M0货币供应量,2022-07-01,m
202206,96011.17,M0,M0货币供应量,2022-06-01,m
202205,95546.86,M0,M0货币供应量,2022-05-01,m
202204,95626.49,M0,M0货币供应量,2022-04-01,m
202203,95141.92,M0,M0货币供应量,2022-03-01,m
202202,97227.7,M0,M0货币供应量,2022-02-01,m
202201,106188.87,M0,M0货币供应量,2022-01-01,m
202112,90825.15,M0,M0货币供应量,2021-12-01,m
202111,87433.41,M0,M0货币供应量,2021-11-01,m
202110,86085.78,M0,M0货币供应量,2021-10-01,m
202109,86867.09,M0,M0货币供应量,2021-09-01,m
202108,85059.2,M0,M0货币供应量,2021-08-01,m
202107,84717.56,M0,M0货币供应量,2021-07-01,m
202106,84346.97,M0,M0货币供应量,2021-06-01,m
202105,84177.72,M0,M0货币供应量,2021-05-01,m
202104,85803.37,M0,M0货币供应量,2021-04-01,m
202103,86543.64,M0,M0货币供应量,2021-03-01,m
202102,91924.6,M0,M0货币供应量,2021-02-01,m
202101,89625.24,M0,M0货币供应量,2021-01-01,m
202012,84314.53,M0,M0货币供应量,2020-12-01,m
202011,81593.61,M0,M0货币供应量,2020-11-01,m
202010,81036.43,M0,M0货币供应量,2020-10-01,m
202009,82370.87,M0,M0货币供应量,2020-09-01,m
202008,80042.71,M0,M0货币供应量,2020-08-01,m
202007,79867.21,M0,M0货币供应量,2020-07-01,m
202006,79459.41,M0,M0货币供应量,2020-06-01,m
202005,79706.83,M0,M0货币供应量,2020-05-01,m
202004,81485.21,M0,M0货币供应量,2020-04-01,m
202003,83022.21,M0,M0货币供应量,2020-03-01,m
202002,88187.05,M0,M0货币供应量,2020-02-01,m
202001,93249.16,M0,M0货币供应量,2020-01-01,m
201912,77189.47,M0,M0货币供应量,2019-12-01,m
201911,73973.82,M0,M0货币供应量,2019-11-01,m
201910,73395.4,M0,M0货币供应量,2019-10-01,m
201909,74129.75,M0,M0货币供应量,2019-09-01,m
201908,73152.62,M0,M0货币供应量,2019-08-01,m
201907,72689.25,M0,M0货币供应量,2019-07-01,m
201906,72580.96,M0,M0货币供应量,2019-06-01,m
201905,72798.46,M0,M0货币供应量,2019-05-01,m
201904,73965.76,M0,M0货币供应量,2019-04-01,m
201903,74941.58,M0,M0货币供应量,2019-03-01,m
201902,79484.72,M0,M0货币供应量,2019-02-01,m
201901,87470.62,M0,M0货币供应量,2019-01-01,m
201812,73208.4,M0,M0货币供应量,2018-12-01,m
201811,70563.3,M0,M0货币供应量,2018-11-01,m
201810,70106.62,M0,M0货币供应量,2018-10-01,m
201809,71254.26,M0,M0货币供应量,2018-09-01,m
201808,69775.39,M0,M0货币供应量,2018-08-01,m
201807,69530.59,M0,M0货币供应量,2018-07-01,m
201806,69589.33,M0,M0货币供应量,2018-06-01,m
201805,69774.81,M0,M0货币供应量,2018-05-01,m
201804,71476.46,M0,M0货币供应量,2018-04-01,m
201803,72692.63,M0,M0货币供应量,2018-03-01,m
201802,81424.24,M0,M0货币供应量,2018-02-01,m
201801,74636.29,M0,M0货币供应量,2018-01-01,m
201712,70645.6,M0,M0货币供应量,2017-12-01,m
201711,68623.16,M0,M0货币供应量,2017-11-01,m
201710,68230.69,M0,M0货币供应量,2017-10-01,m
201709,69748.54,M0,M0货币供应量,2017-09-01,m
201708,67550.99,M0,M0货币供应量,2017-08-01,m
201707,67129.04,M0,M0货币供应量,2017-07-01,m
201706,66977.68,M0,M0货币供应量,2017-06-01,m
201705,67333.21,M0,M0货币供应量,2017-05-01,m
201704,68392.6,M0,M0货币供应量,2017-04-01,m
201703,68605.05,M0,M0货币供应量,2017-03-01,m
201702,71727.69,M0,M0货币供应量,2017-02-01,m
201701,86598.61,M0,M0货币供应量,2017-01-01,m
201612,68303.87,M0,M0货币供应量,2016-12-01,m
201611,64903.5,M0,M0货币供应量,2016-11-01,m
201610,64214.93,M0,M0货币供应量,2016-10-01,m
201609,65068.62,M0,M0货币供应量,2016-09-01,m
201608,63454.7,M0,M0货币供应量,2016-08-01,m
201607,63276.01,M0,M0货币供应量,2016-07-01,m
201606,62818.89,M0,M0货币供应量,2016-06-01,m
201605,62780.71,M0,M0货币供应量,2016-05-01,m
201604,64403.17,M0,M0货币供应量,2016-04-01,m
201603,64651.21,M0,M0货币供应量,2016-03-01,m
201602,69421.5,M0,M0货币供应量,2016-02-01,m
201601,72526.51,M0,M0货币供应量,2016-01-01,m
201512,63216.58,M0,M0货币供应量,2015-12-01,m
201511,60328.24,M0,M0货币供应量,2015-11-01,m
201510,59900.48,M0,M0货币供应量,2015-10-01,m
201509,61022.97,M0,M0货币供应量,2015-09-01,m
201508,59061.79,M0,M0货币供应量,2015-08-01,m
201507,59010.71,M0,M0货币供应量,2015-07-01,m
201506,58604.26,M0,M0货币供应量,2015-06-01,m
201505,59075.97,M0,M0货币供应量,2015-05-01,m
201504,60772.46,M0,M0货币供应量,2015-04-01,m
201503,61949.81,M0,M0货币供应量,2015-03-01,m
201502,72896.19,M0,M0货币供应量,2015-02-01,m
201501,63040.51,M0,M0货币供应量,2015-01-01,m
201412,60259.53,M0,M0货币供应量,2014-12-01,m
201411,58438.53,M0,M0货币供应量,2014-11-01,m
201410,57691.64,M0,M0货币供应量,2014-10-01,m
201409,58844.99,M0,M0货币供应量,2014-09-01,m
201408,57997.61,M0,M0货币供应量,2014-08-01,m
201407,57346.5,M0,M0货币供应量,2014-07-01,m
201406,56951.05,M0,M0货币供应量,2014-06-01,m
201405,58051.11,M0,M0货币供应量,2014-05-01,m
201404,58615.54,M0,M0货币供应量,2014-04-01,m
201403,58329.3,M0,M0货币供应量,2014-03-01,m
201402,62320.95,M0,M0货币供应量,2014-02-01,m
201401,76488.6,M0,M0货币供应量,2014-01-01,m
201312,58574.44,M0,M0货币供应量,2013-12-01,m
201311,56441.27,M0,M0货币供应量,2013-11-01,m
201310,55595.72,M0,M0货币供应量,2013-10-01,m
201309,56492.53,M0,M0货币供应量,2013-09-01,m
201308,54925.35,M0,M0货币供应量,2013-08-01,m
201307,54412.78,M0,M0货币供应量,2013-07-01,m
201306,54063.91,M0,M0货币供应量,2013-06-01,m
201305,54431.39,M0,M0货币供应量,2013-05-01,m
201304,55607.15,M0,M0货币供应量,2013-04-01,m
201303,55460.52,M0,M0货币供应量,2013-03-01,m
201302,60313.65,M0,M0货币供应量,2013-02-01,m
201301,62449.63,M0,M0货币供应量,2013-01-01,m
201212,54659.77,M0,M0货币供应量,2012-12-01,m
201211,52392.12,M0,M0货币供应量,2012-11-01,m
201210,51467.71,M0,M0货币供应量,2012-10-01,m
201209,53433.49,M0,M0货币供应量,2012-09-01,m
201208,50235.06,M0,M0货币供应量,2012-08-01,m
201207,49705.85,M0,M0货币供应量,2012-07-01,m
201206,49284.64,M0,M0货币供应量,2012-06-01,m
201205,49039.72,M0,M0货币供应量,2012-05-01,m
201204,50199.32,M0,M0货币供应量,2012-04-01,m
201203,49595.74,M0,M0货币供应量,2012-03-01,m
201202,51448.78,M0,M0货币供应量,2012-02-01,m
201201,59820.72,M0,M0货币供应量,2012-01-01,m
201112,50748.46,M0,M0货币供应量,2011-12-01,m
201111,47317.26,M0,M0货币供应量,2011-11-01,m
201110,46579.39,M0,M0货币供应量,2011-10-01,m
201109,47145.29,M0,M0货币供应量,2011-09-01,m
201108,45775.29,M0,M0货币供应量,2011-08-01,m
201107,45183.1,M0,M0货币供应量,2011-07-01,m
201106,44477.8,M0,M0货币供应量,2011-06-01,m
201105,44602.83,M0,M0货币供应量,2011-05-01,m
201104,45489.03,M0,M0货币供应量,2011-04-01,m
201103,44845.22,M0,M0货币供应量,2011-03-01,m
201102,47270.24,M0,M0货币供应量,2011-02-01,m
201101,58063.94,M0,M0货币供应量,2011-01-01,m
201012,44628.17,M0,M0货币供应量,2010-12-01,m
201011,42252.16,M0,M0货币供应量,2010-11-01,m
201010,41646.21,M0,M0货币供应量,2010-10-01,m
201009,41854.41,M0,M0货币供应量,2010-09-01,m
201008,39922.76,M0,M0货币供应量,2010-08-01,m
201007,39543.16,M0,M0货币供应量,2010-07-01,m
201006,38904.85,M0,M0货币供应量,2010-06-01,m
201005,38652.97,M0,M0货币供应量,2010-05-01,m
201004,39657.54,M0,M0货币供应量,2010-04-01,m
201003,39080.58,M0,M0货币供应量,2010-03-01,m
201002,42865.79,M0,M0货币供应量,2010-02-01,m
201001,40758.58,M0,M0货币供应量,2010-01-01,m
200912,38246.97,M0,M0货币供应量,2009-12-01,m
200911,36343.86,M0,M0货币供应量,2009-11-01,m
200910,35730.23,M0,M0货币供应量,2009-10-01,m
200909,36787.89,M0,M0货币供应量,2009-09-01,m
200908,34406.62,M0,M0货币供应量,2009-08-01,m
200907,34239.3,M0,M0货币供应量,2009-07-01,m
200906,33640.98,M0,M0货币供应量,2009-06-01,m
200905,33559.52,M0,M0货币供应量,2009-05-01,m
200904,34257.27,M0,M0货币供应量,2009-04-01,m
200903,33746.42,M0,M0货币供应量,2009-03-01,m
200902,35141.64,M0,M0货币供应量,2009-02-01,m
200901,41082.37,M0,M0货币供应量,2009-01-01,m
200812,34218.96,M0,M0货币供应量,2008-12-01,m
200811,31607.36,M0,M0货币供应量,2008-11-01,m
200810,31317.84,M0,M0货币供应量,2008-10-01,m
200809,31724.88,M0,M0货币供应量,2008-09-01,m
200808,30851.62,M0,M0货币供应量,2008-08-01,m
200807,30687.19,M0,M0货币供应量,2008-07-01,m
200806,30181.32,M0,M0货币供应量,2008-06-01,m
200805,30169.3,M0,M0货币供应量,2008-05-01,m
200804,30789.61,M0,M0货币供应量,2008-04-01,m
200803,30433.07,M0,M0货币供应量,2008-03-01,m
200802,32454.47,M0,M0货币供应量,2008-02-01,m
200801,36673.15,M0,M0货币供应量,2008-01-01,m
200712,30334.32,M0,M0货币供应量,2007-12-01,m
200711,28987.92,M0,M0货币供应量,2007-11-01,m
200710,28317.78,M0,M0货币供应量,2007-10-01,m
200709,29030.58,M0,M0货币供应量,2007-09-01,m
200708,27822.39,M0,M0货币供应量,2007-08-01,m
200707,27326.26,M0,M0货币供应量,2007-07-01,m
200706,26881.09,M0,M0货币供应量,2007-06-01,m
200705,26727.97,M0,M0货币供应量,2007-05-01,m
200704,27813.88,M0,M0货币供应量,2007-04-01,m
200703,27387.95,M0,M0货币供应量,2007-03-01,m
200702,30627.93,M0,M0货币供应量,2007-02-01,m
200701,27949.13,M0,M0货币供应量,2007-01-01,m
200612,27072.62,M0,M0货币供应量,2006-12-01,m
200611,25527.25,M0,M0货币供应量,2006-11-01,m
200610,24964.16,M0,M0货币供应量,2006-10-01,m
200609,25687.38,M0,M0货币供应量,2006-09-01,m
200608,24185.36,M0,M0货币供应量,2006-08-01,m
200607,23752.59,M0,M0货币供应量,2006-07-01,m
200606,23469.08,M0,M0货币供应量,2006-06-01,m
200605,23465.32,M0,M0货币供应量,2006-05-01,m
200604,24155.73,M0,M0货币供应量,2006-04-01,m
200603,23472.03,M0,M0货币供应量,2006-03-01,m
200602,24482.02,M0,M0货币供应量,2006-02-01,m
200601,29310.37,M0,M0货币供应量,2006-01-01,m
200512,24031.67,M0,M0货币供应量,2005-12-01,m
200511,22409.39,M0,M0货币供应量,2005-11-01,m
200510,21982.98,M0,M0货币供应量,2005-10-01,m
200509,22272.92,M0,M0货币供应量,2005-09-01,m
200508,21351.56,M0,M0货币供应量,2005-08-01,m
200507,21171.2,M0,M0货币供应量,2005-07-01,m
200506,20848.76,M0,M0货币供应量,2005-06-01,m
200505,20811.59,M0,M0货币供应量,2005-05-01,m
200504,21666.56,M0,M0货币供应量,2005-04-01,m
200503,21238.95,M0,M0货币供应量,2005-03-01,m
200502,22667.97,M0,M0货币供应量,2005-02-01,m
200501,24015.41,M0,M0货币供应量,2005-01-01,m
200412,21468.3,M0,M0货币供应量,2004-12-01,m
200411,20209.25,M0,M0货币供应量,2004-11-01,m
200410,20078.0,M0,M0货币供应量,2004-10-01,m
200409,20524.0,M0,M0货币供应量,2004-09-01,m
200408,19517.94,M0,M0货币供应量,2004-08-01,m
200407,19048.43,M0,M0货币供应量,2004-07-01,m
200406,19017.58,M0,M0货币供应量,2004-06-01,m
200405,19048.43,M0,M0货币供应量,2004-05-01,m
200404,19878.4,M0,M0货币供应量,2004-04-01,m
200403,19297.43,M0,M0货币供应量,2004-03-01,m
200402,19893.44,M0,M0货币供应量,2004-02-01,m
200401,22287.43,M0,M0货币供应量,2004-01-01,m
200312,19746.23,M0,M0货币供应量,2003-12-01,m
200311,18439.85,M0,M0货币供应量,2003-11-01,m
200310,18250.94,M0,M0货币供应量,2003-10-01,m
200309,18306.62,M0,M0货币供应量,2003-09-01,m
200308,17607.08,M0,M0货币供应量,2003-08-01,m
200307,17362.4,M0,M0货币供应量,2003-07-01,m
200306,16957.18,M0,M0货币供应量,2003-06-01,m
200305,17115.34,M0,M0货币供应量,2003-05-01,m
200304,17441.44,M0,M0货币供应量,2003-04-01,m
200303,17106.89,M0,M0货币供应量,2003-03-01,m
200302,17937.58,M0,M0货币供应量,2003-02-01,m
200301,21245.12,M0,M0货币供应量,2003-01-01,m
200212,17278.43,M0,M0货币供应量,2002-12-01,m
200211,16346.89,M0,M0货币供应量,2002-11-01,m
200210,16015.18,M0,M0货币供应量,2002-10-01,m
200209,16234.11,M0,M0货币供应量,2002-09-01,m
200208,15713.28,M0,M0货币供应量,2002-08-01,m
200207,15358.29,M0,M0货币供应量,2002-07-01,m
200206,15098.04,M0,M0货币供应量,2002-06-01,m
200205,15243.74,M0,M0货币供应量,2002-05-01,m
200204,15864.91,M0,M0货币供应量,2002-04-01,m
200203,15545.47,M0,M0货币供应量,2002-03-01,m
200202,16642.65,M0,M0货币供应量,2002-02-01,m
200201,16727.06,M0,M0货币供应量,2002-01-01,m
200112,15688.8,M0,M0货币供应量,2001-12-01,m
200111,14780.0,M0,M0货币供应量,2001-11-01,m
200110,14484.61,M0,M0货币供应量,2001-10-01,m
200109,15064.6,M0,M0货币供应量,2001-09-01,m
200108,14370.13,M0,M0货币供应量,2001-08-01,m
200107,14071.62,M0,M0货币供应量,2001-07-01,m
200106,13943.44,M0,M0货币供应量,2001-06-01,m
200105,13942.28,M0,M0货币供应量,2001-05-01,m
200104,14622.99,M0,M0货币供应量,2001-04-01,m
200103,14362.12,M0,M0货币供应量,2001-03-01,m
200102,14910.39,M0,M0货币供应量,2001-02-01,m
200101,17018.98,M0,M0货币供应量,2001-01-01,m
200012,14652.65,M0,M0货币供应量,2000-12-01,m
200011,13877.7,M0,M0货币供应量,2000-11-01,m
200010,13589.45,M0,M0货币供应量,2000-10-01,m
200009,13894.69,M0,M0货币供应量,2000-09-01,m
200008,13378.68,M0,M0货币供应量,2000-08-01,m
200007,13156.47,M0,M0货币供应量,2000-07-01,m
200006,13006.04,M0,M0货币供应量,2000-06-01,m
200005,13075.45,M0,M0货币供应量,2000-05-01,m
200004,13675.5,M0,M0货币供应量,2000-04-01,m
200003,13235.4,M0,M0货币供应量,2000-03-01,m
200002,13983.0,M0,M0货币供应量,2000-02-01,m
200001,16093.9,M0,M0货币供应量,2000-01-01,m
199912,13455.5,M0,M0货币供应量,1999-12-01,m
199911,12483.0,M0,M0货币供应量,1999-11-01,m
199910,12154.0,M0,M0货币供应量,1999-10-01,m
199909,12255.0,M0,M0货币供应量,1999-09-01,m
199908,11395.0,M0,M0货币供应量,1999-08-01,m
199907,11199.0,M0,M0货币供应量,1999-07-01,m
199906,10881.0,M0,M0货币供应量,1999-06-01,m
199905,10889.0,M0,M0货币供应量,1999-05-01,m
199904,11225.0,M0,M0货币供应量,1999-04-01,m
199903,11342.0,M0,M0货币供应量,1999-03-01,m
199902,12784.0,M0,M0货币供应量,1999-02-01,m
199901,11997.0,M0,M0货币供应量,1999-01-01,m
199812,11204.0,M0,M0货币供应量,1998-12-01,m
199811,10671.0,M0,M0货币供应量,1998-11-01,m
199810,10501.3,M0,M0货币供应量,1998-10-01,m
199809,10528.0,M0,M0货币供应量,1998-09-01,m
199808,10129.07,M0,M0货币供应量,1998-08-01,m
199807,10037.4,M0,M0货币供应量,1998-07-01,m
199806,9720.44,M0,M0货币供应量,1998-06-01,m
199805,9984.4,M0,M0货币供应量,1998-05-01,m
199804,10173.0,M0,M0货币供应量,1998-04-01,m
199803,10201.04,M0,M0货币供应量,1998-03-01,m
199802,10886.06,M0,M0货币供应量,1998-02-01,m
199801,13108.4,M0,M0货币供应量,1998-01-01,m
199712,10177.6,M0,M0货币供应量,1997-12-01,m
199711,9784.58,M0,M0货币供应量,1997-11-01,m
199710,9489.0,M0,M0货币供应量,1997-10-01,m
199709,9426.0,M0,M0货币供应量,1997-09-01,m
199708,9327.0,M0,M0货币供应量,1997-08-01,m
199707,9127.0,M0,M0货币供应量,1997-07-01,m
199706,9122.0,M0,M0货币供应量,1997-06-01,m
199705,9066.0,M0,M0货币供应量,1997-05-01,m
199704,9277.0,M0,M0货币供应量,1997-04-01,m
199703,9282.0,M0,M0货币供应量,1997-03-01,m
199702,10080.0,M0,M0货币供应量,1997-02-01,m
199701,11493.0,M0,M0货币供应量,1997-01-01,m
199612,8802.01,M0,M0货币供应量,1996-12-01,m
199611,8705.0,M0,M0货币供应量,1996-11-01,m
199610,8405.0,M0,M0货币供应量,1996-10-01,m
199609,8409.0,M0,M0货币供应量,1996-09-01,m
199608,8093.35,M0,M0货币供应量,1996-08-01,m
199607,7809.31,M0,M0货币供应量,1996-07-01,m
199606,7666.0,M0,M0货币供应量,1996-06-01,m
199605,7706.0,M0,M0货币供应量,1996-05-01,m
199604,7894.94,M0,M0货币供应量,1996-04-01,m
199603,8169.0,M0,M0货币供应量,1996-03-01,m
199602,9301.0,M0,M0货币供应量,1996-02-01,m
199601,8600.0,M0,M0货币供应量,1996-01-01,m
199512,7885.0,M0,M0货币供应量,1995-12-01,m
199511,7733.0,M0,M0货币供应量,1995-11-01,m
199510,7420.06,M0,M0货币供应量,1995-10-01,m
199509,7369.0,M0,M0货币供应量,1995-09-01,m
199508,7242.0,M0,M0货币供应量,1995-08-01,m
199507,7093.0,M0,M0货币供应量,1995-07-01,m
199506,7004.0,M0,M0货币供应量,1995-06-01,m
199505,7046.0,M0,M0货币供应量,1995-05-01,m
199504,7268.0,M0,M0货币供应量,1995-04-01,m
199503,7271.0,M0,M0货币供应量,1995-03-01,m
199502,7765.0,M0,M0货币供应量,1995-02-01,m
199501,9141.0,M0,M0货币供应量,1995-01-01,m
199412,7288.6,M0,M0货币供应量,1994-12-01,m
199411,6802.1,M0,M0货币供应量,1994-11-01,m
199410,6704.8,M0,M0货币供应量,1994-10-01,m
199409,6412.9,M0,M0货币供应量,1994-09-01,m
199408,6062.12,M0,M0货币供应量,1994-08-01,m
199407,5991.97,M0,M0货币供应量,1994-07-01,m
199406,5781.5,M0,M0货币供应量,1994-06-01,m
199405,5811.0,M0,M0货币供应量,1994-05-01,m
199404,5816.9,M0,M0货币供应量,1994-04-01,m
199403,5834.6,M0,M0货币供应量,1994-03-01,m
199402,5851.32,M0,M0货币供应量,1994-02-01,m
199401,5854.67,M0,M0货币供应量,1994-01-01,m
199312,5864.7,M0,M0货币供应量,1993-12-01,m
199311,5425.87,M0,M0货币供应量,1993-11-01,m
199310,5338.1,M0,M0货币供应量,1993-10-01,m
199309,5074.8,M0,M0货币供应量,1993-09-01,m
199308,4957.47,M0,M0货币供应量,1993-08-01,m
199307,4934.0,M0,M0货币供应量,1993-07-01,m
199306,4863.6,M0,M0货币供应量,1993-06-01,m
199305,4693.77,M0,M0货币供应量,1993-05-01,m
199304,4659.8,M0,M0货币供应量,1993-04-01,m
199303,4557.9,M0,M0货币供应量,1993-03-01,m
199302,4456.0,M0,M0货币供应量,1993-02-01,m
199301,4354.1,M0,M0货币供应量,1993-01-01,m
199212,4336.0,M0,M0货币供应量,1992-12-01,m
199211,3989.1,M0,M0货币供应量,1992-11-01,m
199210,3732.59,M0,M0货币供应量,1992-10-01,m
199209,3559.38,M0,M0货币供应量,1992-09-01,m
199208,3387.53,M0,M0货币供应量,1992-08-01,m
199207,3278.63,M0,M0货币供应量,1992-07-01,m
199206,3155.92,M0,M0货币供应量,1992-06-01,m
199205,3111.18,M0,M0货币供应量,1992-05-01,m
199204,3121.2,M0,M0货币供应量,1992-04-01,m
199203,3117.18,M0,M0货币供应量,1992-03-01,m
199202,3274.89,M0,M0货币供应量,1992-02-01,m
199201,3824.24,M0,M0货币供应量,1992-01-01,m
199112,3177.8,M0,M0货币供应量,1991-12-01,m
199111,3002.58,M0,M0货币供应量,1991-11-01,m
199110,2879.34,M0,M0货币供应量,1991-10-01,m
199109,2730.03,M0,M0货币供应量,1991-09-01,m
199108,2632.08,M0,M0货币供应量,1991-08-01,m
199107,2581.1,M0,M0货币供应量,1991-07-01,m
199106,2517.25,M0,M0货币供应量,1991-06-01,m
199105,2486.85,M0,M0货币供应量,1991-05-01,m
199104,2526.81,M0,M0货币供应量,1991-04-01,m
199103,2585.61,M0,M0货币供应量,1991-03-01,m
199102,2815.36,M0,M0货币供应量,1991-02-01,m
199101,2836.7,M0,M0货币供应量,1991-01-01,m
199012,2644.4,M0,M0货币供应量,1990-12-01,m
199011,2490.03,M0,M0货币供应量,1990-11-01,m
199010,2383.23,M0,M0货币供应量,1990-10-01,m
199009,2300.44,M0,M0货币供应量,1990-09-01,m
199008,2178.77,M0,M0货币供应量,1990-08-01,m
199007,2132.06,M0,M0货币供应量,1990-07-01,m
199006,2096.2,M0,M0货币供应量,1990-06-01,m
199005,2090.05,M0,M0货币供应量,1990-05-01,m
199004,2129.69,M0,M0货币供应量,1990-04-01,m
199003,2154.64,M0,M0货币供应量,1990-03-01,m
199002,2287.2,M0,M0货币供应量,1990-02-01,m
199001,2624.6,M0,M0货币供应量,1990-01-01,m
198912,2344.02,M0,M0货币供应量,1989-12-01,m
198911,2201.06,M0,M0货币供应量,1989-11-01,m
198910,2118.14,M0,M0货币供应量,1989-10-01,m
198909,2082.42,M0,M0货币供应量,1989-09-01,m
198908,2080.28,M0,M0货币供应量,1989-08-01,m
198907,2089.25,M0,M0货币供应量,1989-07-01,m
198906,2081.09,M0,M0货币供应量,1989-06-01,m
198905,2036.78,M0,M0货币供应量,1989-05-01,m
198904,2068.58,M0,M0货币供应量,1989-04-01,m
198903,2099.07,M0,M0货币供应量,1989-03-01,m
198902,2255.21,M0,M0货币供应量,1989-02-01,m
198901,2454.97,M0,M0货币供应量,1989-01-01,m
198812,2134.03,M0,M0货币供应量,1988-12-01,m
198811,2027.34,M0,M0货币供应量,1988-11-01,m
198810,1919.06,M0,M0货币供应量,1988-10-01,m
198809,1850.32,M0,M0货币供应量,1988-09-01,m
198808,1736.98,M0,M0货币供应量,1988-08-01,m
198807,1637.71,M0,M0货币供应量,1988-07-01,m
198806,1543.09,M0,M0货币供应量,1988-06-01,m
198805,1466.88,M0,M0货币供应量,1988-05-01,m
198804,1454.34,M0,M0货币供应量,1988-04-01,m
198803,1442.48,M0,M0货币供应量,1988-03-01,m
198802,1552.02,M0,M0货币供应量,1988-02-01,m
198801,1552.82,M0,M0货币供应量,1988-01-01,m
198712,1454.59,M0,M0货币供应量,1987-12-01,m
198711,1372.56,M0,M0货币供应量,1987-11-01,m
198710,1323.7,M0,M0货币供应量,1987-10-01,m
198709,1269.92,M0,M0货币供应量,1987-09-01,m
198708,1198.86,M0,M0货币供应量,1987-08-01,m
198707,1174.91,M0,M0货币供应量,1987-07-01,m
198706,1135.38,M0,M0货币供应量,1987-06-01,m
198705,1123.39,M0,M0货币供应量,1987-05-01,m
198704,1134.54,M0,M0货币供应量,1987-04-01,m
198703,1142.64,M0,M0货币供应量,1987-03-01,m
198702,1199.81,M0,M0货币供应量,1987-02-01,m
198701,1367.99,M0,M0货币供应量,1987-01-01,m
198612,1218.36,M0,M0货币供应量,1986-12-01,m
198611,1108.02,M0,M0货币供应量,1986-11-01,m
198610,1037.06,M0,M0货币供应量,1986-10-01,m
198609,978.62,M0,M0货币供应量,1986-09-01,m
198608,930.46,M0,M0货币供应量,1986-08-01,m
198607,908.77,M0,M0货币供应量,1986-07-01,m
198606,888.46,M0,M0货币供应量,1986-06-01,m
198605,865.06,M0,M0货币供应量,1986-05-01,m
198604,881.55,M0,M0货币供应量,1986-04-01,m
198603,898.79,M0,M0货币供应量,1986-03-01,m
198602,960.27,M0,M0货币供应量,1986-02-01,m
198601,1050.63,M0,M0货币供应量,1986-01-01,m
198512,987.83,M0,M0货币供应量,1985-12-01,m
198511,902.35,M0,M0货币供应量,1985-11-01,m
198510,839.2,M0,M0货币供应量,1985-10-01,m
198509,827.12,M0,M0货币供应量,1985-09-01,m
198508,799.62,M0,M0货币供应量,1985-08-01,m
198507,783.74,M0,M0货币供应量,1985-07-01,m
198506,757.5,M0,M0货币供应量,1985-06-01,m
198505,737.89,M0,M0货币供应量,1985-05-01,m
198504,760.76,M0,M0货币供应量,1985-04-01,m
198503,787.59,M0,M0货币供应量,1985-03-01,m
198502,843.69,M0,M0货币供应量,1985-02-01,m
198501,839.35,M0,M0货币供应量,1985-01-01,m
198412,792.11,M0,M0货币供应量,1984-12-01,m
198411,700.71,M0,M0货币供应量,1984-11-01,m
198410,643.59,M0,M0货币供应量,1984-10-01,m
198409,587.2,M0,M0货币供应量,1984-09-01,m
198408,541.57,M0,M0货币供应量,1984-08-01,m
198407,519.27,M0,M0货币供应量,1984-07-01,m
198406,490.84,M0,M0货币供应量,1984-06-01,m
198405,481.59,M0,M0货币供应量,1984-05-01,m
198404,502.06,M0,M0货币供应量,1984-04-01,m
198403,511.19,M0,M0货币供应量,1984-03-01,m
198402,530.99,M0,M0货币供应量,1984-02-01,m
198401,618.47,M0,M0货币供应量,1984-01-01,m
198312,529.78,M0,M0货币供应量,1983-12-01,m
198311,517.64,M0,M0货币供应量,1983-11-01,m
198310,488.63,M0,M0货币供应量,1983-10-01,m
198309,467.28,M0,M0货币供应量,1983-09-01,m
198308,439.65,M0,M0货币供应量,1983-08-01,m
198307,438.16,M0,M0货币供应量,1983-07-01,m
198306,421.97,M0,M0货币供应量,1983-06-01,m
198305,415.25,M0,M0货币供应量,1983-05-01,m
198304,430.86,M0,M0货币供应量,1983-04-01,m
198303,433.27,M0,M0货币供应量,1983-03-01,m
198302,459.91,M0,M0货币供应量,1983-02-01,m
198301,482.96,M0,M0货币供应量,1983-01-01,m
198212,439.12,M0,M0货币供应量,1982-12-01,m
198211,404.1,M0,M0货币供应量,1982-11-01,m
198210,388.4,M0,M0货币供应量,1982-10-01,m
198209,377.4,M0,M0货币供应量,1982-09-01,m
198208,359.96,M0,M0货币供应量,1982-08-01,m
198207,358.21,M0,M0货币供应量,1982-07-01,m
198206,352.49,M0,M0货币供应量,1982-06-01,m
198205,349.47,M0,M0货币供应量,1982-05-01,m
198204,367.33,M0,M0货币供应量,1982-04-01,m
198203,377.87,M0,M0货币供应量,1982-03-01,m
198202,402.92,M0,M0货币供应量,1982-02-01,m
198201,443.01,M0,M0货币供应量,1982-01-01,m
198112,396.34,M0,M0货币供应量,1981-12-01,m
198111,359.85,M0,M0货币供应量,1981-11-01,m
198110,345.23,M0,M0货币供应量,1981-10-01,m
198109,333.15,M0,M0货币供应量,1981-09-01,m
198108,320.16,M0,M0货币供应量,1981-08-01,m
198107,315.46,M0,M0货币供应量,1981-07-01,m
198106,306.38,M0,M0货币供应量,1981-06-01,m
198105,306.44,M0,M0货币供应量,1981-05-01,m
198104,318.04,M0,M0货币供应量,1981-04-01,m
198103,325.62,M0,M0货币供应量,1981-03-01,m
198102,349.86,M0,M0货币供应量,1981-02-01,m
198101,415.03,M0,M0货币供应量,1981-01-01,m
198012,346.2,M0,M0货币供应量,1980-12-01,m
198011,309.0,M0,M0货币供应量,1980-11-01,m
198010,285.84,M0,M0货币供应量,1980-10-01,m
198009,274.35,M0,M0货币供应量,1980-09-01,m
198008,259.97,M0,M0货币供应量,1980-08-01,m
198007,251.71,M0,M0货币供应量,1980-07-01,m
198006,243.3,M0,M0货币供应量,1980-06-01,m
198005,243.13,M0,M0货币供应量,1980-05-01,m
198004,254.07,M0,M0货币供应量,1980-04-01,m
198003,261.49,M0,M0货币供应量,1980-03-01,m
198002,279.18,M0,M0货币供应量,1980-02-01,m
198001,300.41,M0,M0货币供应量,1980-01-01,m
197912,267.71,M0,M0货币供应量,1979-12-01,m
197911,235.13,M0,M0货币供应量,1979-11-01,m
197910,220.9,M0,M0货币供应量,1979-10-01,m
197909,225.57,M0,M0货币供应量,1979-09-01,m
197908,215.35,M0,M0货币供应量,1979-08-01,m
197907,212.96,M0,M0货币供应量,1979-07-01,m
197906,208.71,M0,M0货币供应量,1979-06-01,m
197905,209.0,M0,M0货币供应量,1979-05-01,m
197904,217.33,M0,M0货币供应量,1979-04-01,m
197903,219.02,M0,M0货币供应量,1979-03-01,m
197902,228.36,M0,M0货币供应量,1979-02-01,m
197901,257.22,M0,M0货币供应量,1979-01-01,m
197812,212.03,M0,M0货币供应量,1978-12-01,m
197811,190.54,M0,M0货币供应量,1978-11-01,m
197810,185.24,M0,M0货币供应量,1978-10-01,m
197809,188.27,M0,M0货币供应量,1978-09-01,m
197808,182.12,M0,M0货币供应量,1978-08-01,m
197807,181.02,M0,M0货币供应量,1978-07-01,m
197806,178.46,M0,M0货币供应量,1978-06-01,m
197805,182.17,M0,M0货币供应量,1978-05-01,m
197804,192.63,M0,M0货币供应量,1978-04-01,m
197803,194.86,M0,M0货币供应量,1978-03-01,m
197802,205.89,M0,M0货币供应量,1978-02-01,m
197801,229.59,M0,M0货币供应量,1978-01-01,m
