date,risk_index
2016-04-01,0.015071430188898073
2016-04-05,0.04245674104389148
2016-04-06,0.08787450952201135
2016-04-07,0.15635084293616422
2016-04-08,0.17325530700635847
2016-04-11,0.040422128688619684
2016-04-12,0.052467187399288684
2016-04-13,0.05533086568519414
2016-04-14,0.03053074722486266
2016-04-15,0.04173928458585546
2016-04-18,0.07663561181967947
2016-04-19,0.10766914496777233
2016-04-20,0.16715223760826117
2016-04-21,0.22772697903832256
2016-04-22,0.28171882368964335
2016-04-25,0.35226103099031736
2016-04-26,0.5348619083210102
2016-04-27,0.4483517409287962
2016-04-28,0.4881953397983966
2016-04-29,0.6472509946066746
2016-05-03,0.7980023637955641
2016-05-04,0.8697106288187046
2016-05-05,0.9695098866143954
2016-05-06,1.8139672533869062
2016-05-09,5.415403271264837
2016-05-10,5.291446803143532
2016-05-11,5.361597726359346
2016-05-12,5.247883277303723
2016-05-13,5.261835933808423
2016-05-16,5.36808159433497
2016-05-17,5.32459506317057
2016-05-18,5.349364011529895
2016-05-19,5.4230553912051525
2016-05-20,5.44829139780882
2016-05-23,5.44773946376284
2016-05-24,5.482125840544488
2016-05-25,5.702773027835396
2016-05-26,5.705266843736091
2016-05-27,5.705857646948803
2016-05-30,5.710491700609621
2016-05-31,6.361497276335353
2016-06-01,6.3788944867172805
2016-06-02,6.367059824249169
2016-06-03,5.877709650230727
2016-06-06,5.4896997292976035
2016-06-07,5.489624147211457
2016-06-08,6.247329009804573
2016-06-13,7.983145784047857
2016-06-14,7.952958061219389
2016-06-15,8.041526562890649
2016-06-16,11.567895993683596
2016-06-17,16.00268568396507
2016-06-20,24.190756714434364
2016-06-21,34.25987081651671
2016-06-22,35.078362095858054
2016-06-23,35.69441821811883
2016-06-24,35.27344176708917
2016-06-27,35.72287139230465
2016-06-28,34.71015775184468
2016-06-29,34.72980549715319
2016-06-30,32.327296986026745
2016-07-01,32.32160601966556
2016-07-04,32.89624504220794
2016-07-05,32.777994128562085
2016-07-06,32.81501855327007
2016-07-07,32.88667180571828
2016-07-08,33.722813789858044
2016-07-11,29.153715750035257
2016-07-12,35.578227159103115
2016-07-13,41.203347320266474
2016-07-14,40.98343410624259
2016-07-15,41.017274360189596
2016-07-18,41.16928301684389
2016-07-19,41.252837648751054
2016-07-20,41.18817390950525
2016-07-21,41.04167229032002
2016-07-22,28.90266856771706
2016-07-25,24.6752736509026
2016-07-26,21.680487728277075
2016-07-27,21.967255425967664
2016-07-28,21.98592374006224
2016-07-29,14.910217250637325
2016-08-01,17.41648899874256
2016-08-02,17.573427732440294
2016-08-03,17.661594530537084
2016-08-04,17.76886422776649
2016-08-05,17.799899458688362
2016-08-08,18.034472149453883
2016-08-09,17.141922771772034
2016-08-10,17.23850602852613
2016-08-11,17.398091803842807
2016-08-12,18.388389777806452
2016-08-15,20.037300050391256
2016-08-16,20.106204875283957
2016-08-17,20.18403591723316
2016-08-18,20.30928676980885
2016-08-19,20.355232951747116
2016-08-22,20.77870920809438
2016-08-23,20.652912668783557
2016-08-24,20.22160894089356
2016-08-25,20.389605270629396
2016-08-26,20.354827562723514
2016-08-29,18.098604693473362
2016-08-30,17.520734770578695
2016-08-31,16.39014170474904
2016-09-01,16.10236249798026
2016-09-02,12.025919188896045
2016-09-05,12.084875002656226
2016-09-06,12.18386120573568
2016-09-07,12.243152988495677
2016-09-08,5.983070181001319
2016-09-09,5.368968737744403
2016-09-12,7.925361553833504
2016-09-13,8.254282595146446
2016-09-14,10.788648903020437
2016-09-19,11.10644157663216
2016-09-20,11.207027820357474
2016-09-21,11.247006354683837
2016-09-22,11.503359176504697
2016-09-23,11.645728634716995
2016-09-26,14.618788155717915
2016-09-27,14.790562073325914
2016-09-28,14.84226373447931
2016-09-29,14.929297705874479
2016-09-30,14.937246122543874
2016-10-10,15.19716887654557
2016-10-11,15.239497835448107
2016-10-12,15.279154015203245
2016-10-13,15.227643571185457
2016-10-14,15.274486409428183
2016-10-17,15.413455785875406
2016-10-18,15.704054662256295
2016-10-19,15.214634216684509
2016-10-20,15.244187574400424
2016-10-21,15.162446972304167
2016-10-24,15.332499149016837
2016-10-25,15.342777050553547
2016-10-26,15.417916085108352
2016-10-27,15.393006582746427
2016-10-28,15.369497410270066
2016-10-31,13.266904523074723
2016-11-01,13.315129421247557
2016-11-02,11.778637808758214
2016-11-03,10.877133879312678
2016-11-04,8.419744548666685
2016-11-07,8.303138622368046
2016-11-08,8.371856537052647
2016-11-09,8.47988848463923
2016-11-10,8.695220517793656
2016-11-11,8.816981635962224
2016-11-14,5.64161280449315
2016-11-15,5.58667282822291
2016-11-16,5.531779550071789
2016-11-17,5.058479442900636
2016-11-18,4.844997217887018
2016-11-21,4.8368491148003585
2016-11-22,4.963672846285153
2016-11-23,5.01674299754477
2016-11-24,5.516368277015904
2016-11-25,6.106932993918622
2016-11-28,6.179857738123271
2016-11-29,6.283244272841464
2016-11-30,5.104901663570234
2016-12-01,5.19037429735945
2016-12-02,5.391913773518711
2016-12-05,5.7787040718996545
2016-12-06,5.860774549446539
2016-12-07,3.8279194854397667
2016-12-08,2.778941756746609
2016-12-09,2.8381272839015153
2016-12-12,4.659012086409071
2016-12-13,4.961908672054897
2016-12-14,6.689047150539899
2016-12-15,9.977954645979914
2016-12-16,9.998636862546078
2016-12-19,11.099442816252491
2016-12-20,13.254845129321918
2016-12-21,13.458572533885317
2016-12-22,15.299058830067608
2016-12-23,17.390678068441805
2016-12-26,18.212790311061283
2016-12-27,18.837984576508564
2016-12-28,19.68624904315131
2016-12-29,20.122793032360796
2016-12-30,20.22050993340962
2017-01-03,1.1487181753971291e-07
2017-01-04,4.289318150708475e-16
2017-01-05,1.4135051060882149e-13
2017-01-06,3.1238935594136447e-13
2017-01-09,4.067435126953331e-09
2017-01-10,3.972302107607968e-08
2017-01-11,4.133245737425464e-08
2017-01-12,1.0270268294915549e-05
2017-01-13,2.0172034358473843e-06
2017-01-16,9.706691267051643e-06
2017-01-17,0.005834947752496772
2017-01-18,0.4499021378459721
2017-01-19,2.3342084045965206
2017-01-20,0.0008700020254272919
2017-01-23,0.010084767622724608
2017-01-24,7.128404554312268e-05
2017-01-25,2.612086358685238e-05
2017-01-26,2.112075056558301e-05
2017-02-03,0.0014180324270232489
2017-02-06,0.02983699909059554
2017-02-07,0.021185426997900658
2017-02-08,0.06141637870679131
2017-02-09,0.0017584588176838356
2017-02-10,0.001382022449714725
2017-02-13,0.007864708244289463
2017-02-14,0.0010528597284900922
2017-02-15,1.6377309763927501
2017-02-16,0.6777578715552299
2017-02-17,0.19979227019095358
2017-02-20,0.22068940699490885
2017-02-21,0.39118141145418844
2017-02-22,0.9682267380047118
2017-02-23,0.8522642687253714
2017-02-24,0.2967459837411455
2017-02-27,4.764213557709531
2017-02-28,41.33670644356041
2017-03-01,19.654051807794104
2017-03-02,1.8459486684141224
2017-03-03,0.027168351186574208
2017-03-06,0.18327245016597313
2017-03-07,0.588110891022991
2017-03-08,3.4765872568040304
2017-03-09,14.355656905835957
2017-03-10,1.7112858254850558
2017-03-13,0.4918736492931352
2017-03-14,16.91174825616033
2017-03-15,2.090246274859699
2017-03-16,0.378360678446883
2017-03-17,0.6043238854184536
2017-03-20,0.879835998169866
2017-03-21,30.059174731705752
2017-03-22,51.6527101307625
2017-03-23,71.18002958280836
2017-03-24,62.18027906662351
2017-03-27,33.5323062502736
2017-03-28,2.362955321540704
2017-03-29,1.6476888959738434
2017-03-30,2.799078186382866
2017-03-31,28.45254639467658
2017-04-05,62.34306558858567
2017-04-06,31.90046098611746
2017-04-07,62.55318050043909
2017-04-10,98.66056938774041
2017-04-11,99.98959828973189
2017-04-12,99.99972329334359
2017-04-13,99.99975744900014
2017-04-14,99.99938324801262
2017-04-17,99.51608378441318
2017-04-18,98.7369970353058
2017-04-19,99.77134425752863
2017-04-20,96.59037291532191
2017-04-21,99.16389808903727
2017-04-24,1.1333738535162234
2017-04-25,0.983634314679907
2017-04-26,1.449944143143926
2017-04-27,0.33458504787259513
2017-04-28,1.6796169324158512
2017-05-02,1.0412356829314455
2017-05-03,1.5617282283280929
2017-05-04,0.9258787004016014
2017-05-05,1.5017112790600715
2017-05-08,0.14713272924039278
2017-05-09,0.35637758686245785
2017-05-10,0.9145434943394494
2017-05-11,2.853857673052077
2017-05-12,1.8985282357716804
2017-05-15,2.2019545033525905
2017-05-16,4.114501076990274
2017-05-17,99.96302696179511
2017-05-18,99.16559648855292
2017-05-19,40.440035161013945
2017-05-22,8.907944615256952
2017-05-23,6.242513682956248
2017-05-24,1.395444432302523
2017-05-25,1.4500601575700962
2017-05-26,1.0294369333249618
2017-05-31,4.644775541685515
2017-06-01,1.6220543319099932
2017-06-02,1.295930803372521
2017-06-05,2.9306419183598353
2017-06-06,6.5476347077634305
2017-06-07,6.14277768078841
2017-06-08,4.192411585568913
2017-06-09,11.125799127364472
2017-06-12,30.202980445496408
2017-06-13,6.732132631504315
2017-06-14,10.004608669800657
2017-06-15,15.246167844749264
2017-06-16,6.401095662821837
2017-06-19,6.3505067426722475
2017-06-20,15.08950575781694
2017-06-21,12.751284241888182
2017-06-22,7.79703051301585
2017-06-23,2.888291077136417
2017-06-26,1.6475705954342643
2017-06-27,18.290153321544665
2017-06-28,1.8922918282117076
2017-06-29,33.61993404110078
2017-06-30,23.92606453886499
2017-07-03,25.45324075359423
2017-07-04,25.412195283548794
2017-07-05,20.564974656296886
2017-07-06,82.17513002228732
2017-07-07,25.66744397907351
2017-07-10,23.187168740550618
2017-07-11,16.433153185767246
2017-07-12,4.936347675968852
2017-07-13,1.846354582616642
2017-07-14,0.6240233764211361
2017-07-17,1.760119661436542
2017-07-18,2.2926765483095557
2017-07-19,1.8783852550242741
2017-07-20,1.1368556961055998
2017-07-21,0.6743965575808727
2017-07-24,0.930994362602879
2017-07-25,1.0443123461454265
2017-07-26,1.8272077722880715
2017-07-27,6.377852945847037
2017-07-28,9.414836440080471
2017-07-31,9.16148648297906
2017-08-01,6.7284975714015465
2017-08-02,10.127923888620154
2017-08-03,14.028275637919869
2017-08-04,7.0390271870818015
2017-08-07,6.497742233938286
2017-08-08,35.3218942180964
2017-08-09,42.23668056845021
2017-08-10,99.99985739659606
2017-08-11,99.99697675204436
2017-08-14,83.88834762099613
2017-08-15,76.22758049722962
2017-08-16,66.6902501056297
2017-08-17,99.99449421358155
2017-08-18,99.58493785521229
2017-08-21,95.2232004540878
2017-08-22,51.56520777267314
2017-08-23,79.83321041431294
2017-08-24,79.41799981951038
2017-08-25,50.071668609955786
2017-08-28,51.829778051142775
2017-08-29,65.02239930943115
2017-08-30,49.27525786148457
2017-08-31,29.12559335412248
2017-09-01,17.656084619727746
2017-09-04,18.93373527037928
2017-09-05,83.33352734795427
2017-09-06,67.04518953004785
2017-09-07,64.51971165105209
2017-09-08,80.13480173891143
2017-09-11,37.61872156208262
2017-09-12,33.71440746983977
2017-09-13,31.96848181017
2017-09-14,31.096843417823315
2017-09-15,23.759886389847747
2017-09-18,24.58232731387883
2017-09-19,26.649680172156604
2017-09-20,17.433718154040513
2017-09-21,16.10441719434585
2017-09-22,14.767757290436462
2017-09-25,32.16613438972239
2017-09-26,31.927040093471813
2017-09-27,24.264877536424013
2017-09-28,17.074417110594055
2017-09-29,17.110216139103446
2017-10-09,46.74631591644427
2017-10-10,39.03321234212386
2017-10-11,32.73212760870454
2017-10-12,36.359492759671966
2017-10-13,27.719935607269054
2017-10-16,38.37325974306787
2017-10-17,53.250167161535536
2017-10-18,45.24272778425995
2017-10-19,45.68932301831666
2017-10-20,43.82403353583141
2017-10-23,80.99248352961799
2017-10-24,83.34830969991572
2017-10-25,85.09425648842965
2017-10-26,86.74912129433827
2017-10-27,39.27037681130314
2017-10-30,65.36368078645629
2017-10-31,53.88779508749304
2017-11-01,54.558551669937415
2017-11-02,43.18617464979593
2017-11-03,14.24754545502851
2017-11-06,18.328572583916134
2017-11-07,36.82046141896526
2017-11-08,30.641651175302876
2017-11-09,66.61217781486354
2017-11-10,92.85327037939518
2017-11-13,95.97432154653166
2017-11-14,96.96973662545058
2017-11-15,99.99343407814499
2017-11-16,98.04619736590693
2017-11-17,94.99397272879489
2017-11-20,74.21495324392848
2017-11-21,30.296557030238745
2017-11-22,37.940318028150685
2017-11-23,39.41959705069187
2017-11-24,30.41796092254622
2017-11-27,41.673596269120104
2017-11-28,50.302372264616416
2017-11-29,80.98315783640712
2017-11-30,95.0385213705864
2017-12-01,96.80459989110149
2017-12-04,98.53499115846364
2017-12-05,95.76308788729166
2017-12-06,90.74131340235425
2017-12-07,59.35713266281493
2017-12-08,31.297267456262357
2017-12-11,22.25762202211689
2017-12-12,49.980624890600886
2017-12-13,63.48886526069257
2017-12-14,77.45424278130994
2017-12-15,27.30975590947192
2017-12-18,32.99850854117539
2017-12-19,58.40588598272942
2017-12-20,43.25699804652142
2017-12-21,38.841232757945654
2017-12-22,53.38081610666987
2017-12-25,53.34904063337858
2017-12-26,70.48851321753564
2017-12-27,79.62502820842916
2017-12-28,68.02467537090871
2017-12-29,94.27986585022869
2018-01-02,48.30062427127965
2018-01-03,20.686229771696922
2018-01-04,24.275100566447392
2018-01-05,24.890551551736408
2018-01-08,39.0841576465301
2018-01-09,67.23334521267614
2018-01-10,54.907317937636904
2018-01-11,58.27189250416636
2018-01-12,71.68128857164399
2018-01-15,71.48598247820257
2018-01-16,99.28832758342166
2018-01-17,99.68147383935441
2018-01-18,99.89122659904245
2018-01-19,97.07483129855248
2018-01-22,94.41754842663329
2018-01-23,95.26603426640877
2018-01-24,98.24096401429578
2018-01-25,98.62605083664249
2018-01-26,94.33733400526341
2018-01-29,99.99984648455302
2018-01-30,99.99999639031374
2018-01-31,99.99537068037245
2018-02-01,99.99028633847489
2018-02-02,99.99999999920558
2018-02-05,100.0
2018-02-06,99.99999999981489
2018-02-07,99.99999774888866
2018-02-08,99.99999988518417
2018-02-09,99.9996761840309
2018-02-12,99.98131806242495
2018-02-13,99.94648321425905
2018-02-14,98.30447445254218
2018-02-22,97.21142353654756
2018-02-23,93.22037532193904
2018-02-26,91.30230282018994
2018-02-27,96.68594906423975
2018-02-28,97.86953359569743
2018-03-01,99.24822523257106
2018-03-02,97.16929526242922
2018-03-05,95.86798642769978
2018-03-06,95.1028735862004
2018-03-07,93.8329066498089
2018-03-08,90.8466396103139
2018-03-09,84.49451585852354
2018-03-12,88.44346915652547
2018-03-13,89.97298969019432
2018-03-14,92.06834142150643
2018-03-15,90.2287958378442
2018-03-16,87.48608559258967
2018-03-19,94.98384277557703
2018-03-20,93.25117416808011
2018-03-21,92.20704619030526
2018-03-22,98.73331714945213
2018-03-23,99.23995454905202
2018-03-26,96.59439845590568
2018-03-27,97.75683228396599
2018-03-28,97.84921605591138
2018-03-29,94.28815063785278
2018-03-30,94.23731282436631
2018-04-02,98.01496768136786
2018-04-03,95.39218321633047
2018-04-04,93.64964769423543
2018-04-09,95.6956281450776
2018-04-10,93.59927565423324
2018-04-11,92.99070136941711
2018-04-12,89.16878124698002
2018-04-13,86.23368598648449
2018-04-16,83.71493721083962
2018-04-17,79.35141798481862
2018-04-18,80.60716745746613
2018-04-19,81.85493280910285
2018-04-20,84.79860833511415
2018-04-23,83.04345337494472
2018-04-24,87.88637442856883
2018-04-25,87.2953322824865
2018-04-26,82.36318188501166
2018-04-27,79.34148240896783
2018-05-02,81.11320470873125
2018-05-03,80.78401370294534
2018-05-04,76.46415362245772
2018-05-07,76.32691155334761
2018-05-08,75.88052145434432
2018-05-09,69.98754949453482
2018-05-10,68.8371070841285
2018-05-11,65.91126787669333
2018-05-14,66.95081156634328
2018-05-15,74.25720566888837
2018-05-16,68.6544441017479
2018-05-17,68.50569484462434
2018-05-18,68.42672496730266
2018-05-21,66.71995410769466
2018-05-22,67.27163744729123
2018-05-23,63.39444586908309
2018-05-24,62.217943063607606
2018-05-25,65.39930474342566
2018-05-28,65.09486096893414
2018-05-29,81.28347470671133
2018-05-30,73.10683452122217
2018-05-31,75.09433841323775
2018-06-01,65.7744715285289
2018-06-04,62.00494881290419
2018-06-05,59.74003860720198
2018-06-06,54.851189303801604
2018-06-07,56.49850973971087
2018-06-08,56.228794651151006
2018-06-11,56.575696592371614
2018-06-12,56.019906432073356
2018-06-13,58.9509210726501
2018-06-14,54.221685663069984
2018-06-15,53.10298401880803
2018-06-19,60.315038232630314
2018-06-20,56.62567278136681
2018-06-21,65.40182738151796
2018-06-22,60.032702527987155
2018-06-25,76.87668916645767
2018-06-26,70.39197607609174
2018-06-27,79.0360217750971
2018-06-28,74.50618739253572
2018-06-29,70.89025770988889
2018-07-02,68.41396812926006
2018-07-03,70.55677561922036
2018-07-04,70.55835299068686
2018-07-05,64.83614942947663
2018-07-06,56.307809380254206
2018-07-09,52.404311441945325
2018-07-10,51.85799054068774
2018-07-11,56.909023885046615
2018-07-12,50.747582420874146
2018-07-13,48.48314717971493
2018-07-16,51.774235744894234
2018-07-17,47.408170542607245
2018-07-18,47.56897119622716
2018-07-19,51.683001000478946
2018-07-20,51.34593665919353
2018-07-23,49.87264972749731
2018-07-24,48.62480815726899
2018-07-25,47.85040793038946
2018-07-26,46.93308224788774
2018-07-27,51.72469082240019
2018-07-30,58.31788564405641
2018-07-31,49.98905733304076
2018-08-01,51.72714071621813
2018-08-02,46.05873852941061
2018-08-03,43.17167904662929
2018-08-06,41.22458328105096
2018-08-07,39.31691720787182
2018-08-08,38.86114475153951
2018-08-09,41.215529349974496
2018-08-10,52.060605380543834
2018-08-13,61.255926936856696
2018-08-14,52.76160775102737
2018-08-15,60.33340539322414
2018-08-16,53.41884024844661
2018-08-17,48.97958217544448
2018-08-20,48.14318544264709
2018-08-21,50.3292927426871
2018-08-22,46.745079871307915
2018-08-23,47.68065562602215
2018-08-24,45.22342124673476
2018-08-27,46.22569042382
2018-08-28,48.25680909687484
2018-08-29,46.803807170214284
2018-08-30,54.2787166776524
2018-08-31,50.20882671748067
2018-09-03,50.13650020902342
2018-09-04,51.77230177183946
2018-09-05,56.152819940867936
2018-09-06,60.30062369014332
2018-09-07,61.49967832653831
2018-09-10,57.20134299581818
2018-09-11,51.505429441332055
2018-09-12,51.01771295694662
2018-09-13,46.37369767293195
2018-09-14,44.53030170612393
2018-09-17,54.00681176037505
2018-09-18,48.6050936747584
2018-09-19,42.360488727014406
2018-09-20,42.58652012831795
2018-09-21,41.853365995641475
2018-09-25,46.102738430141315
2018-09-26,48.87922898282113
2018-09-27,45.88616556053912
2018-09-28,44.04106332596755
2018-10-08,65.11943243754509
2018-10-09,66.46977526616156
2018-10-10,93.28095037063079
2018-10-11,96.30498950474433
2018-10-12,88.63778393251943
2018-10-15,88.29970362784805
2018-10-16,73.61470874034377
2018-10-17,72.41166573179032
2018-10-18,84.21381419788118
2018-10-19,83.3155092074377
2018-10-22,82.09981039798672
2018-10-23,85.85450176187123
2018-10-24,95.79358086268599
2018-10-25,93.89798851770354
2018-10-26,93.4530201341666
2018-10-29,94.12564583305219
2018-10-30,91.18450790579821
2018-10-31,84.96808524036281
2018-11-01,77.4630482422137
2018-11-02,77.9221171497918
2018-11-05,79.49402077053907
2018-11-06,79.03834633963231
2018-11-07,61.12578652948378
2018-11-08,62.752190774002955
2018-11-09,66.01853995970195
2018-11-12,80.47128002407062
2018-11-13,78.5237960156539
2018-11-14,83.21306659570638
2018-11-15,77.76407296219668
2018-11-16,68.71039948460597
2018-11-19,77.88753388957896
2018-11-20,86.45245458253896
2018-11-21,79.76093538351049
2018-11-22,79.48145426788733
2018-11-23,81.99852881278514
2018-11-26,69.13890697549537
2018-11-27,69.45514249301112
2018-11-28,65.66735261770334
2018-11-29,66.88875744660695
2018-11-30,62.49993480605296
2018-12-03,51.78995141480195
2018-12-04,74.43454357030504
2018-12-05,74.39039598012886
2018-12-06,76.27756420019442
2018-12-07,84.29219611204483
2018-12-10,81.74857420107
2018-12-11,77.67019887912346
2018-12-12,75.82814130536659
2018-12-13,71.52040731194097
2018-12-14,76.05309975197329
2018-12-17,86.94593282109844
2018-12-18,89.6201068573768
2018-12-19,89.37534438755488
2018-12-20,94.79362083390632
2018-12-21,96.51109314505773
2018-12-24,99.42987730311418
2018-12-25,99.3739280682064
2018-12-26,95.16071872780365
2018-12-27,94.07748816607119
2018-12-28,90.67478571123651
2019-01-02,73.26594852657871
2019-01-03,81.84976289565813
2019-01-04,63.88313807130736
2019-01-07,63.076431833305236
2019-01-08,57.529679440883456
2019-01-09,54.433751019953455
2019-01-10,51.29277592074553
2019-01-11,43.954855032853395
2019-01-14,48.61634200955494
2019-01-15,45.85992833493312
2019-01-16,48.16198992533505
2019-01-17,42.51411134458799
2019-01-18,40.920132659518714
2019-01-21,40.87793795703629
2019-01-22,57.53502954192755
2019-01-23,49.96230630835151
2019-01-24,46.14285139211686
2019-01-25,37.593996023099976
2019-01-28,45.743956478685696
2019-01-29,47.113948322321555
2019-01-30,38.481408896251054
2019-01-31,32.13154242599946
2019-02-01,29.739226858093147
2019-02-11,29.674206865455698
2019-02-12,26.78354164707919
2019-02-13,28.17719613136822
2019-02-14,31.624287511660448
2019-02-15,24.447893765919986
2019-02-18,24.457293837966983
2019-02-19,24.658454463659652
2019-02-20,20.75072745036131
2019-02-21,23.213153199432128
2019-02-22,18.94501411720253
2019-02-25,22.981993627473287
2019-02-26,23.928834373769366
2019-02-27,20.31941026682248
2019-02-28,19.183553346496318
2019-03-01,11.769106919243693
2019-03-04,17.17606275287239
2019-03-05,17.884380505199367
2019-03-06,25.316653546841867
2019-03-07,32.522450700935245
2019-03-08,27.91381591257972
2019-03-11,15.631580875349528
2019-03-12,12.347243739260083
2019-03-13,11.34389556075866
2019-03-14,12.383371663289605
2019-03-15,9.337538335098733
2019-03-18,10.712130315877028
2019-03-19,13.18627244237377
2019-03-20,15.489648564483977
2019-03-21,13.773036890877854
2019-03-22,32.69375238793866
2019-03-25,31.736983100846267
2019-03-26,19.406957376210542
2019-03-27,23.25196122330712
2019-03-28,18.521038121440302
2019-03-29,14.56267009811308
2019-04-01,13.147884891275552
2019-04-02,13.176011547344746
2019-04-03,15.560994774666081
2019-04-04,15.447440011098912
2019-04-08,13.971131645032669
2019-04-09,21.80163151242416
2019-04-10,15.432299071765115
2019-04-11,14.53126175112297
2019-04-12,10.01878531242484
2019-04-15,12.042745755934197
2019-04-16,11.796512285324528
2019-04-17,14.535228600186551
2019-04-18,11.912877375743713
2019-04-19,12.00959564279971
2019-04-22,14.096151106752536
2019-04-23,13.473847495654395
2019-04-24,18.735747415245253
2019-04-25,19.820845243544944
2019-04-26,15.872085715671336
2019-04-29,18.6683398079522
2019-04-30,19.11178156361496
2019-05-06,41.58669498324817
2019-05-07,77.87055412262846
2019-05-08,78.4311492154399
2019-05-09,76.56287559557038
2019-05-10,48.329650402465454
2019-05-13,86.30912949139491
2019-05-14,67.63941877179674
2019-05-15,51.75829215317314
2019-05-16,40.58788209049473
2019-05-17,47.30407756034802
2019-05-20,50.73364362787414
2019-05-21,37.22576295652789
2019-05-22,35.53785045363115
2019-05-23,57.18285898978901
2019-05-24,46.2352535883329
2019-05-27,46.248673072115906
2019-05-28,62.6034802821261
2019-05-29,66.233692093569
2019-05-30,60.464806038129424
2019-05-31,73.2743174096866
2019-06-03,73.97031398935337
2019-06-04,56.23852881086262
2019-06-05,47.155286443475845
2019-06-06,45.56428116238893
2019-06-10,45.52093622950736
2019-06-11,46.41638379829697
2019-06-12,45.76962089787603
2019-06-13,44.79512115175861
2019-06-14,39.303861585203165
2019-06-17,39.91097756981444
2019-06-18,37.77696746402201
2019-06-19,29.93649474940462
2019-06-20,33.83122358613379
2019-06-21,40.033634515954255
2019-06-24,38.609830199953
2019-06-25,48.92799959924004
2019-06-26,48.2431987716448
2019-06-27,44.224840202171556
2019-06-28,36.8832057811906
2019-07-01,27.590695111894824
2019-07-02,19.10695251541098
2019-07-03,16.8713443806288
2019-07-04,17.121396019305934
2019-07-05,22.150493073651447
2019-07-08,27.608187378026027
2019-07-09,28.72632489769244
2019-07-10,20.346880130647055
2019-07-11,19.7399763432997
2019-07-12,16.340486817733296
2019-07-15,18.308743357490105
2019-07-16,19.413433833034794
2019-07-17,27.485423444713565
2019-07-18,24.04303842167801
2019-07-19,31.810675831675606
2019-07-22,24.0714607286599
2019-07-23,17.56216759844768
2019-07-24,14.509975124043844
2019-07-25,18.701286126790563
2019-07-26,15.158499147844317
2019-07-29,19.464559673389818
2019-07-30,27.86841515040709
2019-07-31,48.01939052224793
2019-08-01,64.76824462421466
2019-08-02,62.41103683037383
2019-08-05,97.86408460726217
2019-08-06,82.48449092704664
2019-08-07,77.48498077085559
2019-08-08,54.425042664150205
2019-08-09,64.33229107933207
2019-08-12,87.12011533877973
2019-08-13,59.47377453449746
2019-08-14,91.35517511806599
2019-08-15,86.92592884367356
2019-08-16,67.34189470455355
2019-08-19,51.88985302929445
2019-08-20,57.32940895669133
2019-08-21,40.47126715236911
2019-08-22,48.955523757524226
2019-08-23,77.7316834384411
2019-08-26,73.24578161436219
2019-08-27,80.53455910593597
2019-08-28,73.05003015994996
2019-08-29,59.511511147657856
2019-08-30,69.29063492185699
2019-09-02,69.15991225494625
2019-09-03,74.58160184660908
2019-09-04,52.34074633688741
2019-09-05,41.5711647665201
2019-09-06,29.320189872871094
2019-09-09,31.67676798613649
2019-09-10,30.891307726732148
2019-09-11,25.770010002041655
2019-09-12,22.804139063298877
2019-09-16,25.829305803219448
2019-09-17,23.905068418543863
2019-09-18,20.279061623473666
2019-09-19,21.161291301603093
2019-09-20,31.671622204882166
2019-09-23,28.360386653667536
2019-09-24,48.565910050937674
2019-09-25,37.61954927392384
2019-09-26,38.639942133802876
2019-09-27,49.90549804068548
2019-09-30,39.72410859748131
2019-10-08,77.23313374349743
2019-10-09,62.37272940187704
2019-10-10,51.36880838731012
2019-10-11,31.684018572237804
2019-10-14,23.18494952301295
2019-10-15,16.052424326315457
2019-10-16,17.216119942978803
2019-10-17,18.152633118871957
2019-10-18,21.64152652800107
2019-10-21,20.070430430476797
2019-10-22,23.840428674740515
2019-10-23,20.51813963268992
2019-10-24,18.35505608431567
2019-10-25,12.034146392872442
2019-10-28,14.835305873137623
2019-10-29,15.911358413599508
2019-10-30,11.32972736314623
2019-10-31,16.716965731316293
2019-11-01,11.558705126964758
2019-11-04,14.699611979333538
2019-11-05,16.57687347515717
2019-11-06,13.50516553457492
2019-11-07,14.278490746715262
2019-11-08,10.674853412655027
2019-11-11,14.14866904856369
2019-11-12,14.278556847176771
2019-11-13,16.83524881743385
2019-11-14,17.72413237388477
2019-11-15,11.945043560101043
2019-11-18,14.796070874430251
2019-11-19,17.715299089665564
2019-11-20,17.976989066787613
2019-11-21,21.60044037154016
2019-11-22,16.438742800184546
2019-11-25,13.994308079796319
2019-11-26,12.70825718561941
2019-11-27,14.270820479837981
2019-11-28,14.38116409750151
2019-11-29,20.98375538389941
2019-12-02,43.393485686901634
2019-12-03,54.94268613162412
2019-12-04,42.69109045800934
2019-12-05,40.28314621606587
2019-12-06,31.526829139739387
2019-12-09,56.14013944202627
2019-12-10,54.41294459247714
2019-12-11,47.03587576476283
2019-12-12,35.753044382264136
2019-12-13,23.284429778060623
2019-12-16,19.584718915461764
2019-12-17,20.932946152168768
2019-12-18,23.500180094988504
2019-12-19,22.86021317345204
2019-12-20,22.720365395302
2019-12-23,23.23295237714605
2019-12-24,22.4461469260618
2019-12-25,22.64460973237073
2019-12-26,21.847509654163343
2019-12-27,30.72313028953787
2019-12-30,51.956899601498684
2019-12-31,35.472515675212236
2020-01-02,17.501559527657644
2020-01-03,40.95722728991863
2020-01-06,38.51602568424728
2020-01-07,37.49955150826341
2020-01-08,30.535767352825705
2020-01-09,14.698432053489269
2020-01-10,13.810712962563631
2020-01-13,10.699744733110473
2020-01-14,11.942267142861967
2020-01-15,12.26568127275624
2020-01-16,11.137316417839399
2020-01-17,8.726587837282352
2020-01-20,8.811772346297847
2020-01-21,20.329117766812686
2020-01-22,21.715975465656147
2020-01-23,24.580654779524515
2020-02-03,99.85115552346767
2020-02-04,94.75235852783798
2020-02-05,83.9758322145052
2020-02-06,80.60420714049408
2020-02-07,89.01461689897545
2020-02-10,82.28644219441874
2020-02-11,85.00637889346349
2020-02-12,50.43927881517041
2020-02-13,62.246700049964545
2020-02-14,49.57516661745666
2020-02-17,49.90982825331172
2020-02-18,79.958644696693
2020-02-19,69.61165958892857
2020-02-20,91.52474246282463
2020-02-21,99.2917058095358
2020-02-24,99.9999999999454
2020-02-25,99.99999999999619
2020-02-26,99.99999999356459
2020-02-27,100.0
2020-02-28,99.99999999996936
2020-03-02,99.99994330229092
2020-03-03,99.99998084648006
2020-03-04,99.99187572291413
2020-03-05,99.99991446172137
2020-03-06,99.99984704264305
2020-03-09,99.99999893995813
2020-03-10,99.99860322710776
2020-03-11,99.99955958282149
2020-03-12,99.99999800915496
2020-03-13,99.98530528607361
2020-03-16,99.99990847270429
2020-03-17,99.99452168301352
2020-03-18,99.98173118744205
2020-03-19,99.90357465580921
2020-03-20,99.6075658577281
2020-03-23,99.07896423948372
2020-03-24,98.85878088565183
2020-03-25,98.91004458989279
2020-03-26,98.19764311959094
2020-03-27,98.63902973913358
2020-03-30,96.53743010523387
2020-03-31,94.97156864697219
2020-04-01,95.92256330646045
2020-04-02,92.96391939601082
2020-04-03,90.31639992242442
2020-04-07,89.79134864881657
2020-04-08,87.15417415630056
2020-04-09,85.60062230224361
2020-04-10,85.39700037740745
2020-04-13,84.57623951719145
2020-04-14,80.82472507880189
2020-04-15,83.2330361270726
2020-04-16,82.07271306950244
2020-04-17,79.68039264625561
2020-04-20,84.64905410339826
2020-04-21,85.41019497055412
2020-04-22,81.99458809127081
2020-04-23,81.08761277361016
2020-04-24,75.10727814874927
2020-04-27,71.86563569654227
2020-04-28,71.90945829883579
2020-04-29,68.76141611040225
2020-04-30,71.92614659423543
2020-05-06,71.22390543542748
2020-05-07,67.55157032476204
2020-05-08,62.869617460783765
2020-05-11,62.06742794410032
2020-05-12,68.76590099315382
2020-05-13,71.13900214598058
2020-05-14,67.43222774288078
2020-05-15,66.01259122872789
2020-05-18,62.51043432371274
2020-05-19,64.07862840477718
2020-05-20,60.59060942508378
2020-05-21,62.6013672298783
2020-05-22,60.71288023222004
2020-05-25,60.711233606915386
2020-05-26,60.4485412862614
2020-05-27,59.73470100423223
2020-05-28,60.57654894318202
2020-05-29,59.03674826512919
2020-06-01,60.013082489316105
2020-06-02,57.963433780346264
2020-06-03,56.048841784470724
2020-06-04,56.20553871137467
2020-06-05,54.342897458772356
2020-06-08,56.10603042779023
2020-06-09,58.49888387009102
2020-06-10,58.43694420356649
2020-06-11,75.11239083577621
2020-06-12,69.42280758825055
2020-06-15,67.19353384443603
2020-06-16,66.16093781175158
2020-06-17,65.8014827533018
2020-06-18,65.01259971008737
2020-06-19,67.6630426285332
2020-06-22,63.14008951488198
2020-06-23,62.518318278337674
2020-06-24,65.55921377388557
2020-06-29,61.798750787911
2020-06-30,58.772204895944824
2020-07-01,55.87018414849312
2020-07-02,54.4105954164706
2020-07-03,54.34216202362832
2020-07-06,54.63694139468321
2020-07-07,56.30624583909712
2020-07-08,53.9021559429122
2020-07-09,55.279229939629445
2020-07-10,52.0534197715218
2020-07-13,58.39279735889693
2020-07-14,54.37751521020768
2020-07-15,51.38310890741653
2020-07-16,51.97240075118458
2020-07-17,48.582256831328976
2020-07-20,46.78952964307783
2020-07-21,47.26846072908223
2020-07-22,46.452456030822795
2020-07-23,48.909005347994004
2020-07-24,48.59393345236437
2020-07-27,46.92438462952156
2020-07-28,47.86410762380703
2020-07-29,45.85982820785001
2020-07-30,46.76249839648758
2020-07-31,46.280039981733495
2020-08-03,45.907945145501614
2020-08-04,45.15310088119886
2020-08-05,44.00744062752674
2020-08-06,43.48374853490338
2020-08-07,42.803691698561636
2020-08-10,42.64186738679647
2020-08-11,45.38471521292516
2020-08-12,42.799686633305704
2020-08-13,42.506554127157784
2020-08-14,42.657986570256405
2020-08-17,41.739985121822336
2020-08-18,42.12712133569923
2020-08-19,43.93672417077579
2020-08-20,44.46505503945621
2020-08-21,44.14395766799921
2020-08-24,43.7500381074667
2020-08-25,43.00553066703172
2020-08-26,44.94978842986817
2020-08-27,46.98834179242275
2020-08-28,45.083606446009924
2020-08-31,50.12946175671416
2020-09-01,49.89672115432388
2020-09-02,50.5093893555147
2020-09-03,60.46680825665799
2020-09-04,56.119239358616426
2020-09-07,56.14003299289079
2020-09-08,57.08802087363021
2020-09-09,53.358415110262506
2020-09-10,54.6170292803738
2020-09-11,50.326980392589526
2020-09-14,48.84876364117948
2020-09-15,48.63352845255758
2020-09-16,49.33629802028212
2020-09-17,49.944300486345675
2020-09-18,48.95267642106888
2020-09-21,51.74385483761901
2020-09-22,50.19178235397595
2020-09-23,52.557996340195224
2020-09-24,52.34846497702813
2020-09-25,49.04710314471976
2020-09-28,48.706798070523064
2020-09-29,48.76474318663198
2020-09-30,48.86802532780891
2020-10-09,46.44461522631792
2020-10-12,46.525865502869735
2020-10-13,47.95578236236479
2020-10-14,48.38323538427225
2020-10-15,49.14766211645585
2020-10-16,49.74167799724559
2020-10-19,52.28423643321696
2020-10-20,52.3862264487158
2020-10-21,51.2224470855453
2020-10-22,50.302426834302516
2020-10-23,49.432596988410054
2020-10-26,56.81580160688665
2020-10-27,57.91379675923584
2020-10-28,67.86448427726242
2020-10-29,63.75742724327365
2020-10-30,64.07585661920024
2020-11-02,62.54136103969019
2020-11-03,59.870664808555354
2020-11-04,50.18053429916031
2020-11-05,46.53146834277182
2020-11-06,42.105966239794476
2020-11-09,43.36782863773346
2020-11-10,41.78107995975864
2020-11-11,39.58465368858611
2020-11-12,42.46628450937592
2020-11-13,38.84813790831503
2020-11-16,37.738082632884
2020-11-17,38.04413440003261
2020-11-18,39.72269285079962
2020-11-19,38.4751126473906
2020-11-20,39.30007934406649
2020-11-23,37.53578788608397
2020-11-24,35.84503889425855
2020-11-25,35.14880586371413
2020-11-26,35.13812626254815
2020-11-27,34.290423770029875
2020-11-30,33.74096504685244
2020-12-01,33.99824695848975
2020-12-02,34.56294500274329
2020-12-03,34.658633622768434
2020-12-04,33.83033346390286
2020-12-07,34.5282120937857
2020-12-08,33.49804130751573
2020-12-09,35.934565835494894
2020-12-10,36.252999303312585
2020-12-11,37.6448834647977
2020-12-14,39.86267525004969
2020-12-15,36.74283490969625
2020-12-16,36.0179966208997
2020-12-17,35.01361843291134
2020-12-18,34.34802699857505
2020-12-21,40.16799070477987
2020-12-22,38.51271375418829
2020-12-23,36.87442675128252
2020-12-24,33.87080948098075
2020-12-25,33.867938702531205
2020-12-28,34.05166159462809
2020-12-29,36.206226009222235
2020-12-30,35.60567890276316
2020-12-31,35.4808844195886
2021-01-04,42.62172142211284
2021-01-05,39.667151291262
2021-01-06,39.087638324185335
2021-01-07,34.3685218962252
2021-01-08,32.91891049123442
2021-01-11,36.86888639032696
2021-01-12,35.447820062048585
2021-01-13,33.41959553056194
2021-01-14,35.100753026294804
2021-01-15,36.90142383698536
2021-01-18,36.89969197552135
2021-01-19,34.95597533470741
2021-01-20,32.01455473369237
2021-01-21,31.48599804389487
2021-01-22,32.360737430117545
2021-01-25,34.45468524801427
2021-01-26,34.11867116314508
2021-01-27,60.20766971758336
2021-01-28,47.287625850971104
2021-01-29,52.72653987385133
2021-02-01,47.16632822640063
2021-02-02,38.217497294492645
2021-02-03,33.3341679462343
2021-02-04,31.246671530211284
2021-02-05,29.63402897460017
2021-02-08,30.248661398109398
2021-02-09,30.956171596437276
2021-02-10,31.77933298872931
2021-02-18,32.208349302283224
2021-02-19,31.52375323540725
2021-02-22,34.19523432295069
2021-02-23,33.79334329178063
2021-02-24,31.030255918486453
2021-02-25,45.19669871252876
2021-02-26,43.83381885114186
2021-03-01,35.17456562934974
2021-03-02,36.644697459648285
2021-03-03,41.6335389985273
2021-03-04,45.7214503978643
2021-03-05,38.480692032834654
2021-03-08,40.85110831742873
2021-03-09,38.55769639803743
2021-03-10,35.87824283386076
2021-03-11,34.38873410912748
2021-03-12,31.357210672273787
2021-03-15,29.869268832343643
2021-03-16,28.475233553039857
2021-03-17,26.769386768516313
2021-03-18,31.676922974475836
2021-03-19,29.283543149536573
2021-03-22,22.648804979567437
2021-03-23,25.65969223332727
2021-03-24,27.56944209592753
2021-03-25,21.148717373712955
2021-03-26,17.07881541094763
2021-03-29,20.576005107442995
2021-03-30,14.639427450783032
2021-03-31,12.188991332022741
2021-04-01,5.318572367472205
2021-04-02,4.707989975333464
2021-04-06,5.427374243513752
2021-04-07,3.215675471887517
2021-04-08,2.456490654733246
2021-04-09,1.8799679115371832
2021-04-12,1.814186233055709
2021-04-13,1.4232023817075632
2021-04-14,1.6718798357237317
2021-04-15,1.1635656921232327
2021-04-16,0.9071658019098786
2021-04-19,1.8438066080501212
2021-04-20,4.0934604550695965
2021-04-21,1.9236715047677944
2021-04-22,4.254199024166043
2021-04-23,1.6668837104807674
2021-04-26,2.1344774744551303
2021-04-27,2.162217328107437
2021-04-28,1.8968330663155917
2021-04-29,2.537836818595205
2021-04-30,5.015395434137979
2021-05-06,4.6312149445144
2021-05-07,1.4356498758065277
2021-05-10,10.483487632043031
2021-05-11,28.52988606838272
2021-05-12,90.01946905651886
2021-05-13,44.2969815858703
2021-05-14,6.176971912422886
2021-05-17,11.096112764094162
2021-05-18,24.784860129571978
2021-05-19,34.51139474346852
2021-05-20,18.550767338759055
2021-05-21,14.552582990334278
2021-05-24,5.3944770134822715
2021-05-25,7.820685206165624
2021-05-26,3.0101919666760457
2021-05-27,1.9965271545660672
2021-05-28,2.2184537404721953
2021-05-31,2.3194537692465067
2021-06-01,5.682647490109047
2021-06-02,4.625987809734678
2021-06-03,7.2491217672143335
2021-06-04,2.853066256423162
2021-06-07,3.3254802422878855
2021-06-08,5.58099767017855
2021-06-09,9.571623356095682
2021-06-10,3.1135677711233267
2021-06-11,2.2473936414599205
2021-06-15,6.260586362556343
2021-06-16,12.809367066114612
2021-06-17,10.856410752688944
2021-06-18,40.27371458093478
2021-06-21,12.383052191115768
2021-06-22,6.2757420432958355
2021-06-23,5.4408918398694315
2021-06-24,4.609528339707921
2021-06-25,3.7122426451650994
2021-06-28,4.192279788725255
2021-06-29,5.219269250100359
2021-06-30,4.786506571075892
2021-07-01,3.9488307584654896
2021-07-02,3.256376385299974
2021-07-05,3.3392993500697266
2021-07-06,8.793566556977822
2021-07-07,7.880493880942685
2021-07-08,32.545766585543156
2021-07-09,8.535521201628422
2021-07-12,9.120040107347416
2021-07-13,16.030907081000162
2021-07-14,10.749054921332574
2021-07-15,16.18927936172634
2021-07-16,31.837997143554436
2021-07-19,82.41715543310157
2021-07-20,49.50237819810676
2021-07-21,26.4791104543876
2021-07-22,24.52512362656708
2021-07-23,19.85045575491179
2021-07-26,25.565259981189612
2021-07-27,51.065724077720745
2021-07-28,37.29979675848695
2021-07-29,30.3685507153312
2021-07-30,38.0351829545982
2021-08-02,55.39693152436875
2021-08-03,36.33206614368238
2021-08-04,35.83049600963603
2021-08-05,27.583286431791414
2021-08-06,16.389460138005962
2021-08-09,22.709032149614416
2021-08-10,24.388486026705873
2021-08-11,17.538002001094117
2021-08-12,14.09493232829968
2021-08-13,13.522491562169925
2021-08-16,19.66243987679654
2021-08-17,41.30035643769349
2021-08-18,85.32429968826874
2021-08-19,86.10049068810319
2021-08-20,50.592470033620785
2021-08-23,32.34040155324993
2021-08-24,33.619221181134726
2021-08-25,28.82837534041256
2021-08-26,56.23825956329461
2021-08-27,25.155905186696526
2021-08-30,23.6083588483738
2021-08-31,27.487101632274197
2021-09-01,24.064564502123904
2021-09-02,27.923475377916283
2021-09-03,28.180315467256346
2021-09-06,28.273926616748547
2021-09-07,51.45715401178562
2021-09-08,49.44848403997993
2021-09-09,61.5306554716651
2021-09-10,85.72426481831637
2021-09-13,69.6387732661745
2021-09-14,71.05446634952101
2021-09-15,54.180187028263916
2021-09-16,61.870468564475175
2021-09-17,85.97949732630768
2021-09-22,86.83435353979145
2021-09-23,61.67260111339782
2021-09-24,49.42392592135192
2021-09-27,64.66473520237808
2021-09-28,98.11730043253546
2021-09-29,96.5319168036709
2021-09-30,97.87794844835385
2021-10-08,66.44560078064086
2021-10-11,81.81746780689944
2021-10-12,80.51229733464062
2021-10-13,65.50299336309794
2021-10-14,38.96206643901509
2021-10-15,31.409979401367472
2021-10-18,32.15302650996866
2021-10-19,24.457594834504725
2021-10-20,22.6041091119691
2021-10-21,18.02914359856037
2021-10-22,24.24883258515807
2021-10-25,22.97368396473437
2021-10-26,33.59068200036034
2021-10-27,49.99692705804737
2021-10-28,41.32716895841386
2021-10-29,36.44299887390056
2021-11-01,38.41468824863002
2021-11-02,30.367263687826934
2021-11-03,15.476605102604285
2021-11-04,20.288466391967553
2021-11-05,39.48208943153343
2021-11-08,55.695245375395274
2021-11-09,67.8120340348951
2021-11-10,84.49857577872902
2021-11-11,66.73981607713499
2021-11-12,36.67876379957982
2021-11-15,41.66540339875584
2021-11-16,39.505906560785256
2021-11-17,57.83193720035514
2021-11-18,69.37519151620084
2021-11-19,76.31173594410048
2021-11-22,93.34481652071403
2021-11-23,94.88511312317958
2021-11-24,87.3822572606598
2021-11-25,87.37228737678102
2021-11-26,99.99999999760514
2021-11-29,99.96161578440484
2021-11-30,99.99999325057553
2021-12-01,99.99999999572697
2021-12-02,99.99991372766218
2021-12-03,99.9999979582703
2021-12-06,99.99625577656019
2021-12-07,97.44727409805786
2021-12-08,88.54588444226992
2021-12-09,96.56023221928633
2021-12-10,77.40069361577996
2021-12-13,91.20317349166118
2021-12-14,97.33095704890877
2021-12-15,83.56078174965559
2021-12-16,92.5882123587869
2021-12-17,96.4417018722399
2021-12-20,98.79746478030216
2021-12-21,94.34050615749659
2021-12-22,76.71131288176994
2021-12-23,68.90875540600634
2021-12-24,68.90287625596606
2021-12-27,65.43998030153685
2021-12-28,63.67953118761035
2021-12-29,55.65421388616897
2021-12-30,61.10979205555434
2021-12-31,59.85042751752842
2022-01-04,56.10030446341641
2022-01-05,88.46576894443638
2022-01-06,87.83059341056487
2022-01-07,80.37812715806972
2022-01-10,86.33334360121611
2022-01-11,77.06349285578789
2022-01-12,67.58963241001908
2022-01-13,92.74001247918352
2022-01-14,85.493318070553
2022-01-17,85.46242431367439
2022-01-18,99.09228830395975
2022-01-19,99.66026796066903
2022-01-20,99.94239892684517
2022-01-21,99.99865581070165
2022-01-24,99.99926328484148
2022-01-25,99.99964516961099
2022-01-26,99.99981835787611
2022-01-27,99.99770920184463
2022-01-28,99.94468005881191
2022-02-07,97.10063503441924
2022-02-08,93.08405044017816
2022-02-09,85.50038499844571
2022-02-10,98.49734963752026
2022-02-11,99.8928168652804
2022-02-14,99.9412250090232
2022-02-15,99.37804073297642
2022-02-16,98.2629399848084
2022-02-17,99.8814847224146
2022-02-18,99.80671669772467
2022-02-21,99.78200014640055
2022-02-22,99.88036340174818
2022-02-23,99.97111102433115
2022-02-24,99.93495154785278
2022-02-25,99.48905187221138
2022-02-28,99.88955949018998
2022-03-01,99.98406623915297
2022-03-02,99.86088919547753
2022-03-03,99.80537139840011
2022-03-04,99.90024366692742
2022-03-07,99.99186698166314
2022-03-08,99.96474911360527
2022-03-09,99.76584973310561
2022-03-10,99.18340747180956
2022-03-11,99.26453704111185
2022-03-14,99.46930008212229
2022-03-15,98.71979966793486
2022-03-16,95.70117061310253
2022-03-17,93.94844079026555
2022-03-18,89.68159332248098
2022-03-21,88.59727006191575
2022-03-22,86.65301348584433
2022-03-23,88.58329294950754
2022-03-24,81.79417311640132
2022-03-25,77.67379497147007
2022-03-28,71.36988590096433
2022-03-29,66.85552388954844
2022-03-30,68.98623442395157
2022-03-31,75.17181529460348
2022-04-01,70.28998755638017
2022-04-06,81.81607261456791
2022-04-07,79.09435716674093
2022-04-08,76.94523873214685
2022-04-11,88.99567333989123
2022-04-12,88.31134841953671
2022-04-13,78.67749593367294
2022-04-14,81.47053441710041
2022-04-15,81.25005128008567
2022-04-18,78.67849235472289
2022-04-19,74.72667352070036
2022-04-20,69.20176976113365
2022-04-21,81.05125052996189
2022-04-22,95.849826183334
2022-04-25,94.04477636174411
2022-04-26,99.40385096434927
2022-04-27,98.53263817060545
2022-04-28,97.18025731207872
2022-04-29,99.0907355923901
2022-05-05,97.51504199301456
2022-05-06,96.39976648665149
2022-05-09,99.15112012910623
2022-05-10,98.23073558074252
2022-05-11,97.80974302209552
2022-05-12,96.99718058610965
2022-05-13,93.03357304451512
2022-05-16,90.03255324324644
2022-05-17,86.30556999612415
2022-05-18,95.6830548471144
2022-05-19,93.1470648248063
2022-05-20,92.94006293533768
2022-05-23,90.60759456985213
2022-05-24,92.04273423266847
2022-05-25,89.05962273236938
2022-05-26,86.5898701448339
2022-05-27,80.02013931516001
2022-05-30,82.5666238809013
2022-05-31,81.23579785108912
2022-06-01,79.24253737300111
2022-06-02,75.19576314317221
2022-06-06,75.80998651464887
2022-06-07,70.30614968553724
2022-06-08,69.20740213284611
2022-06-09,77.42121650724738
2022-06-10,82.73931558570735
2022-06-13,95.812112512139
2022-06-14,93.70335906202915
2022-06-15,86.88977606096512
2022-06-16,93.60864628581686
2022-06-17,89.81051774293607
2022-06-20,89.2655458456313
2022-06-21,86.9079525448888
2022-06-22,82.8991253158963
2022-06-23,83.01158964712107
2022-06-24,76.2364217481546
2022-06-27,74.77685347168813
2022-06-28,79.65236963580374
2022-06-29,78.41445071945114
2022-06-30,80.09426616114688
2022-07-01,71.40338202929692
2022-07-04,74.37994240338098
2022-07-05,73.88629143929475
2022-07-06,69.91832616455856
2022-07-07,65.64393662125124
2022-07-08,56.468068141409375
2022-07-11,63.13698719162698
2022-07-12,67.91543987605543
2022-07-13,64.7216465155435
2022-07-14,61.762387180817946
2022-07-15,50.033565491753926
2022-07-18,55.334240042245156
2022-07-19,50.42407744977974
2022-07-20,46.45096610589244
2022-07-21,42.12668175252225
2022-07-22,41.58347728968725
2022-07-25,43.377096791058165
2022-07-26,50.403024232126526
2022-07-27,42.120728390506855
2022-07-28,37.00199870964591
2022-07-29,31.857604641642656
2022-08-01,39.79788747411114
2022-08-02,46.20577964147629
2022-08-03,35.20579241426531
2022-08-04,32.34906455421778
2022-08-05,30.712298973923684
2022-08-08,31.23310630639867
2022-08-09,33.572662415961595
2022-08-10,23.28394842419515
2022-08-11,25.3176796795331
2022-08-12,22.139988916053436
2022-08-15,24.069123850299235
2022-08-16,22.92550233621905
2022-08-17,23.838449701423837
2022-08-18,22.19783349689172
2022-08-19,26.986391920155373
2022-08-22,44.62919862280839
2022-08-23,46.359284318039194
2022-08-24,38.485068903105734
2022-08-25,32.339281081007385
2022-08-26,54.57118041175508
2022-08-29,58.26939236062144
2022-08-30,57.58517730837632
2022-08-31,53.84701227595379
2022-09-01,50.81774847174899
2022-09-02,50.00261375058878
2022-09-05,52.91371871897274
2022-09-06,58.325214956802974
2022-09-07,43.644772079027646
2022-09-08,36.99632554408798
2022-09-09,31.96238637076353
2022-09-13,59.930439766985124
2022-09-14,52.45893118596593
2022-09-15,53.02401299050735
2022-09-16,53.46504419373272
2022-09-19,49.75025010279762
2022-09-20,58.64533337843816
2022-09-21,63.80742724007729
2022-09-22,59.49780983464322
2022-09-23,74.59697753263198
2022-09-26,85.0963593589124
2022-09-27,85.9182289157856
2022-09-28,74.49009541660655
2022-09-29,82.12417751298437
2022-09-30,80.79523097544364
2022-10-10,83.31937444616386
2022-10-11,87.39291757512594
2022-10-12,86.72197996166794
2022-10-13,79.60017467607301
2022-10-14,79.67543798665571
2022-10-17,76.11375370687537
2022-10-18,71.06021736299982
2022-10-19,72.1601604077108
2022-10-20,67.1604333656025
2022-10-21,65.09066297329295
2022-10-24,66.13966116209085
2022-10-25,55.68350700206588
2022-10-26,47.34073550715409
2022-10-27,47.88364666258191
2022-10-28,36.85376438933142
2022-10-31,37.64190303966409
2022-11-01,36.93555721628371
2022-11-02,36.99607697135454
2022-11-03,32.84579725828034
2022-11-04,27.712739094144233
2022-11-07,26.125774938596045
2022-11-08,33.70407625252388
2022-11-09,37.37627467543057
2022-11-10,20.17184028426134
2022-11-11,14.772364829528623
2022-11-14,20.777673406633763
2022-11-15,25.466412463278708
2022-11-16,22.418441061070517
2022-11-17,21.0422861613197
2022-11-18,16.285538491649742
2022-11-21,12.733045537916936
2022-11-22,8.698605981079538
2022-11-23,6.153037206257517
2022-11-24,6.480245258457465
2022-11-25,6.784679168965188
2022-11-28,12.382540866500658
2022-11-29,11.078950584549203
2022-11-30,6.800569063674515
2022-12-01,4.989178323641834
2022-12-02,3.636603820779966
2022-12-05,7.414992075551529
2022-12-06,12.412514838597488
2022-12-07,14.678287202169644
2022-12-08,12.677761655638086
2022-12-09,15.744991359157655
2022-12-12,29.127392739268238
2022-12-13,14.613660011254453
2022-12-14,8.940869665867545
2022-12-15,15.964311477529714
2022-12-16,14.677826062390203
2022-12-19,13.638921562654765
2022-12-20,9.730650001267517
2022-12-21,5.533555833155901
2022-12-22,11.54367860516844
2022-12-23,7.561299462549297
2022-12-26,7.413212241399254
2022-12-27,9.996553186737689
2022-12-28,11.800180460284482
2022-12-29,9.131679908813078
2022-12-30,9.981675387260875
2023-01-03,15.393686213922154
2023-01-04,11.313525735410462
2023-01-05,13.169848306612408
2023-01-06,7.964399442850089
2023-01-09,10.962032900301477
2023-01-10,6.353658085096936
2023-01-11,7.922603649952253
2023-01-12,3.066251725643708
2023-01-13,2.5937122350931006
2023-01-16,4.578544588267784
2023-01-17,4.488240537924403
2023-01-18,6.931682016997131
2023-01-19,7.627133164067468
2023-01-20,6.045373995214763
2023-01-30,6.889747933414006
2023-01-31,5.670731183311452
2023-02-01,3.1225536504029288
2023-02-02,4.54763617866188
2023-02-03,4.025731790005704
2023-02-06,6.382868081412585
2023-02-07,5.057482889043515
2023-02-08,7.387263181185541
2023-02-09,10.761185525468143
2023-02-10,10.28442378761148
2023-02-13,9.819374197531088
2023-02-14,6.073589761460092
2023-02-15,4.7967009033845205
2023-02-16,9.748570610378287
2023-02-17,9.369282828952603
2023-02-20,13.979726321427021
2023-02-21,22.262060830826076
2023-02-22,19.322902623959713
2023-02-23,14.2228023488434
2023-02-24,16.69776851932221
2023-02-27,13.646994187502253
2023-02-28,13.021660507064741
2023-03-01,12.855116140821549
2023-03-02,9.407849503983822
2023-03-03,6.873212977059998
2023-03-06,7.748521544773965
2023-03-07,11.088219976955738
2023-03-08,9.419784330363012
2023-03-09,26.903579466538595
2023-03-10,43.02847534013801
2023-03-13,56.60928497240808
2023-03-14,34.59776814255381
2023-03-15,53.75048021933409
2023-03-16,28.99120818776969
2023-03-17,48.78999951119931
2023-03-20,37.172228208988635
2023-03-21,17.37399220445418
2023-03-22,22.779513428802566
2023-03-23,25.33571265458827
2023-03-24,19.52002572203504
2023-03-27,13.279581068203134
2023-03-28,10.580617735816816
2023-03-29,7.590570697349598
2023-03-30,7.462714982870954
2023-03-31,6.884044427723531
2023-04-03,6.879587678784328
2023-04-04,8.967418545961875
2023-04-06,7.674429708680409
2023-04-07,7.818772862997972
2023-04-10,10.05878315002972
2023-04-11,10.68127945993506
2023-04-12,10.6632735260775
2023-04-13,6.591634341049368
2023-04-14,5.227029847144397
2023-04-17,5.235345074301971
2023-04-18,5.179133139596993
2023-04-19,4.676630141927506
2023-04-20,6.771218641625831
2023-04-21,6.161824103777103
2023-04-24,6.811893007311928
2023-04-25,14.218437857448428
2023-04-26,15.348390098666892
2023-04-27,8.548836049290347
2023-04-28,5.597264008212838
2023-05-04,25.40009158583205
2023-05-05,10.924652814908908
2023-05-08,10.921314344005333
2023-05-09,14.593285311798237
2023-05-10,11.458135149527054
2023-05-11,11.80332149580703
2023-05-12,12.846263071396635
2023-05-15,13.639428114457692
2023-05-16,18.379333542736436
2023-05-17,13.121141433844663
2023-05-18,10.060431490962596
2023-05-19,13.407090123405407
2023-05-22,15.80194158775975
2023-05-23,24.40084339109532
2023-05-24,36.946415378995624
2023-05-25,31.32434693479411
2023-05-26,24.078493122590732
2023-05-29,21.941954151701143
2023-05-30,22.46485627098991
2023-05-31,26.227660753254312
2023-06-01,13.140606617593592
2023-06-02,9.400535915117114
2023-06-05,10.055237588243415
2023-06-06,7.549739068281553
2023-06-07,8.012103105573138
2023-06-08,7.600906712637647
2023-06-09,8.629888364053006
2023-06-12,13.853075733389119
2023-06-13,12.494462281516483
2023-06-14,10.04554056060024
2023-06-15,13.104116941682975
2023-06-16,9.608672670746387
2023-06-19,12.776383854104257
2023-06-20,11.901725140081087
2023-06-21,9.692702969910638
2023-06-26,15.261801536054314
2023-06-27,13.081254022259836
2023-06-28,12.083642549775469
2023-06-29,12.87984785064507
2023-06-30,13.80789666384557
2023-07-03,14.35114311421949
2023-07-04,15.397671368733107
2023-07-05,18.519275497473416
2023-07-06,27.40386662532369
2023-07-07,23.642414214851055
2023-07-10,26.042623509515717
2023-07-11,25.324160646746673
2023-07-12,17.833693742515027
2023-07-13,18.823419483767196
2023-07-14,18.412589801666567
2023-07-17,20.56197678603989
2023-07-18,20.282828428593618
2023-07-19,23.936657039553467
2023-07-20,26.08391259070907
2023-07-21,23.979429601038337
2023-07-24,26.63687122967209
2023-07-25,26.899076119057476
2023-07-26,22.989371323984837
2023-07-27,32.52228913953336
2023-07-28,25.261868279061584
2023-07-31,28.01964664417239
2023-08-01,31.395504799085206
2023-08-02,50.02331733020353
2023-08-03,49.11411144537408
2023-08-04,59.110938182117266
2023-08-07,48.343008112660016
2023-08-08,50.4255086929996
2023-08-09,50.088228691497285
2023-08-10,49.615298492743214
2023-08-11,41.73233684350323
2023-08-14,42.04630225809892
2023-08-15,56.25588332998623
2023-08-16,59.17709420252988
2023-08-17,67.66150717861436
2023-08-18,63.13909390953858
2023-08-21,61.860005378728154
2023-08-22,60.71904409647847
2023-08-23,53.00112843542437
2023-08-24,63.49850628322644
2023-08-25,50.90526489582958
2023-08-28,46.26006772659024
2023-08-29,41.483684879729175
2023-08-30,37.44741461718337
2023-08-31,35.56248322135048
2023-09-01,32.604317088092095
2023-09-04,39.32680176765532
2023-09-05,41.672428760837114
2023-09-06,46.299215804820925
2023-09-07,46.66405764775121
2023-09-08,42.3202631953284
2023-09-11,42.59427061296184
2023-09-12,47.02252869371151
2023-09-13,41.227938791085386
2023-09-14,36.36563377665673
2023-09-15,45.126449768209845
2023-09-18,47.55692104870201
2023-09-19,49.46484613078405
2023-09-20,58.90296021436184
2023-09-21,78.72641438514083
2023-09-22,76.59960151829111
2023-09-25,74.68852486520652
2023-09-26,87.95022703900304
2023-09-27,84.32525479805815
2023-09-28,78.82752844378183
2023-10-09,83.03794206492465
2023-10-10,78.08523034685129
2023-10-11,69.18488515203302
2023-10-12,75.70609735005556
2023-10-13,94.03616898947962
2023-10-16,81.8258512140174
2023-10-17,87.86699784579257
2023-10-18,95.29068633587737
2023-10-19,99.41781085202177
2023-10-20,99.63067178676825
2023-10-23,98.74683205260897
2023-10-24,96.091992202129
2023-10-25,98.9285971267246
2023-10-26,99.45152152785428
2023-10-27,99.76551285732783
2023-10-30,98.72092839999867
2023-10-31,94.31820647651384
2023-11-01,85.44746150651554
2023-11-02,70.15136338274857
2023-11-03,57.85384906280909
2023-11-06,58.06976721618208
2023-11-07,56.99884954383868
2023-11-08,50.492911113731076
2023-11-09,67.2471115083968
2023-11-10,46.09156336421078
2023-11-13,58.666937621620896
2023-11-14,46.96042906792894
2023-11-15,48.22635861535848
2023-11-16,51.694255781618494
2023-11-17,41.62289612125409
2023-11-20,34.456089476585184
2023-11-21,34.023294642437996
2023-11-22,25.39099312841583
2023-11-23,25.018550032905786
2023-11-24,20.639806050906294
2023-11-27,25.810859540020388
2023-11-28,26.691700962955554
2023-11-29,33.11860941961095
2023-11-30,32.79226773143726
2023-12-01,28.29384203875251
2023-12-04,38.01960084489824
2023-12-05,35.238725035013
2023-12-06,38.584574633203594
2023-12-07,41.45511021115006
2023-12-08,28.15764292288655
2023-12-11,34.339252317536136
2023-12-12,24.852720741173183
2023-12-13,28.586637095225566
2023-12-14,35.70074131677809
2023-12-15,32.69707668035885
2023-12-18,39.69874538798582
2023-12-19,39.94757307964946
2023-12-20,65.44842950844735
2023-12-21,65.57846772561354
2023-12-22,52.845965275116036
2023-12-25,52.86884242964357
2023-12-26,52.57699527142754
2023-12-27,40.95133119310025
2023-12-28,42.97877300987392
2023-12-29,44.317659613983565
2024-01-02,61.728395371352576
2024-01-03,78.37968230735655
2024-01-04,80.15456337368731
2024-01-05,66.23791322216029
2024-01-08,61.31261656519686
2024-01-09,54.93409849374168
2024-01-10,54.209977048135094
2024-01-11,50.10144862301848
2024-01-12,56.648956158048435
2024-01-15,68.91510474413887
2024-01-16,79.96647574150853
2024-01-17,92.02553163311497
2024-01-18,85.16930997388855
2024-01-19,72.13955640176832
2024-01-22,70.68862939399227
2024-01-23,57.931603606878326
2024-01-24,70.80858610609437
2024-01-25,76.25298282084856
2024-01-26,72.34866577398141
2024-01-29,78.53354759478219
2024-01-30,73.73082565929947
2024-01-31,89.09082923681449
2024-02-01,83.54692736859826
2024-02-02,83.62351591914205
2024-02-05,80.99398225045071
2024-02-06,70.13685574296066
2024-02-07,65.28266834613129
2024-02-08,64.72196920694105
2024-02-19,93.94355922283462
2024-02-20,97.54329235428807
2024-02-21,97.25021932305145
2024-02-22,92.60404590938322
2024-02-23,83.85882873559949
2024-02-26,83.94822232156955
2024-02-27,79.36190194279482
2024-02-28,85.7871141425464
2024-02-29,79.27601639525375
2024-03-01,73.88887899897045
2024-03-04,80.6030075499682
2024-03-05,93.02181526394274
2024-03-06,93.41670724702375
2024-03-07,92.99847023172137
2024-03-08,95.37025058780247
2024-03-11,97.77081525613177
2024-03-12,84.31955790660771
2024-03-13,82.32659276825207
2024-03-14,91.70890653714038
2024-03-15,91.61709010352293
2024-03-18,90.6816566739436
2024-03-19,82.35116239259854
2024-03-20,63.570893407423156
2024-03-21,60.40057166156837
2024-03-22,64.90627790590734
2024-03-25,69.00658440349072
2024-03-26,70.94053049873506
2024-03-27,57.2242855606221
2024-03-28,64.74679172759035
2024-03-29,64.78146305487319
2024-04-01,81.97530417624633
2024-04-02,95.65000735548674
2024-04-03,93.1652506669328
2024-04-08,98.60615754748909
2024-04-09,97.84019970467325
2024-04-10,99.61724768303142
2024-04-11,97.3685169112559
2024-04-12,99.9924404974381
2024-04-15,99.99997436145769
2024-04-16,99.99894098310095
2024-04-17,99.99679779281652
2024-04-18,99.99094363230799
2024-04-19,99.99767822455951
2024-04-22,99.7807582123576
2024-04-23,97.85587856192524
2024-04-24,98.60303543170458
2024-04-25,96.44409048615927
2024-04-26,94.17675487306553
2024-04-29,90.69612187569152
2024-04-30,97.42592228385647
2024-05-06,71.14325275471404
2024-05-07,65.06272769734221
2024-05-08,59.20302123213792
2024-05-09,50.59976386275117
2024-05-10,47.367689238444775
2024-05-13,72.82707594861247
2024-05-14,68.27414573233244
2024-05-15,42.71435917376706
2024-05-16,42.126029603089094
2024-05-17,31.489074648295567
2024-05-20,36.74866965737689
2024-05-21,30.046239145861662
2024-05-22,41.44333293650207
2024-05-23,54.224599153007745
2024-05-24,32.047568825033906
2024-05-27,43.56635497719365
2024-05-28,58.17527302906262
2024-05-29,87.0887637372103
2024-05-30,89.4555693812699
2024-05-31,56.53370497032115
2024-06-03,61.53368755721568
2024-06-04,62.82927371561112
2024-06-05,48.253744071584045
2024-06-06,47.174534817726645
2024-06-07,38.08992465198739
2024-06-11,55.98495826061083
2024-06-12,34.56641674231898
2024-06-13,32.50790046220818
2024-06-14,51.38162461919713
2024-06-17,53.80762433783253
2024-06-18,41.9170053797564
2024-06-19,46.922133385622054
2024-06-20,68.28144259992531
2024-06-21,66.3926257869072
2024-06-24,69.82612231938705
2024-06-25,57.432501489113285
2024-06-26,49.74049266823335
2024-06-27,41.71043897154129
2024-06-28,47.57950677076994
2024-07-01,41.941510598908174
2024-07-02,37.26258677184429
2024-07-03,39.078236197449954
2024-07-04,44.082590865449525
2024-07-05,50.39182551374449
2024-07-08,47.940460812662145
2024-07-09,51.82240688234376
2024-07-10,61.323077072382546
2024-07-11,63.37886609826554
2024-07-12,50.67489045724491
2024-07-15,68.95188479694446
2024-07-16,70.66853569044731
2024-07-17,92.83284930134596
2024-07-18,99.35182696563975
2024-07-19,99.78756460396161
2024-07-22,95.66247571407229
2024-07-23,94.24984510627247
2024-07-24,99.9928907028324
2024-07-25,99.99631560133983
2024-07-26,99.48677262245242
2024-07-29,99.63131181384371
2024-07-30,99.95650070484541
2024-07-31,99.28831487152232
2024-08-01,99.99150231148819
2024-08-02,99.99999994567766
2024-08-05,100.0
2024-08-06,99.99999263440557
2024-08-07,99.99995053651301
2024-08-08,99.97744568550678
2024-08-09,99.27659171753386
2024-08-12,99.38792444272627
2024-08-13,95.90512514765884
2024-08-14,88.05208339414494
2024-08-15,81.40647494605079
2024-08-16,77.73389457592023
2024-08-19,76.4284574808002
2024-08-20,85.798057240159
2024-08-21,88.04546887281428
2024-08-22,93.7669354877053
2024-08-23,84.93657893413102
2024-08-26,86.3969089616321
2024-08-27,81.09187954047108
2024-08-28,91.10980387097838
2024-08-29,82.30841498782964
2024-08-30,77.03910066801333
2024-09-02,81.4736724449156
2024-09-03,99.02406873990766
2024-09-04,99.30144908272703
2024-09-05,97.91369132272975
2024-09-06,99.60318811197875
2024-09-09,96.78533808597476
2024-09-10,95.84537216363285
2024-09-11,91.16489935383963
2024-09-12,88.19806220293076
2024-09-13,85.29824350971242
2024-09-18,93.06593565366678
2024-09-19,83.29345808614109
2024-09-20,81.84518934736134
2024-09-23,79.95658938544531
2024-09-24,76.10367019899638
2024-09-25,76.05575854248312
2024-09-26,75.79810634745915
2024-09-27,86.95403306301877
2024-09-30,85.6710026651849
2024-10-08,98.75637424369786
2024-10-09,98.13768060833496
2024-10-10,98.17456819222646
2024-10-11,97.5079675105339
2024-10-14,96.04027880086106
2024-10-15,97.60869195740094
2024-10-16,95.60271643715717
2024-10-17,94.38497496278907
2024-10-18,90.67649709491342
2024-10-21,92.03316198318502
2024-10-22,91.29071446375944
2024-10-23,94.5344915341125
2024-10-24,93.91859204536796
2024-10-25,96.60453504190144
2024-10-28,95.05522118291114
2024-10-29,93.63171003545735
2024-10-30,96.01380199935586
2024-10-31,99.1365708832499
2024-11-01,97.95775103199692
2024-11-04,97.90772477224733
2024-11-05,95.29056995772825
2024-11-06,75.76944142575996
2024-11-07,67.49059765780126
2024-11-08,65.2494664268936
2024-11-11,65.4511366845246
2024-11-12,63.153201207476116
2024-11-13,56.96404327356208
2024-11-14,58.818575027837824
2024-11-15,73.93678107097095
2024-11-18,69.31471862655954
2024-11-19,74.97321539057296
2024-11-20,80.25512193501962
2024-11-21,78.16972223976904
2024-11-22,65.57796472442519
2024-11-25,59.84111444264191
2024-11-26,54.91659523650695
2024-11-27,54.59852604805439
2024-11-28,52.336116465339735
2024-11-29,48.629914894318794
2024-12-02,46.98933114208818
2024-12-03,46.50310103382899
2024-12-04,47.84059811986383
2024-12-05,48.56406791535098
2024-12-06,41.30576621579456
2024-12-09,53.74735181030601
2024-12-10,52.563700936071136
2024-12-11,46.82205020147509
2024-12-12,49.80241983546813
2024-12-13,48.722428409277526
2024-12-16,56.34075147608695
2024-12-17,66.23989124165671
2024-12-18,99.91386184376292
2024-12-19,98.81081848816422
2024-12-20,82.46366555648206
2024-12-23,71.28056521065614
2024-12-24,49.071970395982106
2024-12-25,49.04679795282162
2024-12-26,52.38183651243289
2024-12-27,62.56381795701426
2024-12-30,74.03432675156154
2024-12-31,73.50403321980853
