date,vix_ma_ratio,rate_diff,dxy,dxy_change
2023-01-27,0.9394895042869813,-1.282585990893008,118.9521,-0.0007988428119267699
2023-01-30,0.9447977236174687,0.49998623909656503,118.9079,-0.0003715781394360018
2023-01-31,0.9550480469237489,-0.23530593618555826,118.991,0.0006988602102973029
2023-02-01,0.9528132960076672,-0.5493769115629367,118.6396,-0.002953164525048124
2023-02-02,0.9618616019145578,0.669079241320201,118.349,-0.002449435095870145
2023-02-03,0.9669213805836196,-1.0550312467018257,119.5014,0.009737302385318003
2023-02-06,0.9679950443939708,-0.4251454131830507,120.5116,0.00845345744903403
2023-02-07,0.9651379954347373,-0.7814046147966981,120.3298,-0.001508568469757221
2023-02-08,0.9871374264437849,0.3077952815582522,120.139,-0.0015856421268880538
2023-02-09,1.0028501839664197,0.6281914343286912,119.9785,-0.001335952521662409
2023-02-10,1.0198907554364631,0.05311980339370151,120.1531,0.0014552607342148693
2023-02-13,1.0270200786693062,0.6383572780266827,120.0145,-0.0011535282901564692
2023-02-14,1.030783486049624,-0.09880532128549323,119.9601,-0.0004532785621736979
2023-02-15,1.0219197225744676,0.11890740597406804,120.4926,0.004438975959506486
2023-02-16,1.0172512044759883,0.767024802270506,120.5069,0.00011867948737109835
2023-02-17,1.0115216321880744,-0.374736039467548,120.6023,0.0007916559134788503
2023-02-21,1.0479403046100377,0.25533637319326885,120.678,0.0006276828883031715
2023-02-22,1.0805768889564797,0.5279961185580447,120.8969,0.001813918029798245
2023-02-23,1.0837910011588652,0.02232250050356516,121.141,0.002019075757939248
2023-02-24,1.0917270682329416,0.039314111999612295,121.6297,0.004034142032837806
2023-02-27,1.08618583430979,0.6676940112446097,121.4656,-0.0013491770513287538
2023-02-28,1.0611068313411696,0.13548987545801328,121.4062,-0.0004890273460139705
2023-03-01,1.037124802527646,-0.38922727625332487,120.6971,-0.005840723126166458
2023-03-02,1.019656140696586,0.6788663510729872,121.1949,0.004124374156462718
2023-03-03,0.9879351947604272,0.19939911112405603,120.8468,-0.00287223307251383
2023-03-06,0.9668410145070562,-0.5712174405679982,120.5776,-0.002227613805247608
2023-03-07,0.9536984615384615,0.22059160744618733,121.531,0.007906941256087485
2023-03-08,0.9404283636901387,0.5029812220470656,121.5222,-7.240950868514506e-05
2023-03-09,0.9656796604764124,-0.1045353625105615,121.5225,2.468684734191484e-06
2023-03-10,1.0169458606457877,-1.0060352842882465,121.2963,-0.0018613836943774942
2023-03-13,1.0775928052047454,0.28929724815985064,120.9157,-0.0031377708965566464
2023-03-14,1.10446914164105,0.21540088801281543,121.052,0.0011272316167378893
2023-03-15,1.1494626401429864,0.4095904799775264,122.1149,0.008780524072299567
2023-03-16,1.1454927011507507,-0.24446350026488506,121.751,-0.0029799803300006866
2023-03-17,1.1376389141920205,-0.05287772365688131,121.5923,-0.0013034800535519642
2023-03-20,1.108677947697041,0.8003196031445046,121.0637,-0.0043473147559508485
2023-03-21,1.091090682101918,0.09000583557525496,120.9535,-0.0009102645962414391
2023-03-22,1.0559338963043676,0.23248202586105993,120.6883,-0.002192578139532997
2023-03-23,1.0489830086653547,-0.13726336234429184,119.8174,-0.00721610959803054
2023-03-24,1.0147038863502693,0.0714128763529666,120.5106,0.005785470223857114
2023-03-27,0.9833601231577279,-0.9979474792937653,120.3239,-0.0015492413115526515
2023-03-28,0.9721982856365369,0.0025626845554774726,119.7987,-0.004364885114262362
2023-03-29,0.9468511103021476,-0.9030285714762066,119.8223,0.00019699712935117297
2023-03-30,0.9153662148308462,0.48794749794148,119.5103,-0.002603855876577188
2023-03-31,0.8872392749795064,0.42463730825375756,119.4611,-0.00041167999745628236
2023-04-03,0.8686859485310864,-0.04988552194040952,119.4342,-0.00022517790309983798
2023-04-04,0.8610065904996467,0.2118096868507612,119.2641,-0.0014242151745480491
2023-04-05,0.8607006020799123,0.07369766543935548,119.4068,0.0011965042288502037
2023-04-06,0.8633338706334768,0.260472537974362,119.4229,0.0001348331920794088
2023-04-10,0.8776024647558585,0.07315729967875462,119.8962,0.0035901037354990617
2023-04-11,0.8982946178328818,-0.11416024867865984,119.6409,-0.002129341880726776
2023-04-12,0.9091695086219318,0.2473805029208363,119.1341,-0.004236009592037515
2023-04-13,0.9152043917263015,0.16958974918931627,118.5376,-0.005006962741985754
2023-04-14,0.9154481249378293,-0.43403724752015127,118.983,0.003757457549334653
2023-04-17,0.9148287427584105,0.8151010602116375,119.3981,0.0034887336846440853
2023-04-18,0.9086578293289147,-0.12304845790333359,119.2345,-0.0013702060585554232
2023-04-19,0.8927934543165844,0.11362496157997809,119.4377,0.0017042047394002502
2023-04-20,0.8981739893150466,-0.08047551315439992,119.2525,-0.0015505991826701981
2023-04-21,0.9090958179216502,0.08402296759702894,119.4472,0.0016326701746294248
2023-04-24,0.9205011763418506,0.13781625754517146,119.3486,-0.0008254693287075288
2023-04-25,0.9463843827330218,-0.04540013636846567,119.7551,0.003405988842768215
2023-04-26,0.9755909203739968,0.06389226610436259,119.4758,-0.0023322597534467526
2023-04-27,0.9796937416777632,-0.8576931823194897,119.5754,0.0008336416244962841
2023-04-28,0.977494121598925,-0.5880157412133316,119.376,-0.001667567074833065
2023-05-01,0.9755794935423832,-0.5860568775432183,119.5845,0.0017465822275835041
2023-05-02,0.9666242758230887,-0.5637021289073172,119.7514,0.0013956658262568311
2023-05-03,0.9627679152863898,0.22454230983379045,119.2773,-0.0039590351344536145
2023-05-04,0.9945793337097683,-0.1689453270566012,119.19,-0.0007319079154206598
2023-05-05,1.0139664013144851,-0.13904591897550722,118.7184,-0.003956707777498125
2023-05-08,1.0299715099715099,0.12873219728568275,118.7415,0.0001945780940444397
2023-05-09,1.033265638854724,-0.14541596471953772,118.984,0.0020422514453666274
2023-05-10,1.0235422782478558,-0.340882605991871,118.7561,-0.0019153835809856412
2023-05-11,0.9896419400444328,-1.0576309196661278,119.1902,0.003655391175695355
2023-05-12,0.9879093925840428,0.8721587247471619,119.5206,0.0027720399831530074
2023-05-15,0.9890401476695895,-0.30271566476240735,119.3288,-0.0016047442867589412
2023-05-16,0.9889617109348051,0.5392612968632178,119.3567,0.00023380776476433773
2023-05-17,0.9869935972896149,-0.6168707297995973,119.7849,0.0035875656749893015
2023-05-18,0.9800385978051099,-0.17537621813202328,120.2642,0.004001339066944221
2023-05-19,0.9773912041703869,0.29459939367464755,119.9479,-0.002630042855646164
2023-05-22,0.9775271199608665,-0.4206214823422309,120.2609,0.0026094662766085186
2023-05-23,0.984393895767348,-0.8931383031346115,120.4913,0.0019158346561516382
2023-05-24,1.0173032224741023,-0.4079889435421282,120.6481,0.0013013387688571854
2023-05-25,1.0464346833998859,-0.11974498840510248,121.0126,0.003021183093641744
2023-05-26,1.0529240014740482,0.3095038672143828,120.8022,-0.001738661924460816
2023-05-30,1.0404996749851625,0.4555525402660287,120.7387,-0.0005256526785109017
2023-05-31,1.0180233709645474,-0.02041078167901779,121.1527,0.003428892310419096
2023-06-01,0.9909739534084072,-0.4533540092443123,120.2628,-0.007345275837847609
2023-06-02,0.9596997690531177,0.464461615482909,120.2102,-0.0004373754810298447
2023-06-05,0.9342437890454742,0.4909662904663928,120.2175,6.072695994174815e-05
2023-06-06,0.9034077555816684,-1.1962745534427341,120.1906,-0.00022376109967348068
2023-06-07,0.864018968583284,-0.30785185684889504,120.0893,-0.0008428279748999845
2023-06-08,0.8485574045253201,-0.49717134097466964,119.8069,-0.0023515833633803718
2023-06-09,0.8474555783875257,0.48844288455668317,119.6781,-0.0010750632893430367
2023-06-12,0.8562999908761899,-0.5073180668682168,119.889,0.0017622271743953366
2023-06-13,0.8731831730326032,-0.8094230752666727,119.4641,-0.0035441116365971803
2023-06-14,0.8805359136583552,-1.3688949161575337,119.0646,-0.0033441008637741243
2023-06-15,0.8953847112717752,-0.09482643933206598,118.8447,-0.001846896558674871
2023-06-16,0.9009508217366665,-0.2547573879078688,118.7168,-0.0010761943948699448
2023-06-20,0.9032424584610419,0.4307232224629237,119.2458,0.004455982641041523
2023-06-21,0.9146212721034573,0.37285706020065207,119.0438,-0.0016939799976183334
2023-06-22,0.9123917949408872,-0.013436538000422136,119.074,0.00025368813831549986
2023-06-23,0.9250974758875437,0.1755845371720354,119.4584,0.0032282446209919158
2023-06-26,0.9361967009025836,1.0554417439131507,119.4123,-0.0003859083999115942
2023-06-27,0.9464354527938345,0.06582748421442093,119.235,-0.0014847716692502066
2023-06-28,0.9649035381220188,-0.21122504101495598,119.6759,0.0036977397576214432
2023-06-29,0.9812430513215938,0.6263545397348816,119.8659,0.0015876212336820572
2023-06-30,0.9869699805629544,-0.3746454669472258,119.7118,-0.0012856033283861201
2023-07-03,0.98127665726885,0.6577159221018436,119.5618,-0.0012530093106944973
2023-07-05,0.9916136495083864,-0.2907816190588261,119.6971,0.0011316323441099563
2023-07-06,1.0125345688323815,0.6021276848139518,120.1579,0.003849717328155755
2023-07-07,1.0266614178864115,0.03271529295303572,119.4293,-0.006063687864052203
2023-07-10,1.0479086908297255,0.5736717478249812,119.3179,-0.0009327694292774469
2023-07-11,1.0633490633490634,-0.936953574255016,119.0891,-0.0019175664338710874
2023-07-12,1.0554799914095498,0.025823745792392053,118.0104,-0.009057923857011208
2023-07-13,1.0325684943804085,-0.13025688319443174,117.5569,-0.0038428816443296654
2023-07-14,1.0118940673398251,0.1056268079063547,117.4209,-0.0011568865800305472
2023-07-17,0.9915699978384609,0.2537777260458265,117.5139,0.0007920225445385842
2023-07-18,0.9714079422382672,0.5444973859640727,117.4145,-0.0008458573836797045
2023-07-19,0.972618532929817,-0.17172310232802468,117.745,0.0028148141839381413
2023-07-20,0.9743037611254668,0.22142588351760448,117.9615,0.0018387192662108198
2023-07-21,0.9774748923959826,-0.781281400597687,118.3072,0.0029306171928975555
2023-07-24,0.9848452201393376,-0.4427128601739511,118.1812,-0.0010650239376808202
2023-07-25,0.9924617704070646,-0.22962743215472778,118.1978,0.00014046227318731397
2023-07-26,0.9851261047639578,-0.5798914194043552,118.1097,-0.0007453607427548858
2023-07-27,0.9880734930697325,-0.47035433267202137,118.2497,0.0011853387147711114
2023-07-28,0.9851227818605485,-0.47987775538200833,118.1429,-0.0009031735387067252
2023-07-31,0.9808967420522563,0.03222751631924262,118.1738,0.0002615476681204765
2023-08-01,0.9810915341641597,0.18396369379877398,118.9156,0.006277195114314571
2023-08-02,1.0156855770940778,-0.16473652476680806,119.4622,0.004596537376088561
2023-08-03,1.0354010581259097,-0.549871149302151,119.7123,0.0020935492565850033
2023-08-04,1.080239520958084,-0.5996904434738818,119.1684,-0.004543392784200018
2023-08-07,1.1076598735066763,-0.07364101761428082,119.4297,0.0021926953789761505
2023-08-08,1.1320384951881015,-0.38454159957113815,119.987,0.004666343463979317
2023-08-09,1.120727348440157,-0.8153698058367755,119.8273,-0.0013309775225649467
2023-08-10,1.1111187631279915,-0.03806543606944934,119.5248,-0.0025244664613155443
2023-08-11,1.0744407522866635,0.03287231682063248,119.9929,0.003916342047842747
2023-08-14,1.0565728900255755,-0.2300583260874399,120.4451,0.00376855630624795
2023-08-15,1.0516514287642118,-0.10070142746589945,120.5927,0.0012254545847028009
2023-08-16,1.0519987977156597,-0.25544716902144193,120.7308,0.0011451771127108934
2023-08-17,1.0653743447730193,0.09231708885408631,120.8924,0.0013385151096487746
2023-08-18,1.0845845682832294,-0.674015319745015,120.7937,-0.0008164284934371047
2023-08-21,1.1031103948428689,0.045435646166863686,120.8271,0.0002765044865751243
2023-08-22,1.0986724534082204,-0.537376993137332,120.7274,-0.0008251460144288458
2023-08-23,1.078854973904792,0.3887407306001129,120.4036,-0.002682075485763824
2023-08-24,1.0607637800213208,-0.39283693343178994,120.5987,0.0016203834436843145
2023-08-25,1.0328363783497772,-0.6840583018056288,120.8752,0.00229272786522583
2023-08-28,1.0027886224205242,0.6943600556457927,120.687,-0.0015569777754246283
2023-08-29,0.9699931943327353,-0.21515018521486812,120.6383,-0.0004035231632238956
2023-08-30,0.950506151689768,0.5237632771392612,120.187,-0.0037409346782903974
2023-08-31,0.9119548164417947,0.32603088155720017,120.5882,0.003338131411883216
2023-09-01,0.8906542947027234,0.08447501908830632,121.1011,0.00425331831804443
2023-09-05,0.8800360406744755,-0.4868901907344853,121.7785,0.005593673385295261
2023-09-06,0.8917057396928052,0.4680394624061159,122.2029,0.0034850158279171595
2023-09-07,0.9066926575698504,-1.1295791999471967,122.2903,0.0007152039763378415
2023-09-08,0.919426336375489,-0.5765431668563591,122.2933,2.4531790338233606e-05
2023-09-11,0.922231669827981,0.8000076285688756,121.6757,-0.005050154014978658
2023-09-12,0.9319057815845825,0.2435814935651511,121.6301,-0.0003747666954043716
2023-09-13,0.929225645295587,0.26424055393788665,121.3981,-0.0019074225870076011
2023-09-14,0.9237753235314046,0.1164364537370976,121.5744,0.001452246781457056
2023-09-15,0.9342064662118149,-0.09838438533028736,121.5361,-0.000315033428090028
2023-09-18,0.9471130519165456,0.08057109628228538,121.5414,4.3608442265252734e-05
2023-09-19,0.95491458975077,0.05143600130734543,121.5175,-0.00019664081539294553
2023-09-20,0.9810419884847634,-0.13403209714019124,121.32,-0.0016252803094205515
2023-09-21,1.0460761624237325,0.44302994176492744,121.8972,0.004757665677546985
2023-09-22,1.0881060341820719,-0.838494067032015,121.8735,-0.00019442612299536144
2023-09-25,1.1214473866629695,-0.48974227279274646,122.4445,0.004685185868954278
2023-09-26,1.170198969318453,0.7678892383453817,122.795,0.002862521387240635
2023-09-27,1.194551874894905,0.4630032782394636,123.2947,0.004069383932570503
2023-09-28,1.1769394261424015,-0.4074406244410597,122.8562,-0.0035565194610961415
2023-09-29,1.164064801178203,-0.39740991919690205,122.6332,-0.0018151302091388155
2023-10-02,1.1589836425939095,-0.8001500953043259,123.3573,0.005904600059363885
2023-10-03,1.1484243597473898,-0.46379577827315854,124.0624,0.005715916285456979
2023-10-04,1.1380779350958528,-0.2951573398993366,123.8848,-0.0014315376778136768
2023-10-05,1.137908638233384,-0.04337917716682759,124.1752,0.0023441132406880616
2023-10-06,1.1244876735792497,-0.25073993466333766,123.6561,-0.004180383844761382
2023-10-10,1.070015585661192,-0.3233873886522591,123.2437,-0.0033350558524811724
2023-10-11,1.032089219330855,-0.004064192614957825,123.092,-0.0012308945609390554
2023-10-12,0.999176761143126,-0.289822759804496,123.5087,0.0033852728040815183
2023-10-13,1.0048314769275277,-0.4263485573476845,123.8788,0.0029965500406043954
2023-10-16,0.9899673221349539,0.12522857106725643,123.621,-0.002081066332576653
2023-10-17,0.989025323993988,-0.10239939191854294,123.4334,-0.0015175415180267438
2023-10-18,1.0128115275714165,0.15610000534036325,124.1001,0.0054012933290339404
2023-10-19,1.054219707685054,0.2177462371715642,124.0861,-0.00011281215728264904
2023-10-20,1.0673824915087107,-0.8099089043127861,123.9049,-0.0014602763726154766
2023-10-23,1.0916293582960253,-0.11732511676390375,123.5935,-0.002513217798488898
2023-10-24,1.1033696890769982,0.48735921741564037,123.9249,0.002681370784062276
2023-10-25,1.1079746323033328,-0.40279886259326897,124.069,0.0011628010190043447
2023-10-26,1.0903741742223647,-0.08302733776093707,124.285,0.001740966720131576
2023-10-27,1.0748861349433323,-0.46645075726732643,123.9145,-0.0029810516152390942
2023-10-30,1.0622992258676076,0.5493342393461216,123.7044,-0.0016955239298064306
2023-10-31,1.0581266197704553,0.09825746304748086,124.1229,0.0033830647899346644
2023-11-01,1.0276545440055256,-0.3010504022368074,124.0801,-0.00034481952967579943
2023-11-02,0.9816916488222699,-0.8683005329259116,123.1995,-0.0070970284517823945
2023-11-03,0.919851236996712,-0.29416454612804105,122.1006,-0.008919679057139085
2023-11-06,0.8740801086218601,-0.22145514483590717,121.9692,-0.0010761617879027074
2023-11-07,0.8429910116657104,0.9642704333522555,122.3882,0.003435293500326342
2023-11-08,0.8202200938554843,-0.6306863563381562,122.4055,0.00014135349649735396
2023-11-09,0.8193063169784291,0.9276661207525939,122.4434,0.00030962660991540325
2023-11-13,0.8270350882129492,0.16432592484382225,122.7389,0.0024133599687692353
2023-11-14,0.8283902522250973,-0.20968538840701895,121.6865,-0.008574298775693823
2023-11-15,0.8373193318524076,-0.19026440982959342,121.4035,-0.002325648284731696
2023-11-16,0.8433514946252394,-0.3074521856964454,121.4953,0.0007561561239997072
2023-11-17,0.8590037389940899,0.2878226412000241,121.1657,-0.002712862143638417
2023-11-20,0.8607860046815325,0.43899201986664566,120.5653,-0.004955197716845716
2023-11-21,0.8657932677239392,0.8988403467868257,120.5182,-0.0003906596674166929
2023-11-22,0.8691133068138074,1.0938690956849828,120.9757,0.003796107143983374
2023-11-24,0.8795037792766837,-0.5795990412804518,120.5285,-0.0036966101456739064
2023-11-27,0.8910650414973782,0.003207746139174266,120.4893,-0.0003252342806887576
2023-11-28,0.8989098116947473,-0.03709415249497015,119.9174,-0.004746479562915518
2023-11-29,0.9133259160894376,0.2875990201037542,120.1246,0.0017278560075517646
2023-11-30,0.9241364311863425,0.807790951891859,120.5421,0.0034755578790688357
2023-12-01,0.9343225759292423,0.5384650136694704,120.2542,-0.002388377172788614
2023-12-04,0.9462840323767477,0.2590357778617982,120.7669,0.004263468552449856
2023-12-05,0.9555292024903647,0.37792320837583704,121.0731,0.0025354629455587308
2023-12-06,0.9606498733045163,0.09253795280805108,120.8348,-0.0019682324149624675
2023-12-07,0.9708037425318454,0.027477921604833887,120.8938,0.00048826993548223285
2023-12-08,0.9732511066550641,-0.266853095006412,121.0499,0.00129121592670578
2023-12-11,0.974292470821573,0.13513873917592603,121.2212,0.0014151188889870436
2023-12-12,0.9701257257103312,-0.3053021033831189,120.9825,-0.0019691275123492336
2023-12-13,0.9655172413793102,0.11566907062350419,121.4667,0.0040022317277292885
2023-12-14,0.9633965503785219,-1.0049819447002184,119.8952,-0.012937702267370454
2023-12-15,0.9680458506712728,-0.15801297905807096,120.062,0.0013912149944284025
2023-12-18,0.9701839379258732,0.3967443844563532,120.2386,0.0014709066982059316
2023-12-19,0.9805982534476626,-0.22016498600236092,119.8116,-0.0035512722204018576
2023-12-20,1.000748355587065,-0.20932287979977052,119.8872,0.0006309906553290112
2023-12-21,1.0157807961058334,-0.4071006509189606,119.6721,-0.0017941865353432451
2023-12-22,1.0252634052720222,0.11374548418488366,119.4214,-0.0020948909562044093
2023-12-26,1.030789092758499,0.9376502465899667,119.2551,-0.001392547734325733
2023-12-27,1.030272175445467,-0.21299405675945118,118.8525,-0.0033759562484119154
2023-12-28,1.01349866582954,1.170851739703037,118.762,-0.0007614480132938084
2023-12-29,0.9965011597279554,-0.8790823101768575,118.7686,5.557333153705102e-05
2024-01-02,0.9969404565780183,0.1673202560973662,119.6165,0.007139092319013551
2024-01-03,1.0096131301289568,-0.1831655039778117,120.0407,0.0035463334907810395
2024-01-04,1.0310288513881327,0.3955752559396325,119.9775,-0.000526488099452882
2024-01-05,1.043174405963659,1.1124317798380354,119.7474,-0.0019178595986748537
2024-01-08,1.0528767761472164,-0.6636026637458587,119.6237,-0.0010330078147834376
2024-01-09,1.0443815651769448,-0.7991394727891394,120.0296,0.003393140322528021
2024-01-10,1.0232125557062586,0.47511168045941715,120.1258,0.0008014689709872069
2024-01-11,0.9955885767355469,-0.9462949496346139,120.2516,0.0010472354814703433
2024-01-12,0.9835862974549106,-0.9036365949462887,119.9009,-0.0029163853121288996
2024-01-16,0.9939523845977188,0.5135383884104127,120.9213,0.008510361473516914
2024-01-17,1.0174200159398838,0.08032684292942462,121.3823,0.003812396988785327
2024-01-18,1.036779961522502,0.6577094569992673,121.2366,-0.001200339752995383
2024-01-19,1.0472952553641584,-0.5203610481849605,120.9947,-0.001995272054808539
2024-01-22,1.04821009611746,0.29890141866066405,120.9687,-0.00021488544539549626
2024-01-23,1.030555766168777,-0.06186281557402108,121.4244,0.0037670901646460475
2024-01-24,1.0049634372750351,0.2620772312303095,120.8336,-0.004865578911652069
2024-01-25,0.9908284581996604,-0.36185578082988556,121.167,0.0027591663245984943
2024-01-26,0.98728080078272,-1.1344175086865682,120.9665,-0.0016547409773288724
2024-01-29,0.9891715688111207,-0.6486289234526837,121.1888,0.0018376988670416594
2024-01-30,1.0001498127340824,-0.7591116674749107,120.9442,-0.0020183383282944556
2024-01-31,1.017096255284127,0.03551438609840642,120.7727,-0.0014180092968492097
2024-02-01,1.0244888789036173,-0.324241168259736,120.6832,-0.0007410615147297461
2024-02-02,1.03139482732845,0.5227266606220095,121.2438,0.004645219881474816
2024-02-05,1.0301696811486107,0.04481408164928649,121.6831,0.0036232780562799327
2024-02-06,1.0252933507170796,0.06426009749442996,121.3021,-0.0031310839385255695
2024-02-07,1.0021221936780969,-0.0674911884093605,121.2518,-0.0004146671821839698
2024-02-08,0.9846062318732803,-0.11990703195164072,121.4226,0.0014086388820619966
2024-02-09,0.9700932496191997,-0.12355549862860034,121.3851,-0.0003088387170099294
2024-02-12,0.9715026866777837,-0.48548977089060064,121.2839,-0.000833710232969187
2024-02-13,1.0053704112410802,0.07908663312904243,121.8558,0.004715382668268431
2024-02-14,1.0297292319027445,-0.15553656001541655,121.7411,-0.0009412764923787398
2024-02-15,1.0481701249401096,0.5666310646090811,121.5567,-0.0015146897801974202
2024-02-16,1.0637969662467404,0.2970652192695236,121.4984,-0.0004796115722128791
2024-02-20,1.0519771560760502,-0.25625961754587906,121.3769,-0.00100001316889764
2024-02-21,1.0574481818833823,-0.32456212871445544,121.3918,0.00012275811954332028
2024-02-22,1.06090373280943,0.12172972791100954,121.4589,0.0005527556227027386
2024-02-23,1.0520610469262588,-0.0501476134155547,121.3991,-0.0004923476171774244
2024-02-26,1.0377076056739611,0.22424473889970878,121.4197,0.00016968824315832798
2024-02-27,1.0089063056644103,-0.5685518215083831,121.3297,-0.0007412306240256461
2024-02-28,0.989328669831186,0.13003041243000818,121.4886,0.0013096546022943745
2024-02-29,0.9747238211004255,-0.2940314010287883,121.5385,0.00041073812686942546
2024-03-01,0.9681327741334194,-0.32186488829285076,121.3741,-0.0013526577997918787
2024-03-04,0.9651709171778039,-0.03223241725364641,121.2454,-0.0010603580170728266
2024-03-05,0.975052642849495,0.27774482268414974,121.2575,9.979760056877396e-05
2024-03-06,0.9786418789469948,-0.08727538575713259,120.8481,-0.0033762860029276087
2024-03-07,0.9876194843215407,0.5723020553425218,120.5744,-0.002264826670837272
2024-03-08,1.004205804009533,0.058746515971574965,120.3612,-0.0017682028689340878
2024-03-11,1.023830292034472,-0.17896750849797763,120.4205,0.00049268368876354
2024-03-12,1.0223471539002107,-0.4928372027632841,120.5468,0.0010488247432953735
2024-03-13,1.014050780011973,0.30113611354842734,120.3533,-0.0016051857038096307
2024-03-14,1.0120973413982277,0.41740293653957716,120.6272,0.002275799666481948
2024-03-15,1.0068534073735633,0.10747274205702331,120.7884,0.0013363486842103978
2024-03-18,0.9956713003695232,-0.6988438935260155,120.9572,0.0013974851889750894
2024-03-19,1.0010263670146875,-0.5567765173620679,121.3111,0.0029258283095177084
2024-03-20,0.9991079393398752,-0.018197943799557467,121.3092,-1.5662210630318363e-05
2024-03-21,0.9836701001327925,-0.015415792151525234,121.1869,-0.0010081675586024463
2024-03-22,0.9666834568611932,0.0811109056449863,121.5694,0.003156281743323719
2024-03-25,0.9521612170590142,-0.14045809990855646,121.4143,-0.0012758144730500298
2024-03-26,0.9444444444444441,-0.34407138686670574,121.4613,0.00038710431967237113
2024-03-27,0.9443036141087855,-0.6809686613193907,121.4048,-0.00046516874098989636
2024-03-28,0.946944696282865,0.6558679175064593,121.4498,0.0003706607975961784
2024-04-01,0.9536356726627819,0.7744115528210905,121.8884,0.00397179056753294
2024-04-02,0.9702606250675898,-0.41546431470541423,121.6881,-0.0016433065000442948
2024-04-03,0.9864396999422964,0.6142051741023397,121.4129,-0.0022615194090466195
2024-04-04,1.0310607960448537,0.375331508625234,121.1646,-0.0020450874659941887
2024-04-05,1.0682530635508691,0.4097991620668867,121.3671,0.0016712802254124082
2024-04-08,1.088451826297258,-0.637945595328955,121.1487,-0.0017994992053035341
2024-04-09,1.094649912789663,0.007695527528368072,121.1215,-0.00022451747315499482
2024-04-10,1.1078511082046028,1.5600384290752083,121.9628,0.006945917941901358
2024-04-11,1.083048759021299,0.2440687860161157,122.003,0.0003296087003576975
2024-04-12,1.0899080011151379,-0.2291841830417381,122.6566,0.005357245313639902
2024-04-15,1.1272876825005143,-0.5674814693578477,122.7932,0.0011136783507776915
2024-04-16,1.158019266520196,0.412129008825912,123.4732,0.005537765934921612
2024-04-17,1.1731947775113243,0.9955304638318517,123.375,-0.0007953142868249996
2024-04-18,1.1946264744429882,-0.07141731245152429,123.3481,-0.00021803444782164672
2024-04-19,1.190391974018457,0.1181252490411774,123.4459,0.0007928780418993142
2024-04-22,1.1466319433416965,-0.5965497750638473,123.4011,-0.00036291201246863025
2024-04-23,1.1034439297980276,-0.5131099237519849,123.0779,-0.0026191014504732824
2024-04-24,1.0660418619181506,-0.4393366626126231,123.2398,0.0013154270587978356
2024-04-25,1.0248845641327589,0.03500563123911783,123.1916,-0.0003911074182204599
2024-04-26,0.9731760647962797,0.536960803829176,123.3004,0.0008831770997372868
2024-04-29,0.942252786049796,-0.8354919900434872,122.9074,-0.0031873375917677027
2024-04-30,0.9387642684456955,0.7227521050147172,123.3446,0.0035571495288322375
2024-05-01,0.9286520452673641,0.39743310187029585,123.3776,0.0002675431271412787
2024-05-02,0.9249448123620309,-0.5282356455179056,122.8047,-0.004643468506438819
2024-05-03,0.9131697670106915,-0.9210313450323538,122.5056,-0.002435574534199403
2024-05-06,0.9033300198807159,-0.9349655489021309,122.2529,-0.002062762845127075
2024-05-07,0.8780335446793891,-0.04296805294477443,122.4588,0.0016842136260162288
2024-05-08,0.8556574345401265,-0.05417387136127582,122.5562,0.0007953695446958342
2024-05-09,0.8364270982072031,-1.0805855093231556,122.5322,-0.0001958285260149628
2024-05-10,0.8371403717903284,0.184372410967257,122.3898,-0.0011621435018713822
2024-05-13,0.8540490878067986,-0.6054934165497404,122.4068,0.0001389004639276159
2024-05-14,0.870771899392888,0.738236665874657,122.3094,-0.0007957074280188214
2024-05-15,0.8803482756275081,-0.07886738469454205,121.7471,-0.004597357194132234
2024-05-16,0.8936347247261128,0.8673872648551416,121.6189,-0.0010530024945153427
2024-05-17,0.9069998580150505,-0.3797849786216792,121.638,0.0001570479588288709
2024-05-20,0.9017441230635903,0.40572463854657875,121.6377,-2.4663345337128106e-06
2024-05-21,0.8915415598681803,-0.3904330366325868,121.7864,0.0012224828322140446
2024-05-22,0.9013436270507015,0.6008083160545836,121.9514,0.0013548310813029651
2024-05-23,0.9153736601454164,-0.44013602068960533,122.1493,0.0016227775982891046
2024-05-24,0.9252237221295312,0.21788601940778962,122.0215,-0.0010462606007565212
2024-05-28,0.9628885109014997,0.72299653605744,121.8382,-0.0015021942854333004
2024-05-29,0.9979423069456846,0.5816629145779932,122.5535,0.0058709009161330705
2024-05-30,1.0251787379546162,-0.9707690543426001,122.356,-0.0016115410820580767
2024-05-31,1.0428755013824522,0.44021971699335666,122.4845,0.0010502141292620948
2024-06-03,1.056121056121056,-0.1614074346866335,122.7156,0.0018867693463253676
2024-06-04,1.0601544823281577,0.3905017899123066,123.0715,0.002900201767338517
2024-06-05,1.0359026448411923,-0.8508341612599266,122.9014,-0.0013821233998123628
2024-06-06,1.0068005940748848,0.23120985170926475,122.7416,-0.0013002292894953582
2024-06-07,0.9971431925801275,0.29780123618365123,123.8707,0.00919900017597941
2024-06-10,0.9946990222641064,-0.24696340287172314,124.2232,0.0028457092758820135
2024-06-11,0.9920503738685558,0.5498094333770029,124.345,0.0009804931767978253
2024-06-12,0.9843509795419607,-0.3455244288225453,124.1411,-0.0016397925127669133
2024-06-13,0.9761067888314048,0.348839637121454,124.3287,0.0015111836450620864
2024-06-14,0.9804632109658107,-0.20505692430596617,124.4755,0.0011807410517443717
2024-06-17,0.9783087079534736,0.5395241797151374,124.5427,0.0005398652746926302
2024-06-18,0.9679899576337674,-0.8510912949434245,124.2835,-0.0020812139129792184
2024-06-20,0.9931930208903841,-1.0340381499201754,124.496,0.0017098005769067282
2024-06-21,0.9966911907820469,-0.516690663593672,124.4247,-0.0005727091633465076
2024-06-24,1.0019390366865741,-0.4607060703811694,124.0379,-0.003108707515469211
2024-06-25,1.0106292187136319,-0.2942811609856776,124.26,0.0017905817496104426
2024-06-26,1.0185510642452646,0.35153864306769705,124.5696,0.002491549975856877
2024-06-27,1.0111102356000314,0.27847432194341176,124.6406,0.0005699624948622972
2024-06-28,1.0010262887818744,-0.18581608714707537,124.5172,-0.0009900465819323578
2024-07-01,0.9869677163794813,-0.4963603890842685,124.7723,0.0020487129488937494
2024-07-02,0.9785134489893365,-0.11555950889895567,124.608,-0.0013167986804762943
2024-07-03,0.9732833559295,-0.4070553542677083,124.1096,-0.003999743194658456
2024-07-05,0.9744735162731334,-0.032532388078452275,123.8192,-0.002339867343058133
2024-07-08,0.9783103654883163,0.5983360167171395,123.706,-0.000914236241229105
2024-07-09,0.987320507179713,-1.0208256774673286,123.7559,0.0004033757457195808
2024-07-10,0.9962522924806634,0.5425249120851671,123.5508,-0.0016572947229183121
2024-07-11,1.0028594122319303,0.7336187679946871,123.1267,-0.0034325961466862287
2024-07-12,1.0033386327503975,-0.6712769330528379,122.8093,-0.002577832427897442
2024-07-15,1.0137714807318332,0.694587726244267,123.0059,0.00160085596123416
2024-07-16,1.0209602151388122,-0.07213318208306266,123.1024,0.000784515214310888
2024-07-17,1.0385309581731146,0.29733981169032697,122.892,-0.0017091462067352348
2024-07-18,1.0745990446972933,0.19196745547444588,123.1548,0.00213846304071863
2024-07-19,1.1231836828585668,-0.4384692082905387,123.5033,0.0028297719617911277
2024-07-22,1.1437064136275292,0.08380928514973876,123.5735,0.0005684058644586099
2024-07-23,1.1587271557758523,0.2197213057912223,123.7296,0.0012632158189256337
2024-07-24,1.18793090666469,-1.3060388129448084,123.8784,0.0012026224929200247
2024-07-25,1.1978260869565218,-0.017238466077552105,123.8341,-0.000357608751808125
2024-07-26,1.1790676906590463,0.41451041314927095,123.9862,0.001228256191146082
2024-07-29,1.1846797735026202,0.5468479221670903,124.4412,0.0036697632478452924
2024-07-30,1.2025242249732748,-0.13459748903459162,124.576,0.0010832425273945567
2024-07-31,1.1622374770611026,0.571578201274152,123.9223,-0.005247399178011758
2024-08-01,1.1394923317475627,-0.41264560538456097,124.1551,0.0018785965076504318
2024-08-02,1.189470304975923,-0.2752667033908613,123.7169,-0.003529456301029965
2024-08-05,1.3574178264732013,-0.29203408295128713,123.7919,0.0006062227553389476
2024-08-06,1.4125247945593653,-0.3756101972248192,123.8794,0.0007068313839597717
2024-08-07,1.4798586572438164,0.042457900053098505,123.8126,-0.0005392341260935796
2024-08-08,1.4923040367505345,1.1582728625039476,123.6961,-0.0009409381597672573
2024-08-09,1.4305368780386887,1.362479666339496,123.1964,-0.0040397393288875705
2024-08-12,1.2218023182083344,-0.4880527243605778,123.4942,0.002417278426967151
2024-08-13,1.11062124248497,0.4462384505409767,123.2819,-0.0017191090755680483
2024-08-14,0.9895487765333866,0.8749821301000004,122.7057,-0.004673841009913082
2024-08-15,0.9057244946403139,0.5266609050771902,122.8791,0.0014131372870209713
2024-08-16,0.8537228035835278,-0.1785804860467209,122.6944,-0.00150310345697513
2024-08-19,0.7934108429801873,-0.14919092548033755,122.1762,-0.004223501643106808
2024-08-20,0.7686722251433435,-0.4173414992968253,122.0677,-0.0008880616683117903
2024-08-21,0.7728987475479102,0.15622625881965216,122.1407,0.0005980287987730204
2024-08-22,0.7980640770336015,-0.1339067928274829,122.6371,0.00406416534373899
2024-08-23,0.8098339138775305,0.2570466161933515,121.7525,-0.007213151648236993
2024-08-26,0.825916660349228,0.05871420121026662,121.9678,0.0017683415124944979
2024-08-27,0.8260858515261649,0.22265628086342704,122.1318,0.00134461718584733
2024-08-28,0.8330373902896859,-0.3250305567916319,122.1586,0.0002194350693267566
2024-08-29,0.8198732365569412,-0.2268017501843886,122.4706,0.0025540567753723487
2024-08-30,0.8288542401211835,0.3066323717456518,122.5582,0.0007152737065059256
2024-09-03,0.9525051008841534,-0.15493159308809018,123.0052,0.00364724677744932
2024-09-04,1.0190847408690629,-0.2864557302648781,122.7434,-0.0021283653048814744
2024-09-05,1.0803013490626645,-0.36920787782730374,122.6747,-0.0005597042284961606
2024-09-06,1.159694603303626,-0.2978722903547621,122.7145,0.00032443527475511935
2024-09-09,1.2094053203577984,-0.24651514467953278,122.9408,0.0018441178507837552
2024-09-10,1.1869715547549176,-0.5008706254309885,123.2266,0.0023246961139020694
2024-09-11,1.1398154309023056,-0.48048414357400726,123.0007,-0.0018332080898119107
2024-09-12,1.1012057206986847,-0.3261473955132211,122.684,-0.00257478209473605
2024-09-13,1.0290033498439601,0.44369704046968633,121.9128,-0.006286068272961409
2024-09-16,0.9954514441664772,0.0887014574383986,121.7684,-0.0011844531501205013
2024-09-17,0.9739455147246032,-0.4515226337817261,121.8724,0.0008540803689627285
2024-09-18,0.9746518497678998,0.995289515226445,121.8295,-0.0003520075094936015
2024-09-19,0.9696524856731501,-0.9411186001569916,121.5773,-0.002070106172971209
2024-09-20,0.9642333295723795,-0.3679991271343533,121.6673,0.000740269770755031
2024-09-23,0.9508270761587533,0.8784124831274653,121.687,0.00016191696536371758
2024-09-24,0.9258652814634971,0.16257511091431956,121.3868,-0.0024669849696352664
2024-09-25,0.8983320095313742,0.099077283004553,121.6868,0.0024714384101072184
2024-09-26,0.8881444469679762,-0.4606667737895255,121.3274,-0.0029534838618486825
2024-09-27,0.8923771880293621,-0.17225122423895795,121.356,0.00023572581296549266
2024-09-30,0.8988688164781361,0.15571049170495505,121.5298,0.0014321500379050889
2024-10-01,0.9463155515370708,-0.8303703970181854,121.9152,0.003171238659160247
2024-10-02,0.9925462304409672,0.18045277869867019,121.8154,-0.0008186017822223723
2024-10-03,1.0490499588173479,0.3589833692910272,122.3469,0.004363159337817724
2024-10-04,1.0843746417516908,-0.2505334614804227,122.4533,0.0008696583239951039
2024-10-07,1.141688676833944,0.3939492282341596,122.6545,0.0016430753601577308
2024-10-08,1.1585272958104105,0.608637516315678,122.9111,0.0020920553261396524
2024-10-09,1.1701806386667413,0.2721608562256683,123.1373,0.0018403545326661774
2024-10-10,1.162553944893217,-0.12465182621907253,123.3431,0.0016713051203820495
2024-10-11,1.1638294378455307,0.290391432032668,123.2275,-0.0009372230793615044
2024-10-15,1.1061810928107396,0.8175552483120571,123.773,0.0044267716215942166
2024-10-16,1.0884185646755478,0.004936580476194979,124.1606,0.0031315391886761468
2024-10-17,1.0609437483337778,-0.4568875905887451,124.3466,0.0014980597709739474
2024-10-18,1.029868958565441,-1.0942885000587368,124.1511,-0.001572218299495054
2024-10-21,1.0091182206293152,0.4430331841868164,124.7004,0.004424447306548229
2024-10-22,0.9761686765898449,0.2898202916972361,124.6396,-0.00048756860443111005
2024-10-23,0.962962962962963,-0.18753610881876323,124.9181,0.0022344423441666983
2024-10-24,0.9534901618737333,0.07706737085428494,124.743,-0.0014017184058995324
2024-10-25,0.9687166183427438,0.4266290637566782,124.8418,0.0007920284104119268
2024-10-28,0.9756466876971608,0.6148139276608696,125.0385,0.0015755940718573669
2024-10-29,0.9869553150152651,0.06704328767070065,125.0952,0.00045346033421700405
2024-10-30,0.9945195836894765,-0.4371945752455584,125.0444,-0.00040609072130670665
2024-10-31,1.0286427768760142,-0.4267424743785494,125.0247,-0.00015754404035683844
2024-11-01,1.0372097638420321,-0.05465851282426118,125.0403,0.0001247753443920363
2024-11-04,1.0605774486905533,-0.8415617522319723,124.8168,-0.0017874237345879562
2024-11-05,1.0744900754613602,0.29291343684459414,124.7803,-0.000292428583331783
2024-11-06,1.0458003728523204,0.749102672457954,125.9311,0.009222609658736225
2024-11-07,0.9797295570154138,-0.024236533896851917,125.016,-0.007266672013505726
2024-11-08,0.921776556301693,0.1978889513839838,125.8066,0.006323990529212287
2024-11-12,0.8115617417273284,0.4004395954040161,126.987,0.009382655599944556
2024-11-13,0.7994153787858284,-0.16484226644282338,127.1591,0.0013552568373140783
2024-11-14,0.8001755011380152,-1.1714013533939813,127.2123,0.00041837351789997257
2024-11-15,0.8175753900435527,0.6347396359578698,127.1021,-0.0008662684347346961
2024-11-18,0.8306897413817053,1.182139759940511,126.8336,-0.0021124749315706293
2024-11-19,0.853297593120009,-0.37809210582423175,126.6361,-0.0015571583555146207
2024-11-20,0.8935572656293883,0.7593969790243411,127.1023,0.003681414699284069
2024-11-21,0.9280768687296875,0.8272600255557387,127.3063,0.0016050063610177911
2024-11-22,0.9312994609473565,0.3254915700178091,127.6683,0.00284353563020856
2024-11-25,0.9339853300733496,0.4514707182052964,127.211,-0.003581938507836391
2024-11-26,0.9218491369117993,0.07198137927726708,127.6435,0.0033998632193756873
2024-11-27,0.9023398681000994,-0.7532636678523522,127.0601,-0.004570542174102021
2024-11-29,0.8931433659839714,-0.05828351849137254,126.8114,-0.0019573414470789308
2024-12-02,0.9018966644865926,-0.229125511223573,127.3499,0.004246463646012888
2024-12-03,0.9128964200797026,-0.3863246033582184,127.1983,-0.0011904210368441914
2024-12-04,0.9128097636836945,0.18356684398152098,126.9956,-0.0015935747568953662
2024-12-05,0.9130656512426478,0.7759205201128712,126.6638,-0.0026126889435539313
2024-12-06,0.909713659405398,0.35367026215715275,126.9271,0.0020787312554968462
2024-12-09,0.9238271859330996,-0.622056269220297,126.8394,-0.0006909477960183041
2024-12-10,0.9376225701014966,-0.319166840627993,127.1884,0.0027515109658355907
2024-12-11,0.9408359463836531,-0.07316961474602632,127.095,-0.0007343436980101758
2024-12-12,0.947346628942102,-0.8334677924082033,127.2039,0.0008568393721233303
2024-12-13,0.9694945911162128,0.609834057913419,127.5569,0.0027750721479451457
2024-12-16,0.9794836008374038,0.3015936645344966,127.5235,-0.00026184393004224926
2024-12-17,1.004753250384454,0.6736977753471697,127.7565,0.001827114218163839
2024-12-18,1.1586755681435026,0.06625865952593564,127.8936,0.001073135222082744
2024-12-19,1.2650427913100724,-0.28264963733058457,128.8598,0.007554717358804419
2024-12-20,1.31148181936661,0.9730319270207264,128.1411,-0.005577379446499275
2024-12-23,1.3292785506308638,-0.4634288277723233,128.5356,0.003078637533156847
2024-12-24,1.307853978724092,-0.033418876868840555,128.5651,0.00022950840078550527
2024-12-26,1.1388189738625365,-0.613357764289451,128.5679,2.177884978116218e-05
2024-12-27,1.026959448629588,0.1884721740713728,128.6972,0.0010056942673870584
2024-12-30,1.0021529888551166,-0.19818545423146905,129.0474,0.002721115921713979
2024-12-31,0.9967172111927466,-0.08850108418870695,129.488,0.0034142493378401806
2025-01-02,1.0276134122287968,0.04493478986996136,129.6666,0.0013792783887309756
2025-01-03,1.0363125076415207,-0.23882294732605835,129.6721,4.2416474250295266e-05
2025-01-06,1.0295455924285628,0.4408338694051138,128.7878,-0.006819508591285217
2025-01-07,1.0190314003166923,0.17865725269673202,128.8574,0.0005404238600241751
2025-01-08,1.0125953521376618,0.23869012219842126,129.3038,0.0034642946388796503
2025-01-09,1.002718423898746,-0.43995581616643503,129.4927,0.001460900607716198
2025-01-10,1.0247364035969773,0.5700302311958813,130.0513,0.004313756682809089
2025-01-13,1.0451123563706346,-0.21136594115881358,130.2142,0.00125258263469874
2025-01-14,1.0407548012505585,0.660123670296759,129.5812,-0.004861220972827929
2025-01-15,1.019045235910696,-0.2078490510811757,129.4107,-0.0013157772886808194
2025-01-16,1.0006659267480578,-0.7300819613812966,129.6284,0.0016822411129837622
2025-01-17,0.993146953405018,-0.27719908052769704,129.6771,0.00037568927796693963
2025-01-21,0.9438562149657443,0.046084400474560624,128.61,-0.008228900862218391
2025-01-22,0.9364213538406511,-0.27737782695992447,128.5428,-0.0005225099136926259
2025-01-23,0.9155365215322389,-0.2895529522778032,128.4336,-0.0008495224936752033
2025-01-24,0.9018908312522299,-0.4432112489459368,127.6833,-0.005841929214784991
2025-01-27,0.9214034465431111,-0.6420372075534567,128.2856,0.004717139986200047
2025-01-28,0.9401162101268825,0.43295686416886164,128.471,0.0014452128687867383
2025-01-29,0.9596767004427542,0.7688499903416919,128.5324,0.0004779288711069807
2025-01-30,0.9754814017462023,0.17071586762994986,128.2958,-0.0018407810015216297
2025-01-31,0.9934874828224892,0.6151704770686324,128.6686,0.002905784912678122
2025-02-03,0.9944266571801258,0.1289075247317702,129.2815,0.004763399928187528
2025-02-04,1.005731935493451,0.5569783212485115,128.2993,-0.007597374721054484
2025-02-05,1.0020909253838342,-0.5014671146821037,128.1725,-0.0009883140438020632
2025-02-06,1.0057493753950815,-0.5145919162720725,128.3958,0.0017421833856716695
2025-02-07,1.016251025181495,0.25995903673295784,128.6144,0.0017025479026571144
2025-02-10,0.9922965963846179,0.3144950105209673,128.8215,0.00161023959992046
2025-02-11,0.9858265767159745,-0.8582980379698883,128.629,-0.0014943157780339389
2025-02-12,0.9880152364435913,0.1800035762084676,128.5321,-0.0007533293425275867
2025-02-13,0.9876481752279019,-0.8591568836911682,128.0821,-0.0035010709386994465
2025-02-14,0.9692389369476281,-0.8708711404825734,127.3505,-0.005711961312314551
2025-02-18,0.9558207836030745,0.044458918148907116,127.501,0.001181777849321497
2025-02-19,0.9475689348280922,0.4326477948961826,127.9207,0.0032917388883224596
2025-02-20,0.9526599557453174,-0.020775412041092498,127.3057,-0.004807665999326138
2025-02-21,0.985226536717762,0.6467803154295091,127.3285,0.00017909645836766686
2025-02-24,1.0263441025483384,0.3181387979034605,127.3749,0.00036441173814183436
2025-02-25,1.066609813297597,0.42666164796977757,127.5544,0.0014092258364875043
2025-02-26,1.1047239096926287,-0.19057847006929357,127.4762,-0.0006130717560507426
2025-02-27,1.1524274155164207,0.02043780166244677,128.1589,0.005355509499027855
2025-02-28,1.1582979726544083,0.010516549623475849,128.4646,0.0023853200987211665
2025-03-03,1.1885188635305075,-0.7173765084718662,127.9558,-0.003960624171950866
2025-03-04,1.2137670802126808,-0.4642978121295305,128.1864,0.0018021848169444965
2025-03-05,1.2245631777066128,-0.6698863159438908,126.7441,-0.011251583631336826
2025-03-06,1.234104283563706,0.03323681535537476,126.3526,-0.0030889011796210175
2025-03-07,1.2516524262453652,-0.40409917454632954,126.2243,-0.0010154124252290675
2025-03-10,1.2652838143820109,-0.008543215638561657,126.5199,0.00234186285841953
2025-03-11,1.2649001594411968,-0.2046015847830825,126.2896,-0.0018202670093796502
2025-03-12,1.2615560016853795,0.7578963342123801,126.1251,-0.0013025617311321902
2025-03-13,1.2303222526208752,-0.09356555985172664,126.2551,0.0010307226713794915
2025-03-14,1.1945813394281362,0.7812931258814478,125.9538,-0.002386438250811196
2025-03-17,1.1109908977585436,-0.252088733621416,125.6291,-0.002577929367752363
2025-03-18,1.046255098257323,0.41262364215706426,125.7402,0.0008843492471091174
2025-03-19,0.9954373495357103,-0.4332705966484685,126.0515,0.0024757396600292303
2025-03-20,0.9419246405778011,0.24207797687236415,126.237,0.0014716207264491299
2025-03-21,0.917074497009244,-0.5105556852681301,126.509,0.0021546773133076513
2025-03-24,0.8926476606192879,-0.03916072775360531,126.4403,-0.0005430443683849262
2025-03-25,0.8557063851181498,0.47842429937538633,126.3075,-0.001050298045797038
2025-03-26,0.8428378471188848,-0.1595169761075841,126.4839,0.001396591651327217
2025-03-27,0.8373506457628289,-0.8752609921388121,126.6098,0.0009953836021818763
2025-03-28,0.855198331767456,-0.4330715019334102,126.6599,0.00039570396604360347
2025-03-31,0.9002271215214847,0.45613177257614496,126.9402,0.00221301295832399
2025-04-01,0.9464010134746056,0.2847139211134469,126.6783,-0.0020631762042285784
2025-04-02,0.9766444562285291,0.5691404071555424,126.6284,-0.00039391119078791004
2025-04-03,1.0684469558877143,-0.2566398734113089,125.0254,-0.012659087534865776
2025-04-04,1.2229503927780914,-0.3599224303881317,126.0693,0.008349503380912893
2025-04-07,1.3800891778138935,-0.7739262213023522,127.0629,0.007881379526974541
2025-04-08,1.552587315721777,0.4801493692227389,127.1122,0.00038799681102830164
2025-04-09,1.6183704394451568,-0.15012799427481482,126.8819,-0.0018117851787633477
2025-04-10,1.6500376789751316,-0.3214452322502791,125.3694,-0.011920533976871428
2025-04-11,1.5456557931905086,-0.8199753038770737,124.3156,-0.008405559889414715
2025-04-14,1.4012962996211644,0.44243756111758026,123.9908,-0.002612705082869815
2025-04-15,1.223297193087957,-0.607373244057925,124.1129,0.0009847504814872732
2025-04-16,1.1895594416480724,0.4536923615297484,123.6167,-0.003997972813462591
2025-04-17,1.0943229361542908,0.05937605887971931,123.4733,-0.001160037438307282
2025-04-21,1.0430857066985328,0.23787309507940338,122.677,-0.005347160005351181
2025-04-22,1.0188268546644792,0.5251317073728355,122.7879,0.0009039999347879579
2025-04-23,0.9898071493515814,0.4839142954297239,123.375,0.004781415758393193
2025-04-24,0.9382568301708528,-0.4480967511206385,123.285,-0.0007294832826747477
2025-04-25,0.8992514036182159,-0.09468946675362776,123.2454,-0.00032120695948401057
2025-04-28,0.8405770125639832,-0.6966887842290556,123.0856,-0.001296600116515556
2025-04-29,0.798527660495832,-0.2034899802724759,122.9514,-0.0010902981339815376
2025-04-30,0.7718315063431457,-0.0869570297115894,122.944,-6.0186382586979725e-05
2025-05-01,0.7567153430073091,-0.33973695668898435,123.4811,0.004368655648099962
2025-05-02,0.7519332992390779,-0.04986580983559572,122.859,-0.005038017963882813
2025-05-05,0.7683771648492624,-0.1451096350098825,122.6335,-0.0018354373712955452
2025-05-06,0.8006917423259836,0.2234321252014929,122.3907,-0.001979883147753325
2025-05-07,0.8329025497729653,-0.6744290581342997,122.4652,0.0006087063804685044
2025-05-08,0.8343247960673957,0.07192326457923821,123.1019,0.005199027968761705
2025-05-09,0.8575114256228809,0.40610832062918745,122.879,-0.0018106950420748724
2025-05-12,0.848797447800256,0.8690122462783763,123.7948,0.0074528601306975695
2025-05-13,0.8186374314800312,0.1722514688619621,123.2905,-0.0040736767618672065
2025-05-14,0.7979971960745044,0.8963436753571815,123.0145,-0.002238615302882163
2025-05-15,0.7839996697558257,-0.729377257708748,123.1492,0.0010949928666945663
2025-05-16,0.7651245551601424,-0.2627593602329922,123.3969,0.0020113813163220584
2025-05-19,0.7892199824715161,0.1086864359082825,122.7649,-0.005121684580406849
2025-05-20,0.8102360785727156,0.28240987654328453,122.673,-0.0007485853041055979
2025-05-21,0.8449374341110144,-0.08232864605127252,122.1012,-0.004661172385121426
2025-05-22,0.8798791119376961,0.35896233806052985,122.3865,0.002336586372615468
2025-05-23,0.9323666978484563,0.7472394619068815,121.7283,-0.005378044147025918
2025-05-27,0.9858069457408871,0.1881303505044986,121.9634,0.0019313503926365883
2025-05-28,0.9835604480869018,-0.13217127513546872,122.3295,0.003001720188187562
2025-05-29,0.9858476658476658,-0.36390369098658903,121.9108,-0.003422723055354626
2025-05-30,0.9589714314080767,-0.4573667509152991,122.1112,0.0016438248293013658
2025-06-02,0.9494731017831541,0.36340823199176714,121.549,-0.0046040002882618
2025-06-03,0.9536539150919238,-0.09139935029701865,121.808,0.002130827896568377
2025-06-04,0.9507020280811233,-0.6548646387977064,121.4093,-0.003273184027321685
2025-06-05,0.9533368365738307,-0.21776381991950347,121.3178,-0.0007536490202973978
2025-06-06,0.9471861933043917,-0.8102961151324277,121.5217,0.0016807096732713855
2025-06-09,0.9374732791791367,0.8178379550825494,121.2757,-0.0020243298110542707
2025-06-10,0.9327291739281978,0.2031912090020734,121.4134,0.0011354294388734587
2025-06-11,0.9323753397378971,0.2938693942294669,120.9763,-0.0036000968591605176
2025-06-12,0.9269499731038192,0.175483529321869,120.565,-0.0033998394726900694
2025-06-13,0.9612659172039,-0.024878445317544108,120.7131,0.0012283830299009146
2025-06-16,0.9795137504982062,1.1251921796025863,120.5449,-0.0013933864675830243
2025-06-17,1.0194282103933028,-0.5767299036578095,120.8862,0.0028313101591190826
2025-06-18,1.0517764355234354,-0.09321140284838104,121.1093,0.0018455373731658398
2025-06-20,1.0928166600764466,-0.14355420389150803,121.411,0.0024911381702312774
2025-06-23,1.102559361876337,0.6805336039192201,121.5412,0.0010723904753275892
2025-06-24,1.0631877601887942,0.15292806990813787,120.7549,-0.006469411195545227
2025-06-25,1.0343317849324576,0.1001433906128044,120.7333,-0.00017887472889299705
2025-06-26,0.9815317616064949,-0.28632142275184175,120.0587,-0.005587522249453913
2025-06-27,0.9409855574187266,0.5331433823802229,120.0786,0.00016575225285619943
2025-06-30,0.9114666811550897,-0.7191316546899863,119.8269,-0.0020961270367908513
2025-07-01,0.9065214431586113,0.3293405493039881,119.7678,-0.0004932114575274538
2025-07-02,0.9076116632084744,-0.23347240680633854,119.7289,-0.0003247951452727271
2025-07-03,0.9105387445768579,-0.016603602931994914,119.6678,-0.0005103195636141367
2025-07-07,0.931494856642591,-0.04993359833867118,120.0481,0.003177964331257055
2025-07-08,0.9316328206251027,0.1849576574297739,120.2589,0.001755962818236867
2025-07-09,0.9273196725814425,-0.3165160240791411,120.1608,-0.0008157400408618232
2025-07-10,0.92642750538942,0.5499376106419612,120.253,0.0007673051444399004
2025-07-11,0.9257974258533855,0.09770373418696925,120.3354,0.0006852219903037415
2025-07-14,0.9241328870010408,0.008435348864303461,120.6252,0.0024082688884567993
2025-07-15,0.9417257380362685,0.4249107117739335,120.9095,0.0023568872839172528
2025-07-16,0.963794539033564,-1.0892368149417824,120.8232,-0.0007137569835289348
2025-07-17,0.9883259397618492,0.2573211214650406,121.0417,0.0018084275205425548
2025-07-18,1.0007387051975298,-0.5800233345668643,120.7674,-0.0022661611659453573
2025-07-21,1.0036689038031321,-0.30736832806747527,120.4157,-0.0029122097519694856
2025-07-22,0.9960810123552819,-0.13538940661146528,120.1036,-0.0025918547166191575
2025-07-23,0.978731074260995,0.09486724053215749,119.9888,-0.0009558414568755502
2025-07-24,0.9686444766039557,-0.09621098162899076,119.9892,3.3336444735798665e-06
2025-07-25,0.9547972993430015,0.2627924639794213,120.4082,0.0034919809449516226
2025-07-28,0.9400164338537388,-0.571424006965013,121.0228,0.0051043035275006865
2025-07-29,0.9361078904009275,-0.5302453374090287,121.3652,0.002829218957089097
2025-07-30,0.9407802069936921,-0.35024900010019583,121.7944,0.0035364338377064097
2025-07-31,0.9560748807047595,0.7666028837098889,122.1088,0.002581399473210677
2025-08-01,1.0137650839852042,-0.29958156895695187,121.6148,-0.0040455724730732445
2025-08-04,1.0448186921559703,0.764499862473974,121.3757,-0.0019660436065347398
2025-08-05,1.0641580205087873,0.03770726071649171,121.3068,-0.0005676589300823709
2025-08-06,1.0770623378190818,-0.37685099353020357,120.9198,-0.003190258089406317
2025-08-07,1.072694982089642,0.2089027561630369,120.9142,-4.6311687581401806e-05
2025-08-08,1.0135363790186127,0.41191930094906365,120.7562,-0.001306711701355101
2025-08-11,1.0010605739220024,-0.26420639480605734,121.1021,0.0028644491959832763
2025-08-12,0.971041055718475,0.18712965189221492,120.6964,-0.0033500657709486514
2025-08-13,0.9509378176106439,0.32036767536798233,120.5533,-0.0011856194550956545
2025-08-14,0.9343653250773994,0.35480597935060754,121.0518,0.004135100407869352
2025-08-15,0.9374533698085054,-0.6339173736653881,120.7606,-0.002405581742692009
2025-08-18,0.9265670895569027,-0.33275189647099157,120.9792,0.001810193059657017
2025-08-19,0.9397975492807672,-0.30418872754095794,121.137,0.0013043564513568473
2025-08-20,0.9538837231144924,0.4394637762139959,121.1828,0.0003780843177558779
2025-08-21,0.9723660407959579,-0.004636559286536229,121.485,0.002493753238908436
2025-08-22,0.9636460254446565,-0.22053675225048924,120.6974,-0.006483104910071202
2025-08-25,0.9618669252666813,-0.8187219856535973,120.8298,0.0010969581780553295
2025-08-26,0.9540385159121612,1.6501747818323984,120.9304,0.0008325760698106865
2025-08-27,0.9453538151599096,-0.9137919879651311,121.1236,0.0015976131725354836
2025-08-28,0.9246964076223089,-0.48196573768044426,120.6537,-0.0038795082048419527
2025-08-29,0.9543448142539549,0.8136639070622543,120.6028,-0.00042186853780690203
2025-09-02,1.0111258879626328,0.07500898671983286,121.0716,0.0038871402654001574
2025-09-03,1.0319940234514569,-0.28488360839282667,120.9032,-0.0013909124848436871
2025-09-04,1.0476190476190477,0.15435962442578097,121.1565,0.0020950644813371166
2025-09-05,1.0451684440530933,0.5981165041483905,120.5394,-0.005093412239541406
2025-09-08,1.035844053815182,-0.41063644359424606,120.5152,-0.0002007642314463265
2025-09-09,1.0069326357096144,0.03597143740978291,120.5746,0.0004928838851863127
2025-09-10,0.9910650231526772,-1.1146301714998281,120.5447,-0.00024797925931330234
2025-09-11,0.9837541593266785,-0.2820550589027401,120.381,-0.001358002467134689
2025-09-12,0.9793279122171058,-0.17488136792507475,120.4905,0.0009096119819571591
2025-09-15,0.9846534814766543,-0.3691531406153966,120.0042,-0.004036002838398001
2025-09-16,0.9992850178745531,-0.469051966697582,119.586,-0.0034848780292690007
2025-09-17,1.0039970103662301,-0.43351210282077846,119.6063,0.00016975231214355624
2025-09-18,1.0198481243685429,0.8587531133300882,120.0986,0.004116003922870259
2025-09-19,1.0247354411478284,0.4833485740314116,120.2166,0.0009825260244498146
2025-09-22,1.0256973850082425,-0.31854967302023646,120.2461,0.00024539040365478826
2025-09-23,1.022640418767462,0.10966186011104802,120.0568,-0.001574271431672214
2025-09-24,1.0241749808135072,-0.19103270881739207,120.6024,0.0045445155959513706
2025-09-25,1.0298701710948164,0.7952922106972319,120.9635,0.0029941361034273584
2025-09-26,1.028067056134112,0.3332017700114832,120.8615,-0.0008432295692500924
2025-09-29,1.0283210566421133,-1.3042637369489685,120.5403,-0.0026575874037638725
2025-09-30,1.026650109848123,-0.9349397776357224,120.5624,0.00018334117303497877
2025-10-01,1.028247508041145,1.0147164550266643,120.5782,0.00013105246743583265
2025-10-02,1.0225153802245195,0.3920688769180378,120.844,0.002204378569260479
2025-10-03,1.034942078848521,-0.010400098732894415,120.5163,-0.0027117606169937414
2025-10-06,1.0339862294463482,0.6435100719660212,120.7028,0.0015475085112968134
2025-10-07,1.0388734505261186,0.31262821837193544,120.9097,0.0017141275927319288
2025-10-08,1.0359255339019986,0.2392641464215478,121.1884,0.0023050259821999486
2025-10-09,1.0279308849941167,-0.8759487198994058,121.4965,0.0025423225325196253
2025-10-10,1.0671840892553968,-0.45229200798052094,121.5217,0.00020741338227847628
2025-10-14,1.1163699908183515,0.05817955151676629,121.5815,0.000492093181711617
2025-10-15,1.1510144504451905,0.15985185962765724,121.2669,-0.002587564719961466
2025-10-16,1.2204679691049525,-0.767387794619333,121.0834,-0.001513191151089166
2025-10-17,1.1924249629360262,-0.39354836540762705,121.1218,0.0003171367834071681
2025-10-20,1.1764640453812358,0.5893829955747446,121.0394,-0.0006803069307093068
2025-10-21,1.1398642095053346,0.3068600711109331,121.302,0.0021695414881435227
2025-10-22,1.1098081316926804,-0.21265968064062132,121.3075,4.534137936729188e-05
2025-10-23,1.0200368303878187,0.49411920356604916,121.3633,0.0004599880469056128
2025-10-24,0.9686772080787043,0.48338328324165364,121.342,-0.00017550610439887038
2025-10-27,0.9427834768775027,0.2825019473853855,121.2002,-0.0011685978474065273
2025-10-28,0.9265189734590921,-0.07225126592551803,121.0349,-0.0013638591355460417
2025-10-29,0.9065279868619133,0.3650640471240419,120.929,-0.0008749542487331841
2025-10-30,0.9015671580559581,-1.1166112677000362,121.665,0.006086215878738699
2025-10-31,0.9113039681240107,-0.8216888183702625,121.7715,0.0008753544569104488
2025-11-03,0.9243505255705027,-0.7371953133897914,121.8422,0.0005805956237707743
2025-11-04,0.9479104558512658,-0.5056300256603393,122.2066,0.0029907536141007274
2025-11-05,0.9552995764655102,-0.3224030651959425,122.2295,0.00018738758790437515
2025-11-06,0.9751712328767123,-0.15518622696169979,122.0788,-0.0012329265848260995
2025-11-07,0.9996228245056306,-0.24120597496041504,121.7835,-0.002418929412805526
2025-11-10,1.0081406355645703,-0.1247814347991679,121.6932,-0.0007414797571099196
2025-11-12,1.0021757690930626,-0.5661410919816231,121.4459,-0.002032159561914826
2025-11-13,1.0226396109340936,-0.06509297454992295,121.1756,-0.0022256823820318017
2025-11-14,1.0337695821539667,0.39385543096635856,121.363,0.0015465159652603422
2025-11-17,1.074851792343066,0.024371398728334753,121.5131,0.0012367855112347392
2025-11-18,1.1355084284937464,-0.06956384730327875,121.6042,0.0007497134053859877
2025-11-19,1.1860752024888699,-0.014463332255613543,121.8845,0.002305019070065084
2025-11-20,1.2249856013403841,-0.7354962724550639,122.0735,0.0015506483597176324
2025-11-21,1.2397696894920829,0.7002438192278291,122.235,0.0013229734545172622
2025-11-24,1.2059831881555223,-0.6846393933854136,122.2833,0.00039514050803779455
2025-11-25,1.1375312571038874,0.05540591032243259,122.0044,-0.0022807693282729247
2025-11-26,1.0714321772931494,0.39689814523335437,121.6225,-0.003130214975853307
2025-11-28,0.9087736159235186,-0.1576176134242327,121.4288,-0.00159263294209544
2025-12-01,0.875436200879988,-0.15677500305058928,121.3615,-0.0005542342508531028
2025-12-02,0.8607556290548278,-0.5333449391111907,121.5149,0.0012639922875046228
2025-12-03,0.8536510533851502,0.24999643082431994,121.1131,-0.0033065903852119716
2025-12-04,0.8470831182240578,0.04906525973808817,121.0614,-0.00042687372381677857
2025-12-05,0.8453860787532899,-0.09355969817457638,121.0615,8.260271233684335e-07
2025-12-08,0.8414012905248309,-0.6927304879462922,121.1478,0.000712860818674832
2025-12-09,0.8457274343687897,0.4342790267782166,121.0601,-0.000723909142386403
2025-12-10,0.8463356973995272,-0.5042172633175057,121.0557,-3.6345583722452446e-05
2025-12-11,0.8480362135534548,0.3660987349790972,120.3821,-0.0055643806941764185
2025-12-12,0.8609271523178806,-0.5006897738956843,120.5383,0.0012975350986568213
2025-12-15,0.873023688385579,-0.3359741818474926,120.3501,-0.001561329469554562
2025-12-16,0.888043204521924,-0.7347737800521993,120.283,-0.0005575400435894329
2025-12-17,0.9243730965189422,-0.37897672847032693,120.5451,0.002179027792788668
2025-12-18,0.973842822868512,-0.7295155453138853,120.4409,-0.0008644067656006227
2025-12-19,0.9887775310568324,0.28734189672057125,120.5571,0.0009647885394414857
