date,close
20160104,3296.258
20160105,3287.711
20160106,3361.84
20160107,3125.002
20160108,3186.412
20160111,3016.704
20160112,3022.861
20160113,2949.597
20160114,3007.649
20160115,2900.9698
20160118,2913.8367
20160119,3007.7393
20160120,2976.694
20160121,2880.482
20160122,2916.562
20160125,2938.515
20160126,2749.785
20160127,2735.558
20160128,2655.661
20160129,2737.6
20160201,2688.854
20160202,2749.57
20160203,2739.247
20160204,2781.023
20160205,2763.492
20160215,2746.196
20160216,2836.571
20160217,2867.338
20160218,2862.893
20160219,2860.021
20160222,2927.175
20160223,2903.331
20160224,2928.896
20160225,2741.245
20160226,2767.21
20160229,2687.979
20160301,2733.17
20160302,2849.681
20160303,2859.758
20160304,2874.147
20160307,2897.34
20160308,2901.387
20160309,2862.556
20160310,2804.726
20160311,2810.307
20160314,2859.499
20160315,2864.368
20160316,2870.43
20160317,2904.832
20160318,2955.15
20160321,3018.802
20160322,2999.363
20160323,3009.96
20160324,2960.97
20160325,2979.434
20160328,2957.82
20160329,2919.832
20160330,3000.645
20160331,3003.915
20160401,3009.53
20160405,3053.065
20160406,3050.592
20160407,3008.42
20160408,2984.958
20160411,3033.957
20160412,3023.646
20160413,3066.638
20160414,3082.362
20160415,3078.117
20160418,3033.66
20160419,3042.823
20160420,2972.584
20160421,2952.891
20160422,2959.24
20160425,2946.67
20160426,2964.7
20160427,2953.671
20160428,2945.589
20160429,2938.324
20160503,2992.643
20160504,2991.272
20160505,2997.842
20160506,2913.248
20160509,2832.113
20160510,2832.591
20160511,2837.037
20160512,2835.862
20160513,2827.109
20160516,2850.862
20160517,2843.684
20160518,2807.514
20160519,2806.906
20160520,2825.483
20160523,2843.645
20160524,2821.666
20160525,2815.0863
20160526,2822.443
20160527,2821.046
20160530,2822.451
20160531,2916.616
20160601,2913.508
20160602,2925.229
20160603,2938.682
20160606,2934.098
20160607,2936.045
20160608,2927.159
20160613,2833.071
20160614,2842.189
20160615,2887.21
20160616,2872.817
20160617,2885.105
20160620,2888.809
20160621,2878.558
20160622,2905.55
20160623,2891.96
20160624,2854.286
20160627,2895.703
20160628,2912.557
20160629,2931.592
20160630,2929.606
20160701,2932.476
20160704,2988.604
20160705,3006.392
20160706,3017.292
20160707,3016.847
20160708,2988.094
20160711,2994.917
20160712,3049.381
20160713,3060.689
20160714,3054.018
20160715,3054.296
20160718,3043.564
20160719,3036.598
20160720,3027.9
20160721,3039.009
20160722,3012.816
20160725,3015.828
20160726,3050.166
20160727,2991.999
20160728,2994.323
20160729,2979.339
20160801,2953.385
20160802,2971.279
20160803,2978.461
20160804,2982.426
20160805,2976.696
20160808,3004.277
20160809,3025.681
20160810,3018.746
20160811,3002.638
20160812,3050.667
20160815,3125.195
20160816,3110.037
20160817,3109.555
20160818,3104.114
20160819,3108.102
20160822,3084.805
20160823,3089.706
20160824,3085.88
20160825,3068.329
20160826,3070.309
20160829,3070.027
20160830,3074.677
20160831,3085.491
20160901,3063.305
20160902,3067.352
20160905,3072.095
20160906,3090.713
20160907,3091.928
20160908,3095.954
20160909,3078.855
20160912,3021.977
20160913,3023.51
20160914,3002.849
20160919,3026.051
20160920,3023.0
20160921,3025.874
20160922,3042.313
20160923,3033.896
20160926,2980.43
20160927,2998.172
20160928,2987.858
20160929,2998.483
20160930,3004.703
20161010,3048.143
20161011,3065.25
20161012,3058.498
20161013,3061.346
20161014,3063.809
20161017,3041.166
20161018,3083.875
20161019,3084.719
20161020,3084.458
20161021,3090.941
20161024,3128.247
20161025,3131.939
20161026,3116.312
20161027,3112.35
20161028,3104.27
20161031,3100.492
20161101,3122.436
20161102,3102.733
20161103,3128.936
20161104,3125.317
20161107,3133.333
20161108,3147.888
20161109,3128.37
20161110,3171.282
20161111,3196.044
20161114,3210.371
20161115,3206.986
20161116,3205.057
20161117,3208.453
20161118,3192.856
20161121,3218.148
20161122,3248.352
20161123,3241.137
20161124,3241.736
20161125,3261.938
20161128,3277.0
20161129,3282.924
20161130,3250.034
20161201,3273.309
20161202,3243.843
20161205,3204.709
20161206,3199.647
20161207,3222.242
20161208,3215.366
20161209,3232.883
20161212,3152.97
20161213,3155.037
20161214,3140.531
20161215,3117.677
20161216,3122.982
20161219,3118.0846
20161220,3102.8759
20161221,3137.4297
20161222,3139.558
20161223,3110.1544
20161226,3122.569
20161227,3114.664
20161228,3102.2357
20161229,3096.0968
20161230,3103.6373
20170103,3135.9208
20170104,3158.794
20170105,3165.4109
20170106,3154.321
20170109,3171.2362
20170110,3161.6713
20170111,3136.7535
20170112,3119.2886
20170113,3112.7644
20170116,3103.428
20170117,3108.7746
20170118,3113.0123
20170119,3101.2992
20170120,3123.1389
20170123,3136.7748
20170124,3142.5533
20170125,3149.5547
20170126,3159.166
20170203,3140.17
20170206,3156.9838
20170207,3153.0878
20170208,3166.9818
20170209,3183.1794
20170210,3196.699
20170213,3216.8394
20170214,3217.928
20170215,3212.9857
20170216,3229.6184
20170217,3202.0756
20170220,3239.9613
20170221,3253.3257
20170222,3261.2184
20170223,3251.375
20170224,3253.4327
20170227,3228.6602
20170228,3241.7331
20170301,3246.9335
20170302,3230.0281
20170303,3218.3118
20170306,3233.8657
20170307,3242.4063
20170308,3240.6646
20170309,3216.7457
20170310,3212.7601
20170313,3237.0244
20170314,3239.3278
20170315,3241.7597
20170316,3268.9354
20170317,3237.4471
20170320,3250.8082
20170321,3261.6108
20170322,3245.2198
20170323,3248.5495
20170324,3269.4451
20170327,3266.9552
20170328,3252.9479
20170329,3241.3144
20170330,3210.2369
20170331,3222.5142
20170405,3270.3054
20170406,3281.0047
20170407,3286.616
20170410,3269.3926
20170411,3288.9657
20170412,3273.8301
20170413,3275.9603
20170414,3246.0668
20170417,3222.1673
20170418,3196.7133
20170419,3170.6867
20170420,3172.1003
20170421,3173.1512
20170424,3129.5312
20170425,3134.5674
20170426,3140.8471
20170427,3152.1869
20170428,3154.6584
20170502,3143.7121
20170503,3135.346
20170504,3127.3687
20170505,3103.0378
20170508,3078.6129
20170509,3080.5269
20170510,3052.785
20170511,3061.5003
20170512,3083.5132
20170515,3090.2289
20170516,3112.9642
20170517,3104.4415
20170518,3090.139
20170519,3090.6309
20170522,3075.6756
20170523,3061.947
20170524,3064.0759
20170525,3107.8311
20170526,3110.0587
20170531,3117.1778
20170601,3102.6232
20170602,3105.54
20170605,3091.6561
20170606,3102.126
20170607,3140.3249
20170608,3150.3336
20170609,3158.4004
20170612,3139.8766
20170613,3153.7429
20170614,3130.674
20170615,3132.4863
20170616,3123.1662
20170619,3144.3739
20170620,3140.0136
20170621,3156.2118
20170622,3147.4532
20170623,3157.873
20170626,3185.4439
20170627,3191.1969
20170628,3173.2014
20170629,3188.0625
20170630,3192.4269
20170703,3195.9116
20170704,3182.8039
20170705,3207.1342
20170706,3212.444
20170707,3217.9567
20170710,3212.6319
20170711,3203.0375
20170712,3197.5439
20170713,3218.1632
20170714,3222.4168
20170717,3176.4648
20170718,3187.5672
20170719,3230.9762
20170720,3244.8647
20170721,3237.9817
20170724,3250.5989
20170725,3243.6894
20170726,3247.6748
20170727,3249.7814
20170728,3253.2404
20170731,3273.0283
20170801,3292.6383
20170802,3285.0568
20170803,3272.9286
20170804,3262.0809
20170807,3279.4566
20170808,3281.8728
20170809,3275.573
20170810,3261.7494
20170811,3208.5413
20170814,3237.3602
20170815,3251.2617
20170816,3246.4512
20170817,3268.4298
20170818,3268.7243
20170821,3286.9055
20170822,3290.2257
20170823,3287.7049
20170824,3271.5117
20170825,3331.5221
20170828,3362.6514
20170829,3365.2261
20170830,3363.6266
20170831,3360.8103
20170901,3367.1194
20170904,3379.583
20170905,3384.317
20170906,3385.3888
20170907,3365.4974
20170908,3365.2426
20170911,3376.4188
20170912,3379.488
20170913,3384.147
20170914,3371.4256
20170915,3353.6192
20170918,3362.8587
20170919,3356.8446
20170920,3365.9959
20170921,3357.8123
20170922,3352.5294
20170925,3341.5487
20170926,3343.5826
20170927,3345.2717
20170928,3339.6421
20170929,3348.9431
20171009,3374.3781
20171010,3382.9879
20171011,3388.2838
20171012,3386.1
20171013,3390.5233
20171016,3378.4704
20171017,3372.0407
20171018,3381.7937
20171019,3370.1721
20171020,3378.6481
20171023,3380.699
20171024,3388.2477
20171025,3396.8975
20171026,3407.5671
20171027,3416.8124
20171030,3390.3371
20171031,3393.3417
20171101,3395.9125
20171102,3383.3095
20171103,3371.7441
20171106,3388.1742
20171107,3413.5748
20171108,3415.4602
20171109,3427.7946
20171110,3432.6731
20171113,3447.8358
20171114,3429.5482
20171115,3402.5245
20171116,3399.2503
20171117,3382.9075
20171120,3392.3988
20171121,3410.4977
20171122,3430.4643
20171123,3351.9182
20171124,3353.8207
20171127,3322.2298
20171128,3333.657
20171129,3337.862
20171130,3317.1884
20171201,3317.6174
20171204,3309.6183
20171205,3303.6751
20171206,3293.9648
20171207,3272.0542
20171208,3289.9924
20171211,3322.1956
20171212,3280.8136
20171213,3303.0373
20171214,3292.4385
20171215,3266.1371
20171218,3267.9224
20171219,3296.5384
20171220,3287.6057
20171221,3300.0593
20171222,3297.063
20171225,3280.461
20171226,3306.1246
20171227,3275.7828
20171228,3296.3847
20171229,3307.1721
20180102,3348.3259
20180103,3369.1084
20180104,3385.7102
20180105,3391.7501
20180108,3409.4795
20180109,3413.8996
20180110,3421.8343
20180111,3425.3449
20180112,3428.9407
20180115,3410.4882
20180116,3436.594
20180117,3444.6713
20180118,3474.754
20180119,3487.864
20180122,3501.3622
20180123,3546.5048
20180124,3559.4653
20180125,3548.307
20180126,3558.1288
20180129,3523.0007
20180130,3488.009
20180131,3480.8334
20180201,3446.9799
20180202,3462.0808
20180205,3487.497
20180206,3370.652
20180207,3309.2598
20180208,3262.0504
20180209,3129.8508
20180212,3154.1254
20180213,3184.9587
20180214,3199.1589
20180222,3268.5589
20180223,3289.0241
20180226,3329.5737
20180227,3292.0679
20180228,3259.408
20180301,3273.7549
20180302,3254.5283
20180305,3256.9263
20180306,3289.6419
20180307,3271.6683
20180308,3288.4055
20180309,3307.1656
20180312,3326.6992
20180313,3310.2389
20180314,3291.3819
20180315,3291.112
20180316,3269.8821
20180319,3279.2517
20180320,3290.6399
20180321,3280.9521
20180322,3263.4803
20180323,3152.7608
20180326,3133.7218
20180327,3166.6488
20180328,3122.2895
20180329,3160.5306
20180330,3168.8966
20180402,3163.179
20180403,3136.6332
20180404,3131.1114
20180409,3138.2936
20180410,3190.3216
20180411,3208.0818
20180412,3180.1583
20180413,3159.0521
20180416,3110.6489
20180417,3066.7967
20180418,3091.3987
20180419,3117.376
20180420,3071.5425
20180423,3068.012
20180424,3128.9271
20180425,3117.9739
20180426,3075.0301
20180427,3082.2316
20180502,3081.1773
20180503,3100.8586
20180504,3091.0334
20180507,3136.6448
20180508,3161.4976
20180509,3159.1502
20180510,3174.4127
20180511,3163.2632
20180514,3174.032
20180515,3192.1183
20180516,3169.5652
20180517,3154.2825
20180518,3193.3034
20180521,3213.8404
20180522,3214.3497
20180523,3168.9642
20180524,3154.6506
20180525,3141.3032
20180528,3135.0821
20180529,3120.4605
20180530,3041.4434
20180531,3095.4737
20180601,3075.1372
20180604,3091.1909
20180605,3114.2055
20180606,3115.1803
20180607,3109.4988
20180608,3067.1478
20180611,3052.7831
20180612,3079.8018
20180613,3049.7965
20180614,3044.1597
20180615,3021.9008
20180619,2907.8221
20180620,2915.7314
20180621,2875.8099
20180622,2889.7603
20180625,2859.3364
20180626,2844.5081
20180627,2813.1775
20180628,2786.8966
20180629,2847.4181
20180702,2775.557
20180703,2786.8878
20180704,2759.126
20180705,2733.8819
20180706,2747.2285
20180709,2815.1095
20180710,2827.6252
20180711,2777.7711
20180712,2837.6586
20180713,2831.1837
20180716,2814.0418
20180717,2798.1259
20180718,2787.257
20180719,2772.5454
20180720,2829.2712
20180723,2859.5424
20180724,2905.5618
20180725,2903.6467
20180726,2882.2254
20180727,2873.5938
20180730,2869.0495
20180731,2876.4009
20180801,2824.5337
20180802,2768.0239
20180803,2740.4429
20180806,2705.1565
20180807,2779.374
20180808,2744.0696
20180809,2794.3818
20180810,2795.3099
20180813,2785.872
20180814,2780.9646
20180815,2723.2576
20180816,2705.1917
20180817,2668.966
20180820,2698.4658
20180821,2733.8264
20180822,2714.6082
20180823,2724.6244
20180824,2729.4308
20180827,2780.899
20180828,2777.9808
20180829,2769.2947
20180830,2737.7367
20180831,2725.2499
20180903,2720.7344
20180904,2750.5804
20180905,2704.3368
20180906,2691.5929
20180907,2702.3007
20180910,2669.4845
20180911,2664.7997
20180912,2656.1101
20180913,2686.5784
20180914,2681.6431
20180917,2651.7886
20180918,2699.9501
20180919,2730.8503
20180920,2729.2438
20180921,2797.4848
20180925,2781.1385
20180926,2806.8133
20180927,2791.7748
20180928,2821.3501
20181008,2716.5104
20181009,2721.013
20181010,2725.8367
20181011,2583.4575
20181012,2606.9125
20181015,2568.0984
20181016,2546.3296
20181017,2561.614
20181018,2486.4186
20181019,2550.4652
20181022,2654.8762
20181023,2594.8255
20181024,2603.2951
20181025,2603.7995
20181026,2598.8468
20181029,2542.1033
20181030,2568.0481
20181031,2602.7832
20181101,2606.2372
20181102,2676.4762
20181105,2665.4306
20181106,2659.3564
20181107,2641.342
20181108,2635.6322
20181109,2598.8715
20181112,2630.5195
20181113,2654.8795
20181114,2632.2425
20181115,2668.1704
20181116,2679.1097
20181119,2703.5116
20181120,2645.8545
20181121,2651.5053
20181122,2645.4339
20181123,2579.4831
20181126,2575.8101
20181127,2574.6792
20181128,2601.7365
20181129,2567.4434
20181130,2588.1875
20181203,2654.798
20181204,2665.9577
20181205,2649.8051
20181206,2605.1813
20181207,2605.8876
20181210,2584.5822
20181211,2594.0881
20181212,2602.1526
20181213,2634.0491
20181214,2593.7407
20181217,2597.9737
20181218,2576.6495
20181219,2549.5634
20181220,2536.2675
20181221,2516.2506
20181224,2527.0071
20181225,2504.819
20181226,2498.2939
20181227,2483.0864
20181228,2493.8962
20190102,2465.291
20190103,2464.3628
20190104,2514.8682
20190107,2533.0887
20190108,2526.4622
20190109,2544.3449
20190110,2535.0985
20190111,2553.8313
20190114,2535.7653
20190115,2570.3449
20190116,2570.4221
20190117,2559.637
20190118,2596.0056
20190121,2610.5094
20190122,2579.7041
20190123,2581.0041
20190124,2591.6935
20190125,2601.7234
20190128,2596.9767
20190129,2594.2536
20190130,2575.5756
20190131,2584.5724
20190201,2618.2323
20190211,2653.896
20190212,2671.8937
20190213,2721.0683
20190214,2719.6999
20190215,2682.385
20190218,2754.3566
20190219,2755.6459
20190220,2761.2189
20190221,2751.8012
20190222,2804.2262
20190225,2961.2834
20190226,2941.5163
20190227,2953.8242
20190228,2940.9538
20190301,2994.005
20190304,3027.5755
20190305,3054.2466
20190306,3102.0991
20190307,3106.4179
20190308,2969.8614
20190311,3026.9925
20190312,3060.3073
20190313,3026.9513
20190314,2990.685
20190315,3021.7512
20190318,3096.4176
20190319,3090.975
20190320,3090.6403
20190321,3101.455
20190322,3104.1487
20190325,3043.0313
20190326,2997.0954
20190327,3022.7196
20190328,2994.9434
20190329,3090.758
20190401,3170.361
20190402,3176.8227
20190403,3216.2952
20190404,3246.5714
20190408,3244.8103
20190409,3239.6639
20190410,3241.9299
20190411,3189.9619
20190412,3188.6256
20190415,3177.7866
20190416,3253.5978
20190417,3263.1179
20190418,3250.2012
20190419,3270.7973
20190422,3215.0426
20190423,3198.5938
20190424,3201.6137
20190425,3123.8261
20190426,3086.3989
20190429,3062.4985
20190430,3078.3389
20190506,2906.464
20190507,2926.3908
20190508,2893.7567
20190509,2850.9537
20190510,2939.2106
20190513,2903.7131
20190514,2883.6107
20190515,2938.6781
20190516,2955.711
20190517,2882.2962
20190520,2870.6046
20190521,2905.9688
20190522,2891.7046
20190523,2852.5153
20190524,2852.9948
20190527,2892.3782
20190528,2909.9106
20190529,2914.6964
20190530,2905.8054
20190531,2898.6961
20190603,2890.0809
20190604,2862.2803
20190605,2861.4181
20190606,2827.7978
20190610,2852.1302
20190611,2925.7162
20190612,2909.3796
20190613,2910.7406
20190614,2881.9743
20190617,2887.6221
20190618,2890.158
20190619,2917.8029
20190620,2987.1186
20190621,3001.9802
20190624,3008.1479
20190625,2982.0738
20190626,2976.2837
20190627,2996.7926
20190628,2978.8784
20190701,3044.9028
20190702,3043.9428
20190703,3015.2633
20190704,3005.2488
20190705,3011.0588
20190708,2933.3634
20190709,2928.2295
20190710,2915.3022
20190711,2917.7609
20190712,2930.5462
20190715,2942.1853
20190716,2937.6168
20190717,2931.6926
20190718,2901.1766
20190719,2924.2006
20190722,2886.974
20190723,2899.9446
20190724,2923.2775
20190725,2937.3601
20190726,2944.541
20190729,2941.007
20190730,2952.3383
20190731,2932.5058
20190801,2908.766
20190802,2867.8376
20190805,2821.4957
20190806,2777.5559
20190807,2768.6795
20190808,2794.5523
20190809,2774.7532
20190812,2814.9944
20190813,2797.2596
20190814,2808.9146
20190815,2815.7976
20190816,2823.8238
20190819,2883.096
20190820,2880.0012
20190821,2880.3307
20190822,2883.4358
20190823,2897.4253
20190826,2863.5673
20190827,2902.1932
20190828,2893.7564
20190829,2890.9192
20190830,2886.2365
20190902,2924.1063
20190903,2930.1538
20190904,2957.4116
20190905,2985.8648
20190906,2999.6013
20190909,3024.7388
20190910,3021.2024
20190911,3008.8118
20190912,3031.2351
20190916,3030.7544
20190917,2978.1178
20190918,2985.6586
20190919,2999.2789
20190920,3006.4467
20190923,2977.0767
20190924,2985.3406
20190925,2955.4325
20190926,2929.0875
20190927,2932.167
20190930,2905.1892
20191008,2913.5704
20191009,2924.8566
20191010,2947.7106
20191011,2973.6558
20191014,3007.8834
20191015,2991.0459
20191016,2978.7124
20191017,2977.3342
20191018,2938.1413
20191021,2939.6179
20191022,2954.3799
20191023,2941.6188
20191024,2940.9215
20191025,2954.9327
20191028,2980.0498
20191029,2954.176
20191030,2939.3209
20191031,2929.0561
20191101,2958.1992
20191104,2975.4919
20191105,2991.5622
20191106,2978.5955
20191107,2978.7144
20191108,2964.1849
20191111,2909.9746
20191112,2914.8232
20191113,2905.2409
20191114,2909.8697
20191115,2891.3431
20191118,2909.2002
20191119,2933.9908
20191120,2911.0534
20191121,2903.6379
20191122,2885.2884
20191125,2906.1688
20191126,2907.0602
20191127,2903.1947
20191128,2889.6934
20191129,2871.9813
20191202,2875.8072
20191203,2884.6988
20191204,2878.1157
20191205,2899.4685
20191206,2912.0136
20191209,2914.4775
20191210,2917.3157
20191211,2924.4173
20191212,2915.6983
20191213,2967.6764
20191216,2984.3925
20191217,3022.4219
20191218,3017.0444
20191219,3017.0658
20191220,3004.9376
20191223,2962.7513
20191224,2982.6806
20191225,2981.8805
20191226,3007.3546
20191227,3005.0355
20191230,3040.0239
20191231,3050.124
20200102,3085.1976
20200103,3083.7858
20200106,3083.4083
20200107,3104.8015
20200108,3066.8925
20200109,3094.8819
20200110,3092.2907
20200113,3115.5696
20200114,3106.8204
20200115,3090.0379
20200116,3074.0814
20200117,3075.4955
20200120,3095.7873
20200121,3052.1419
20200122,3060.7545
20200123,2976.5281
20200203,2746.6056
20200204,2783.2875
20200205,2818.0878
20200206,2866.5097
20200207,2875.9636
20200210,2890.4878
20200211,2901.6744
20200212,2926.8991
20200213,2906.0735
20200214,2917.0077
20200217,2983.6224
20200218,2984.9716
20200219,2975.4019
20200220,3030.1542
20200221,3039.6692
20200224,3031.2333
20200225,3013.0501
20200226,2987.9287
20200227,2991.3288
20200228,2880.3038
20200302,2970.9312
20200303,2992.8968
20200304,3011.6657
20200305,3071.6771
20200306,3034.5113
20200309,2943.2907
20200310,2996.7618
20200311,2968.5174
20200312,2923.4856
20200313,2887.4265
20200316,2789.2537
20200317,2779.6407
20200318,2728.7563
20200319,2702.1296
20200320,2745.6182
20200323,2660.1674
20200324,2722.4381
20200325,2781.5913
20200326,2764.9109
20200327,2772.2033
20200330,2747.2138
20200331,2750.2962
20200401,2734.5215
20200402,2780.6379
20200403,2763.9874
20200407,2820.7634
20200408,2815.3686
20200409,2825.9036
20200410,2796.6312
20200413,2783.0476
20200414,2827.283
20200415,2811.1741
20200416,2819.935
20200417,2838.4945
20200420,2852.5528
20200421,2827.0133
20200422,2843.9804
20200423,2838.4994
20200424,2808.5293
20200427,2815.4947
20200428,2810.0243
20200429,2822.4424
20200430,2860.0822
20200506,2878.1402
20200507,2871.5232
20200508,2895.3444
20200511,2894.802
20200512,2891.5564
20200513,2898.0495
20200514,2870.3422
20200515,2868.4587
20200518,2875.4176
20200519,2898.576
20200520,2883.7378
20200521,2867.9237
20200522,2813.7654
20200525,2817.9697
20200526,2846.5473
20200527,2836.8036
20200528,2846.2217
20200529,2852.3512
20200601,2915.4311
20200602,2921.398
20200603,2923.3711
20200604,2919.2506
20200605,2930.7993
20200608,2937.7712
20200609,2956.1116
20200610,2943.7525
20200611,2920.8968
20200612,2919.7408
20200615,2890.0306
20200616,2931.7493
20200617,2935.873
20200618,2939.3151
20200619,2967.6341
20200622,2965.2717
20200623,2970.6203
20200624,2979.5505
20200629,2961.5164
20200630,2984.6741
20200701,3025.981
20200702,3090.5693
20200703,3152.8126
20200706,3332.8807
20200707,3345.3369
20200708,3403.4401
20200709,3450.5935
20200710,3383.3222
20200713,3443.2863
20200714,3414.6186
20200715,3361.3044
20200716,3210.0986
20200717,3214.1287
20200720,3314.149
20200721,3320.8947
20200722,3333.1635
20200723,3325.1102
20200724,3196.7684
20200727,3205.2268
20200728,3227.9604
20200729,3294.5521
20200730,3286.822
20200731,3310.0065
20200803,3367.9658
20200804,3371.6875
20200805,3377.5648
20200806,3386.4631
20200807,3354.0352
20200810,3379.2524
20200811,3340.29
20200812,3319.2656
20200813,3320.7261
20200814,3360.0988
20200817,3438.801
20200818,3451.0894
20200819,3408.1288
20200820,3363.8988
20200821,3380.6825
20200824,3385.6383
20200825,3373.5781
20200826,3329.7388
20200827,3350.1128
20200828,3403.8066
20200831,3395.6775
20200901,3410.6068
20200902,3404.8017
20200903,3384.9806
20200904,3355.3666
20200907,3292.5907
20200908,3316.417
20200909,3254.6279
20200910,3234.8234
20200911,3260.3461
20200914,3278.8138
20200915,3295.6795
20200916,3283.9244
20200917,3270.435
20200918,3338.0897
20200921,3316.9351
20200922,3274.3015
20200923,3279.7105
20200924,3223.1764
20200925,3219.4179
20200928,3217.5346
20200929,3224.3593
20200930,3218.0521
20201009,3272.0762
20201012,3358.4652
20201013,3359.7499
20201014,3340.7782
20201015,3332.1832
20201016,3336.3582
20201019,3312.6671
20201020,3328.1029
20201021,3325.0247
20201022,3312.5005
20201023,3277.9972
20201026,3251.1188
20201027,3254.3157
20201028,3269.238
20201029,3272.7274
20201030,3224.5325
20201102,3225.1196
20201103,3271.0744
20201104,3277.4402
20201105,3320.1333
20201106,3312.159
20201109,3373.7337
20201110,3360.1485
20201111,3342.2025
20201112,3338.6788
20201113,3310.1046
20201116,3346.9692
20201117,3339.895
20201118,3347.3034
20201119,3363.0876
20201120,3377.7267
20201123,3414.4899
20201124,3402.8225
20201125,3362.3274
20201126,3369.7334
20201127,3408.3071
20201130,3391.7551
20201201,3451.9384
20201202,3449.3805
20201203,3442.1359
20201204,3444.5814
20201207,3416.6037
20201208,3410.1771
20201209,3371.964
20201210,3373.2758
20201211,3347.191
20201214,3369.1201
20201215,3367.2326
20201216,3366.9832
20201217,3404.8732
20201218,3394.896
20201221,3420.5693
20201222,3356.7822
20201223,3382.3195
20201224,3363.1133
20201225,3396.5626
20201228,3397.2854
20201229,3379.0362
20201230,3414.4527
20201231,3473.0693
20210104,3502.9584
20210105,3528.6767
20210106,3550.8767
20210107,3576.2046
20210108,3570.1082
20210111,3531.4978
20210112,3608.3389
20210113,3598.6518
20210114,3565.9046
20210115,3566.3778
20210118,3596.2237
20210119,3566.3814
20210120,3583.092
20210121,3621.2641
20210122,3606.7496
20210125,3624.2381
20210126,3569.429
20210127,3573.3412
20210128,3505.1759
20210129,3483.0692
20210201,3505.2836
20210202,3533.6849
20210203,3517.308
20210204,3501.8592
20210205,3496.3329
20210208,3532.4467
20210209,3603.489
20210210,3655.088
20210218,3675.3571
20210219,3696.168
20210222,3642.4449
20210223,3636.3573
20210224,3564.0799
20210225,3585.0458
20210226,3509.0804
20210301,3551.3998
20210302,3508.5912
20210303,3576.9045
20210304,3503.4916
20210305,3501.9867
20210308,3421.4141
20210309,3359.292
20210310,3357.7372
20210311,3436.8313
20210312,3453.0777
20210315,3419.9456
20210316,3446.7334
20210317,3445.5509
20210318,3463.0681
20210319,3404.6634
20210322,3443.4392
20210323,3411.5088
20210324,3367.0606
20210325,3363.5915
20210326,3418.3267
20210329,3435.2958
20210330,3456.6766
20210331,3441.9115
20210401,3466.3315
20210402,3484.3924
20210406,3482.9674
20210407,3479.6256
20210408,3482.5548
20210409,3450.6772
20210412,3412.9477
20210413,3396.47
20210414,3416.7212
20210415,3398.9875
20210416,3426.6178
20210419,3477.5485
20210420,3472.9427
20210421,3472.9298
20210422,3465.1138
20210423,3474.166
20210426,3441.1658
20210427,3442.6111
20210428,3457.0683
20210429,3474.9011
20210430,3446.8564
20210506,3441.2826
20210507,3418.8741
20210510,3427.9909
20210511,3441.8454
20210512,3462.7513
20210513,3429.5361
20210514,3490.3762
20210517,3517.6158
20210518,3529.0144
20210519,3510.9647
20210520,3506.9444
20210521,3486.5569
20210524,3497.2821
20210525,3581.3418
20210526,3593.357
20210527,3608.8507
20210528,3600.7844
20210531,3615.4773
20210601,3624.7138
20210602,3597.1379
20210603,3584.2121
20210604,3591.8447
20210607,3599.541
20210608,3580.1063
20210609,3591.3965
20210610,3610.859
20210611,3589.7481
20210615,3556.559
20210616,3518.3292
20210617,3525.6042
20210618,3525.0968
20210621,3529.1826
20210622,3557.412
20210623,3566.2199
20210624,3566.6539
20210625,3607.5618
20210628,3606.3722
20210629,3573.1779
20210630,3591.197
20210701,3588.7816
20210702,3518.7595
20210705,3534.3222
20210706,3530.2589
20210707,3553.7155
20210708,3525.5039
20210709,3524.0881
20210712,3547.8362
20210713,3566.5225
20210714,3528.5011
20210715,3564.5902
20210716,3539.3038
20210719,3539.1225
20210720,3536.7905
20210721,3562.6611
20210722,3574.7344
20210723,3550.3964
20210726,3467.4409
20210727,3381.1833
20210728,3361.5895
20210729,3411.724
20210730,3397.3574
20210802,3464.2854
20210803,3447.9914
20210804,3477.2186
20210805,3466.5491
20210806,3458.2277
20210809,3494.6348
20210810,3529.9309
20210811,3532.6213
20210812,3524.7374
20210813,3516.2989
20210816,3517.3447
20210817,3446.976
20210818,3485.2859
20210819,3465.5546
20210820,3427.3338
20210823,3477.1321
20210824,3514.471
20210825,3540.3837
20210826,3501.6643
20210827,3522.1567
20210830,3528.1512
20210831,3543.9402
20210901,3567.1008
20210902,3597.0426
20210903,3581.7344
20210906,3621.8593
20210907,3676.5866
20210908,3675.1865
20210909,3693.1296
20210910,3703.1103
20210913,3715.3723
20210914,3662.6015
20210915,3656.2232
20210916,3607.0922
20210917,3613.9663
20210922,3628.4897
20210923,3642.2204
20210924,3613.0673
20210927,3582.8307
20210928,3602.2184
20210929,3536.2944
20210930,3568.1668
20211008,3592.1666
20211011,3591.7087
20211012,3546.9362
20211013,3561.7623
20211014,3558.2795
20211015,3572.3662
20211018,3568.1379
20211019,3593.1533
20211020,3587.0009
20211021,3594.7831
20211022,3582.6036
20211025,3609.8626
20211026,3597.6377
20211027,3562.3052
20211028,3518.4166
20211029,3547.3361
20211101,3544.4795
20211102,3505.6283
20211103,3498.5368
20211104,3526.8657
20211105,3491.5677
20211108,3498.6308
20211109,3507.0018
20211110,3492.4616
20211111,3532.7858
20211112,3539.1002
20211115,3533.3026
20211116,3521.7867
20211117,3537.3662
20211118,3520.7106
20211119,3560.3734
20211122,3582.0797
20211123,3589.0894
20211124,3592.7025
20211125,3584.1788
20211126,3564.0894
20211129,3562.6968
20211130,3563.8872
20211201,3576.8853
20211202,3573.8358
20211203,3607.4322
20211206,3589.3061
20211207,3595.0882
20211208,3637.5675
20211209,3673.0412
20211210,3666.3479
20211213,3681.082
20211214,3661.5253
20211215,3647.6303
20211216,3675.016
20211217,3632.3638
20211220,3593.6019
20211221,3625.1251
20211222,3622.6178
20211223,3643.3391
20211224,3618.0535
20211227,3615.9741
20211228,3630.1115
20211229,3597.0002
20211230,3619.1886
20211231,3639.7754
20220104,3632.3289
20220105,3595.1761
20220106,3586.0792
20220107,3579.5427
20220110,3593.5187
20220111,3567.4409
20220112,3597.4321
20220113,3555.2585
20220114,3521.2559
20220117,3541.666
20220118,3569.9144
20220119,3558.1796
20220120,3555.0629
20220121,3522.5679
20220124,3524.105
20220125,3433.0612
20220126,3455.6679
20220127,3394.2474
20220128,3361.4397
20220207,3429.5809
20220208,3452.6288
20220209,3479.9458
20220210,3485.9071
20220211,3462.9479
20220214,3428.8821
20220215,3446.0885
20220216,3465.8305
20220217,3468.0354
20220218,3490.7573
20220221,3490.6123
20220222,3457.146
20220223,3489.1465
20220224,3429.9564
20220225,3451.4061
20220228,3462.3064
20220301,3488.8347
20220302,3484.1916
20220303,3481.1125
20220304,3447.649
20220307,3372.8552
20220308,3293.5301
20220309,3256.3884
20220310,3296.0922
20220311,3309.7467
20220314,3223.5328
20220315,3063.9652
20220316,3170.7103
20220317,3215.0445
20220318,3251.0724
20220321,3253.6857
20220322,3259.8619
20220323,3271.0325
20220324,3250.2644
20220325,3212.2399
20220328,3214.5027
20220329,3203.9393
20220330,3266.5959
20220331,3252.2029
20220401,3282.7166
20220406,3283.4261
20220407,3236.6951
20220408,3251.8502
20220411,3167.1259
20220412,3213.3295
20220413,3186.8244
20220414,3225.6412
20220415,3211.2448
20220418,3195.524
20220419,3194.0287
20220420,3151.0498
20220421,3079.8077
20220422,3086.9193
20220425,2928.5118
20220426,2886.4257
20220427,2958.282
20220428,2975.4848
20220429,3047.0624
20220505,3067.7587
20220506,3001.5605
20220509,3004.1409
20220510,3035.8442
20220511,3058.7027
20220512,3054.994
20220513,3084.2845
20220516,3073.7488
20220517,3093.6965
20220518,3085.9768
20220519,3096.9648
20220520,3146.5673
20220523,3146.8573
20220524,3070.9272
20220525,3107.4641
20220526,3123.1079
20220527,3130.2394
20220530,3149.0607
20220531,3186.4271
20220601,3182.1566
20220602,3195.458
20220606,3236.3719
20220607,3241.7635
20220608,3263.7934
20220609,3238.9543
20220610,3284.8341
20220613,3255.5511
20220614,3288.9066
20220615,3305.4066
20220616,3285.3845
20220617,3316.7857
20220620,3315.4302
20220621,3306.7186
20220622,3267.2016
20220623,3320.1487
20220624,3349.747
20220627,3379.1852
20220628,3409.2103
20220629,3361.5177
20220630,3398.6161
20220701,3387.6373
20220704,3405.4267
20220705,3404.0252
20220706,3355.3497
20220707,3364.398
20220708,3356.0778
20220711,3313.584
20220712,3281.4665
20220713,3284.2918
20220714,3281.744
20220715,3228.0609
20220718,3278.1033
20220719,3279.4313
20220720,3304.7243
20220721,3272.0012
20220722,3269.9739
20220725,3250.388
20220726,3277.4356
20220727,3275.7553
20220728,3282.5758
20220729,3253.2382
20220801,3259.9585
20220802,3186.2664
20220803,3163.6741
20220804,3189.0391
20220805,3227.0267
20220808,3236.9337
20220809,3247.4318
20220810,3230.02
20220811,3281.6654
20220812,3276.8877
20220815,3276.087
20220816,3277.8847
20220817,3292.526
20220818,3277.5438
20220819,3258.0784
20220822,3277.7943
20220823,3276.2234
20220824,3215.2033
20220825,3246.2481
20220826,3236.2226
20220829,3240.7275
20220830,3227.2203
20220831,3202.1378
20220901,3184.9797
20220902,3186.4781
20220905,3199.9118
20220906,3243.4466
20220907,3246.2943
20220908,3235.5862
20220909,3262.0542
20220913,3263.7972
20220914,3237.5419
20220915,3199.9187
20220916,3126.3977
20220919,3115.6019
20220920,3122.4058
20220921,3117.1774
20220922,3108.9096
20220923,3088.3695
20220926,3051.226
20220927,3093.8618
20220928,3045.0668
20220929,3041.2046
20220930,3024.3905
20221010,2974.1454
20221011,2979.7926
20221012,3025.5055
20221013,3016.3561
20221014,3071.9868
20221017,3084.9423
20221018,3080.9574
20221019,3044.3777
20221020,3035.0504
20221021,3038.9291
20221024,2977.5554
20221025,2976.283
20221026,2999.5036
20221027,2982.9029
20221028,2915.9257
20221031,2893.4829
20221101,2969.1995
20221102,3003.3699
20221103,2997.8057
20221104,3070.7964
20221107,3077.817
20221108,3064.4928
20221109,3048.1676
20221110,3036.1318
20221111,3087.2926
20221114,3083.4013
20221115,3134.0778
20221116,3119.9804
20221117,3115.4347
20221118,3097.2432
20221121,3085.0444
20221122,3088.9426
20221123,3096.9073
20221124,3089.3096
20221125,3101.6932
20221128,3078.5485
20221129,3149.7478
20221130,3151.3353
20221201,3165.4711
20221202,3156.1442
20221205,3211.8144
20221206,3212.5334
20221207,3199.6194
20221208,3197.3499
20221209,3206.9502
20221212,3179.0417
20221213,3176.3255
20221214,3176.5253
20221215,3168.6478
20221216,3167.8576
20221219,3107.115
20221220,3073.7659
20221221,3068.4105
20221222,3054.4313
20221223,3045.8664
20221226,3065.5626
20221227,3095.5678
20221228,3087.3997
20221229,3073.7016
20221230,3089.2579
20230103,3116.5119
20230104,3123.5164
20230105,3155.2162
20230106,3157.6365
20230109,3176.0845
20230110,3169.5072
20230111,3161.8376
20230112,3163.4509
20230113,3195.3059
20230116,3227.5916
20230117,3224.2448
20230118,3224.406
20230119,3240.2794
20230120,3264.8138
20230130,3269.318
20230131,3255.6692
20230201,3284.9213
20230202,3285.6705
20230203,3263.4059
20230206,3238.6978
20230207,3248.094
20230208,3232.1063
20230209,3270.3826
20230210,3260.6734
20230213,3284.1599
20230214,3293.2825
20230215,3280.4919
20230216,3249.0295
20230217,3224.0243
20230220,3290.3383
20230221,3306.5236
20230222,3291.1477
20230223,3287.477
20230224,3267.1597
20230227,3258.0344
20230228,3279.6053
20230301,3312.3478
20230302,3310.6536
20230303,3328.3927
20230306,3322.0259
20230307,3285.0988
20230308,3283.2479
20230309,3276.0937
20230310,3230.0766
20230313,3268.6955
20230314,3245.3123
20230315,3263.3148
20230316,3226.8912
20230317,3250.546
20230320,3234.9103
20230321,3255.6505
20230322,3265.7475
20230323,3286.6491
20230324,3265.6537
20230327,3251.3971
20230328,3245.376
20230329,3240.0568
20230330,3261.2485
20230331,3272.8602
20230403,3296.396
20230404,3312.5578
20230406,3312.628
20230407,3327.6457
20230410,3315.3578
20230411,3313.5705
20230412,3327.1816
20230413,3318.3638
20230414,3338.1525
20230417,3385.6095
20230418,3393.3312
20230419,3370.1283
20230420,3367.031
20230421,3301.2575
20230424,3275.413
20230425,3264.8717
20230426,3264.1006
20230427,3285.8844
20230428,3323.2746
20230504,3350.4587
20230505,3334.5028
20230508,3395.0036
20230509,3357.6707
20230510,3319.1506
20230511,3309.5512
20230512,3272.3619
20230515,3310.7367
20230516,3290.9874
20230517,3284.232
20230518,3297.3199
20230519,3283.5417
20230522,3296.4696
20230523,3246.238
20230524,3204.7494
20230525,3201.2605
20230526,3212.5038
20230529,3221.4484
20230530,3224.2133
20230531,3204.5644
20230601,3204.6345
20230602,3230.0686
20230605,3232.441
20230606,3195.3404
20230607,3197.7587
20230608,3213.5855
20230609,3231.4055
20230612,3228.8336
20230613,3233.6734
20230614,3228.9887
20230615,3252.9751
20230616,3273.3341
20230619,3255.8057
20230620,3240.3648
20230621,3197.9011
20230626,3150.6189
20230627,3189.4427
20230628,3189.3758
20230629,3182.3812
20230630,3202.0623
20230703,3243.975
20230704,3245.3492
20230705,3222.9469
20230706,3205.5748
20230707,3196.6092
20230710,3203.6958
20230711,3221.3666
20230712,3196.1337
20230713,3236.48
20230714,3237.7012
20230717,3209.6298
20230718,3197.8201
20230719,3198.8358
20230720,3169.522
20230721,3167.7452
20230724,3164.1608
20230725,3231.5213
20230726,3223.0279
20230727,3216.6709
20230728,3275.9257
20230731,3291.0398
20230801,3290.9493
20230802,3261.6903
20230803,3280.4626
20230804,3288.0842
20230807,3268.8311
20230808,3260.6196
20230809,3244.4867
20230810,3254.5597
20230811,3189.248
20230814,3178.4272
20230815,3176.1758
20230816,3150.1277
20230817,3163.7393
20230818,3131.953
20230821,3092.9777
20230822,3120.3338
20230823,3078.4021
20230824,3082.2439
20230825,3064.0747
20230828,3098.6363
20230829,3135.8867
20230830,3137.1375
20230831,3119.8764
20230901,3133.2467
20230904,3177.0603
20230905,3154.3693
20230906,3158.0769
20230907,3122.3523
20230908,3116.7191
20230911,3142.779
20230912,3137.0593
20230913,3123.0669
20230914,3126.5511
20230915,3117.7434
20230918,3125.9319
20230919,3124.9567
20230920,3108.5679
20230921,3084.701
20230922,3132.4316
20230925,3115.6071
20230926,3102.2726
20230927,3107.3156
20230928,3110.4753
20231009,3096.9224
20231010,3075.2361
20231011,3078.9556
20231012,3107.9007
20231013,3088.0991
20231016,3073.813
20231017,3083.4964
20231018,3058.7098
20231019,3005.3934
20231020,2983.0585
20231023,2939.2913
20231024,2962.2437
20231025,2974.1135
20231026,2988.2992
20231027,3017.7842
20231030,3021.5534
20231031,3018.7706
20231101,3023.0765
20231102,3009.4058
20231103,3030.7977
20231106,3058.4105
20231107,3057.2697
20231108,3052.3726
20231109,3053.2792
20231110,3038.9699
20231113,3046.5329
20231114,3056.0703
20231115,3072.8348
20231116,3050.9257
20231117,3054.3655
20231120,3068.3191
20231121,3067.9328
20231122,3043.611
20231123,3061.8562
20231124,3040.9717
20231127,3031.7002
20231128,3038.5545
20231129,3021.6874
20231130,3029.6727
20231201,3031.6358
20231204,3022.9138
20231205,2972.2959
20231206,2968.9334
20231207,2966.2061
20231208,2969.5594
20231211,2991.4385
20231212,3003.4378
20231213,2968.7606
20231214,2958.9856
20231215,2942.5568
20231218,2930.8036
20231219,2932.3908
20231220,2902.1096
20231221,2918.7149
20231222,2914.7752
20231225,2918.8126
20231226,2898.8787
20231227,2914.6138
20231228,2954.7035
20231229,2974.9348
20240102,2962.2762
20240103,2967.2472
20240104,2954.3486
20240105,2929.1833
20240108,2887.5379
20240109,2893.2513
20240110,2877.7023
20240111,2886.6502
20240112,2881.9769
20240115,2886.2908
20240116,2893.9886
20240117,2833.6152
20240118,2845.7839
20240119,2832.2793
20240122,2756.3399
20240123,2770.9763
20240124,2820.7719
20240125,2906.1087
20240126,2910.2227
20240129,2883.356
20240130,2830.5266
20240131,2788.5482
20240201,2770.7403
20240202,2730.152
20240205,2702.185
20240206,2789.486
20240207,2829.6956
20240208,2865.9032
20240219,2910.544
20240220,2922.7302
20240221,2950.9556
20240222,2988.3578
20240223,3004.881
20240226,2977.0221
20240227,3015.4807
20240228,2957.8524
20240229,3015.1712
20240301,3027.0204
20240304,3039.3055
20240305,3047.7931
20240306,3039.9309
20240307,3027.4013
20240308,3046.0192
20240311,3068.4554
20240312,3055.935
20240313,3043.8346
20240314,3038.2339
20240315,3054.6359
20240318,3084.9262
20240319,3062.7558
20240320,3079.6859
20240321,3077.113
20240322,3048.0336
20240325,3026.3055
20240326,3031.4809
20240327,2993.1388
20240328,3010.6636
20240329,3041.1669
20240401,3077.3786
20240402,3074.9586
20240403,3069.2959
20240408,3047.0526
20240409,3048.5369
20240410,3027.3349
20240411,3034.2464
20240412,3019.4735
20240415,3057.3776
20240416,3007.0681
20240417,3071.3806
20240418,3074.2246
20240419,3065.261
20240422,3044.5952
20240423,3021.9775
20240424,3044.8223
20240425,3052.9
20240426,3088.6357
20240429,3113.0432
20240430,3104.8245
20240506,3140.7204
20240507,3147.738
20240508,3128.4798
20240509,3154.3201
20240510,3154.5472
20240513,3148.0207
20240514,3145.7743
20240515,3119.9021
20240516,3122.401
20240517,3154.0263
20240520,3171.1451
20240521,3157.9657
20240522,3158.5399
20240523,3116.387
20240524,3088.8705
20240527,3124.0427
20240528,3109.5721
20240529,3111.0176
20240530,3091.6778
20240531,3086.8134
20240603,3078.4887
20240604,3091.1992
20240605,3065.4034
20240606,3048.7939
20240607,3051.2787
20240611,3028.0451
20240612,3037.4675
20240613,3028.9187
20240614,3032.6333
20240617,3015.8907
20240618,3030.2464
20240619,3018.0491
20240620,3005.4369
20240621,2998.1377
20240624,2963.0989
20240625,2949.9963
20240626,2972.5251
20240627,2945.8524
20240628,2967.4028
20240701,2994.7303
20240702,2997.0111
20240703,2982.3756
20240704,2957.567
20240705,2949.9333
20240708,2922.4498
20240709,2959.3724
20240710,2939.3636
20240711,2970.3874
20240712,2971.295
20240715,2974.0107
20240716,2976.3043
20240717,2962.8549
20240718,2977.1334
20240719,2982.3086
20240722,2964.2155
20240723,2915.3685
20240724,2901.9518
20240725,2886.7416
20240726,2890.8973
20240729,2891.8453
20240730,2879.2996
20240731,2938.7493
20240801,2932.3871
20240802,2905.3375
20240805,2860.6978
20240806,2867.2837
20240807,2869.8338
20240808,2869.9014
20240809,2862.1941
20240812,2858.2046
20240813,2867.946
20240814,2850.6539
20240815,2877.3579
20240816,2879.4298
20240819,2893.6738
20240820,2866.661
20240821,2856.5839
20240822,2848.7718
20240823,2854.3675
20240826,2855.5203
20240827,2848.7312
20240828,2837.4293
20240829,2823.106
20240830,2842.2142
20240902,2811.035
20240903,2802.9787
20240904,2784.2783
20240905,2788.3141
20240906,2765.8066
20240909,2736.4876
20240910,2744.1921
20240911,2721.7952
20240912,2717.1231
20240913,2704.0896
20240918,2717.2813
20240919,2736.0222
20240920,2736.8139
20240923,2748.9177
20240924,2863.1255
20240925,2896.3057
20240926,3000.9526
20240927,3087.5286
20240930,3336.4974
20241008,3489.7751
20241009,3258.8578
20241010,3301.9259
20241011,3217.7377
20241014,3284.3225
20241015,3201.2919
20241016,3202.948
20241017,3169.3843
20241018,3261.5633
20241021,3268.11
20241022,3285.8669
20241023,3302.8028
20241024,3280.2625
20241025,3299.7003
20241028,3322.1975
20241029,3286.407
20241030,3266.2378
20241031,3279.8244
20241101,3272.0142
20241104,3310.2072
20241105,3386.9869
20241106,3383.8062
20241107,3470.6609
20241108,3452.2971
20241111,3470.0657
20241112,3421.9701
20241113,3439.2778
20241114,3379.8389
20241115,3330.7263
20241118,3323.8486
20241119,3346.0098
20241120,3367.9893
20241121,3370.4039
20241122,3267.1916
20241125,3263.7597
20241126,3259.7572
20241127,3309.7789
20241128,3295.6983
20241129,3326.4557
20241202,3363.9823
20241203,3378.8063
20241204,3364.6498
20241205,3368.8553
20241206,3404.0764
20241209,3402.5343
20241210,3422.6607
20241211,3432.4902
20241212,3461.4998
20241213,3391.8782
20241216,3386.3312
20241217,3361.485
20241218,3382.2081
20241219,3370.0331
20241220,3368.0693
20241223,3351.2571
20241224,3393.5281
20241225,3393.3501
20241226,3398.0765
20241227,3400.142
20241230,3407.3259
20241231,3351.763
