date,CPI_YOY,GDP,M0,M1,M2,PMI,SHIBOR_1M,SHIBOR_1W,SHIBOR_ON
1951-12-01,12.5,,,,,,,,
1952-12-01,2.7,679.0,,,,,,,
1953-12-01,5.1,824.0,,,,,,,
1954-12-01,1.4,859.0,,,,,,,
1955-12-01,0.3,910.0,,,,,,,
1956-12-01,-0.1,1028.0,,,,,,,
1957-12-01,2.6,1068.0,,,,,,,
1958-12-01,-1.1,1307.0,,,,,,,
1959-12-01,0.3,1439.0,,,,,,,
1960-12-01,2.5,1457.0,,,,,,,
1961-12-01,16.1,1220.0,,,,,,,
1962-12-01,3.8,1149.3,,,,,,,
1963-12-01,-5.9,1233.3,,,,,,,
1964-12-01,-3.7,1454.0,,,,,,,
1965-12-01,-1.2,1716.1,,,,,,,
1966-12-01,-1.2,1868.0,,,,,,,
1967-12-01,-0.6,1773.9,,,,,,,
1968-12-01,0.1,1723.1,,,,,,,
1969-12-01,1.0,1937.9,,,,,,,
1970-12-01,0.0,2252.7,,,,,,,
1971-12-01,-0.1,2426.4,,,,,,,
1972-12-01,0.2,2518.1,,,,,,,
1973-12-01,0.1,2720.9,,,,,,,
1974-12-01,0.7,2789.9,,,,,,,
1975-12-01,0.4,2997.3,,,,,,,
1976-12-01,0.3,2943.7,,,,,,,
1977-12-01,2.7,3201.9,,,,,,,
1978-01-01,,,229.59,870.53,,,,,
1978-02-01,,,205.89,833.35,,,,,
1978-03-01,,,194.86,827.83,,,,,
1978-04-01,,,192.63,808.17,,,,,
1978-05-01,,,182.17,757.93,,,,,
1978-06-01,,,178.46,745.08,,,,,
1978-07-01,,,181.02,746.43,,,,,
1978-08-01,,,182.12,755.99,,,,,
1978-09-01,,,188.27,763.47,,,,,
1978-10-01,,,185.24,778.64,,,,,
1978-11-01,,,190.54,808.27,,,,,
1978-12-01,0.7,3645.2,212.03,859.45,,,,,
1979-01-01,,,257.22,851.39,,,,,
1979-02-01,,,228.36,823.0,,,,,
1979-03-01,,,219.02,833.24,,,,,
1979-04-01,,,217.33,835.08,,,,,
1979-05-01,,,209.0,809.14,,,,,
1979-06-01,,,208.71,814.67,,,,,
1979-07-01,,,212.96,831.28,,,,,
1979-08-01,,,215.35,849.58,,,,,
1979-09-01,,,225.57,871.19,,,,,
1979-10-01,,,220.9,895.32,,,,,
1979-11-01,,,235.13,955.66,,,,,
1979-12-01,1.9,4062.6,267.71,1069.36,,,,,
1980-01-01,,,300.41,1031.89,,,,,
1980-02-01,,,279.18,975.8,,,,,
1980-03-01,,,261.49,963.91,,,,,
1980-04-01,,,254.07,954.89,,,,,
1980-05-01,,,243.13,957.2,,,,,
1980-06-01,,,243.3,983.04,,,,,
1980-07-01,,,251.71,1012.49,,,,,
1980-08-01,,,259.97,1043.81,,,,,
1980-09-01,,,274.35,1081.75,,,,,
1980-10-01,,,285.84,1133.15,,,,,
1980-11-01,,,309.0,1206.27,,,,,
1980-12-01,7.5,4545.6,346.2,1315.74,,,,,
1981-01-01,,,415.03,1370.5,,,,,
1981-02-01,,,349.86,1309.39,,,,,
1981-03-01,,,325.62,1289.05,,,,,
1981-04-01,,,318.04,1267.41,,,,,
1981-05-01,,,306.44,1268.12,,,,,
1981-06-01,,,306.38,1297.76,,,,,
1981-07-01,,,315.46,1320.01,,,,,
1981-08-01,,,320.16,1356.45,,,,,
1981-09-01,,,333.15,1393.37,,,,,
1981-10-01,,,345.23,1250.32,,,,,
1981-11-01,,,359.85,1580.86,,,,,
1981-12-01,2.5,4891.6,396.34,1636.56,,,,,
1982-01-01,,,443.01,1638.32,,,,,
1982-02-01,,,402.92,1578.76,,,,,
1982-03-01,,,377.87,1569.69,,,,,
1982-04-01,,,367.33,1552.52,,,,,
1982-05-01,,,349.47,1555.3,,,,,
1982-06-01,,,352.49,1567.42,,,,,
1982-07-01,,,358.21,1587.92,,,,,
1982-08-01,,,359.96,1610.77,,,,,
1982-09-01,,,377.4,1642.91,,,,,
1982-10-01,,,388.4,1693.45,,,,,
1982-11-01,,,404.1,1766.36,,,,,
1982-12-01,2.0,5323.4,439.12,1885.11,,,,,
1983-01-01,,,482.96,1984.95,,,,,
1983-02-01,,,459.91,1925.99,,,,,
1983-03-01,,,433.27,1925.79,,,,,
1983-04-01,,,430.86,1968.01,,,,,
1983-05-01,,,415.25,1957.82,,,,,
1983-06-01,,,421.97,1975.1,,,,,
1983-07-01,,,438.16,2019.99,,,,,
1983-08-01,,,439.65,2033.77,,,,,
1983-09-01,,,467.28,2082.24,,,,,
1983-10-01,,,488.63,2138.54,,,,,
1983-11-01,,,517.64,2252.51,,,,,
1983-12-01,2.0,5962.7,529.78,2165.04,,,,,
1984-01-01,,,618.47,2169.61,,,,,
1984-02-01,,,530.99,2072.29,,,,,
1984-03-01,,,511.19,2065.67,,,,,
1984-04-01,,,502.06,2073.6,,,,,
1984-05-01,,,481.59,2080.79,,,,,
1984-06-01,,,490.84,2103.01,,,,,
1984-07-01,,,519.27,2174.91,,,,,
1984-08-01,,,541.57,2247.44,,,,,
1984-09-01,,,587.2,2324.55,,,,,
1984-10-01,,,643.59,2441.33,,,,,
1984-11-01,,,700.71,2592.64,,,,,
1984-12-01,2.7,7208.1,792.11,2845.24,,,,,
1985-01-01,,,839.35,2925.38,,,,,
1985-02-01,,,843.69,2870.78,,,,,
1985-03-01,,,787.59,2822.05,,,,,
1985-04-01,,,760.76,2760.11,,,,,
1985-05-01,,,737.89,2715.74,,,,,
1985-06-01,,,757.5,2639.4,,,,,
1985-07-01,,,783.74,2679.89,,,,,
1985-08-01,,,799.62,2689.34,,,,,
1985-09-01,,,827.12,2719.54,,,,,
1985-10-01,,,839.2,2736.56,,,,,
1985-11-01,,,902.35,2838.29,,,,,
1985-12-01,9.3,9016.0,987.83,3011.39,,,,,
1986-01-01,,,1050.63,3009.35,,,,,
1986-02-01,,,960.27,2882.59,,,,,
1986-03-01,,,898.79,2854.09,,,,,
1986-04-01,,,881.55,2880.7,,,,,
1986-05-01,,,865.06,2922.83,,,,,
1986-06-01,,,888.46,2990.8,,,,,
1986-07-01,,,908.77,3057.26,,,,,
1986-08-01,,,930.46,3127.9,,,,,
1986-09-01,,,978.62,3219.86,,,,,
1986-10-01,,,1037.06,3361.43,,,,,
1986-11-01,,,1108.02,3554.65,,,,,
1986-12-01,6.5,10275.2,1218.36,3856.03,,,,,
1987-01-01,4.7,,1367.99,3955.27,,,,,
1987-02-01,4.8,,1199.81,3748.03,,,,,
1987-03-01,5.4,,1142.64,3725.98,,,,,
1987-04-01,5.7,,1134.54,3726.46,,,,,
1987-05-01,7.1,,1123.39,3776.36,,,,,
1987-06-01,7.2,,1135.38,3825.43,,,,,
1987-07-01,7.6,,1174.91,3907.69,,,,,
1987-08-01,7.7,,1198.86,4013.21,,,,,
1987-09-01,7.3,,1269.92,4148.3,,,,,
1987-10-01,6.9,,1323.7,4279.58,,,,,
1987-11-01,7.8,,1372.56,4396.18,,,,,
1987-12-01,7.9,12058.6,1454.59,4481.67,,,,,
1988-01-01,7.9,,1552.82,4632.31,,,,,
1988-02-01,9.2,,1552.02,4573.73,,,,,
1988-03-01,11.3,,1442.48,4510.07,,,,,
1988-04-01,12.2,,1454.34,4664.6,,,,,
1988-05-01,14.2,,1466.88,4827.54,,,,,
1988-06-01,16.3,,1543.09,4944.86,,,,,
1988-07-01,19.2,,1637.71,5132.35,,,,,
1988-08-01,23.6,,1736.98,5349.04,,,,,
1988-09-01,26.4,,1850.32,5344.59,,,,,
1988-10-01,27.1,,1919.06,5264.28,,,,,
1988-11-01,26.8,,2027.34,5284.43,,,,,
1988-12-01,27.9,15042.8,2134.03,5490.17,,,,,
1989-01-01,27.4,,2454.97,5607.55,,,,,
1989-02-01,28.4,,2255.21,5335.97,,,,,
1989-03-01,27.0,,2099.07,5252.51,,,,,
1989-04-01,26.6,,2068.58,5311.0,,,,,
1989-05-01,24.8,,2036.78,5323.6,,,,,
1989-06-01,22.8,,2081.09,5268.81,,,,,
1989-07-01,19.4,,2089.25,5262.66,,,,,
1989-08-01,15.3,,2080.28,5293.77,,,,,
1989-09-01,11.5,,2082.42,5300.36,,,,,
1989-10-01,8.6,,2118.14,5406.82,,,,,
1989-11-01,7.4,,2201.06,5632.14,,,,,
1989-12-01,6.6,16992.3,2344.02,5830.51,,,,,
1990-01-01,4.3,,2624.6,6028.46,,,,,
1990-02-01,4.4,,2287.2,5661.44,,,,,
1990-03-01,3.4,,2154.64,5655.65,,,,,
1990-04-01,3.2,,2129.69,5746.54,,,,,
1990-05-01,2.7,,2090.05,5782.38,,,,,
1990-06-01,1.1,,2096.2,5805.02,,,,,
1990-07-01,1.1,,2132.06,5920.52,,,,,
1990-08-01,2.5,,2178.77,6073.84,,,,,
1990-09-01,2.9,,2300.44,6327.76,,,,,
1990-10-01,3.1,,2383.23,6433.8,,,,,
1990-11-01,4.3,,2490.03,6669.86,,,,,
1990-12-01,3.7,18667.8,2644.4,6950.7,15293.4,,,,
1991-01-01,2.2,,2836.7,7250.21,,,,,
1991-02-01,1.8,,2815.36,7159.6,,,,,
1991-03-01,1.6,,2585.61,7069.07,,,,,
1991-04-01,1.3,,2526.81,7164.47,,,,,
1991-05-01,3.6,,2486.85,7280.88,,,,,
1991-06-01,4.4,,2517.25,7280.76,,,,,
1991-07-01,4.7,,2581.1,7462.47,,,,,
1991-08-01,4.9,,2632.08,7669.99,,,,,
1991-09-01,4.5,,2730.03,7972.06,,,,,
1991-10-01,4.8,,2879.34,8243.34,,,,,
1991-11-01,4.4,,3002.58,8549.05,,,,,
1991-12-01,4.5,21781.5,3177.8,8633.3,19349.9,,,,
1992-01-01,5.5,,3824.24,9231.11,,,,,
1992-02-01,5.3,,3274.89,8810.49,,,,,
1992-03-01,5.3,4974.3,3117.18,8872.65,,,,,
1992-04-01,7.1,,3121.2,9194.51,,,,,
1992-05-01,4.7,,3111.18,9459.65,,,,,
1992-06-01,4.8,11332.1,3155.92,9666.65,,,,,
1992-07-01,5.2,,3278.63,10157.21,,,,,
1992-08-01,5.8,,3387.53,10520.73,,,,,
1992-09-01,7.5,18451.5,3559.38,10556.36,,,,,
1992-10-01,7.9,,3732.59,11034.05,,,,,
1992-11-01,8.2,,3989.1,11452.78,,,,,
1992-12-01,8.8,26923.5,4336.0,11731.5,25402.2,,,,
1993-01-01,10.3,,4354.1,13586.77,27243.07,,,,
1993-02-01,10.8,,4456.0,13809.63,27678.33,,,,
1993-03-01,12.2,6500.5,4557.9,14032.5,28113.6,,,,
1993-04-01,12.6,,4659.8,14255.37,28548.87,,,,
1993-05-01,14.0,,4693.77,14329.66,28984.13,,,,
1993-06-01,15.1,14543.5,4863.6,14701.1,29419.4,,,,
1993-07-01,16.2,,4934.0,14608.37,29730.67,,,,
1993-08-01,16.4,,4957.47,14577.46,29834.42,,,,
1993-09-01,15.7,23591.5,5074.8,14422.9,30353.2,,,,
1993-10-01,15.9,,5338.1,15042.07,31334.07,,,,
1993-11-01,16.7,,5425.87,15248.46,31661.02,,,,
1993-12-01,18.8,35333.9,5864.7,16280.4,33295.8,,,,
1994-01-01,21.1,,5854.67,16332.6,34010.27,,,,
1994-02-01,23.2,,5851.32,16350.0,34248.42,,,,
1994-03-01,22.4,9064.7,5834.6,16437.0,35439.2,,,,
1994-04-01,21.7,,5816.9,16850.13,36390.33,,,,
1994-05-01,21.3,,5811.0,16987.84,36707.38,,,,
1994-06-01,22.6,20149.7,5781.5,17676.4,38292.6,,,,
1994-07-01,24.0,,5991.97,18120.77,39369.77,,,,
1994-08-01,25.8,,6062.12,18268.89,39728.82,,,,
1994-09-01,27.3,32596.6,6412.9,19009.5,41524.1,,,,
1994-10-01,27.7,,6704.8,19519.9,42625.13,,,,
1994-11-01,27.5,,6802.1,19690.03,42992.14,,,,
1994-12-01,25.5,48197.9,7288.6,20540.7,44827.2,,,,
1995-01-01,24.1,,9141.0,20856.66,45875.9,,,,
1995-02-01,22.4,,7765.0,20018.57,46225.47,,,,
1995-03-01,21.3,11858.5,7271.0,19835.7,47973.3,,,,
1995-04-01,20.7,,7268.0,19994.38,48878.1,,,,
1995-05-01,20.3,,7046.0,20050.43,49179.7,,,,
1995-06-01,18.2,25967.6,7004.0,20050.12,50687.7,,,,
1995-07-01,16.7,,7093.0,20425.89,51872.73,,,,
1995-08-01,14.5,,7242.0,22354.0,52267.74,,,,
1995-09-01,13.2,41502.6,7369.0,22500.0,54242.8,,,,
1995-10-01,12.1,,7420.06,22886.04,55579.2,,,,
1995-11-01,11.2,,7733.0,23428.03,56024.67,,,,
1995-12-01,10.1,60793.7,7885.0,23987.33,58252.0,,,,
1996-01-01,9.0,,8600.0,25195.0,58401.0,,,,
1996-02-01,9.3,,9301.0,25255.6,63778.0,,,,
1996-03-01,9.8,14261.2,8169.0,23909.0,64511.0,,,,
1996-04-01,9.7,,7894.94,24145.0,65723.0,,,,
1996-05-01,8.9,,7706.0,24463.0,66880.0,,,,
1996-06-01,8.6,30861.8,7666.0,24600.0,68132.0,,,,
1996-07-01,8.3,,7809.31,25078.0,69346.0,,,,
1996-08-01,8.1,,8093.35,25729.45,72309.0,,,,
1996-09-01,7.4,48533.1,8409.0,26230.0,69643.0,,,,
1996-10-01,7.0,,8405.0,26798.2,73152.2,,,,
1996-11-01,6.9,,8705.0,27422.0,74142.0,,,,
1996-12-01,7.0,71176.6,8802.01,28515.0,76094.9,,,,
1997-01-01,5.9,,11493.0,30573.0,78648.0,,,,
1997-02-01,5.6,,10080.0,29103.0,78998.0,,,,
1997-03-01,4.0,16256.7,9282.0,29058.0,79889.0,,,,
1997-04-01,3.2,,9277.0,29991.0,80818.0,,,,
1997-05-01,2.8,,9066.0,30275.0,81151.0,,,,
1997-06-01,2.8,34954.3,9122.0,31074.0,82789.0,,,,
1997-07-01,2.7,,9127.0,31100.0,83460.0,,,,
1997-08-01,1.9,,9327.0,31594.99,84746.0,,,,
1997-09-01,1.8,54102.4,9426.0,32245.0,85892.0,,,,
1997-10-01,1.5,,9489.0,32422.0,86644.0,,,,
1997-11-01,1.1,,9784.58,32909.0,87590.0,,,,
1997-12-01,0.4,78973.0,10177.6,34826.27,90995.3,,,,
1998-01-01,0.3,,13108.4,35585.6,92211.4,,,,
1998-02-01,-0.1,,10886.06,33395.0,92024.0,,,,
1998-03-01,0.7,17501.3,10201.04,33110.0,92015.0,,,,
1998-04-01,-0.3,,10173.0,33360.0,92662.0,,,,
1998-05-01,-1.0,,9984.4,33553.0,93936.0,,,,
1998-06-01,-1.3,37222.7,9720.44,33776.0,94658.0,,,,
1998-07-01,-1.4,,10037.4,34356.0,96314.0,,,,
1998-08-01,-1.4,,10129.07,35050.0,97299.0,,,,
1998-09-01,-1.5,57595.2,10528.0,36501.0,99795.0,,,,
1998-10-01,-1.1,,10501.3,36786.7,100875.2,,,,
1998-11-01,-1.2,,10671.0,37414.0,102229.0,,,,
1998-12-01,-1.0,84402.3,11204.0,38953.68,104498.5,,,,
1999-01-01,-1.2,,11997.0,39011.0,105500.0,,,,
1999-02-01,-1.3,,12784.0,38749.0,107778.0,,,,
1999-03-01,-1.8,18789.7,11342.0,38054.0,108438.0,,,,
1999-04-01,-2.2,,11225.0,38053.0,109218.0,,,,
1999-05-01,-2.2,,10889.0,38004.0,110061.0,,,,
1999-06-01,-2.1,39554.9,10881.0,38822.0,111363.0,,,,
1999-07-01,-1.4,,11199.0,38991.0,111414.0,,,,
1999-08-01,-1.3,,11395.0,40095.0,112827.0,,,,
1999-09-01,-0.8,61414.2,12255.0,41914.0,115079.0,,,,
1999-10-01,-0.6,,12154.0,42265.0,115390.0,,,,
1999-11-01,-0.9,,12483.0,43370.0,116559.0,,,,
1999-12-01,-1.0,89677.1,13455.5,45837.3,117638.1,,,,
2000-01-01,-0.2,,16093.9,46570.1,118907.8,,,,
2000-02-01,0.7,,13983.0,44679.2,119353.6,,,,
2000-03-01,-0.2,20647.0,13235.4,45158.45,120399.58,,,,
2000-04-01,-0.3,,13675.5,46319.03,121914.77,,,,
2000-05-01,0.1,,13075.45,46490.23,121902.65,,,,
2000-06-01,0.5,43748.2,13006.04,48024.4,124486.78,,,,
2000-07-01,0.5,,13156.47,47803.09,124192.78,,,,
2000-08-01,0.3,,13378.68,48885.38,125673.26,,,,
2000-09-01,0.0,68087.5,13894.69,50616.89,128352.61,,,,
2000-10-01,0.0,,13589.45,49952.84,127432.53,,,,
2000-11-01,1.3,,13877.7,50787.49,128887.4,,,,
2000-12-01,1.5,99214.6,14652.65,53147.15,132487.52,,,,
2001-01-01,1.19,,17018.98,54406.23,135685.99,,,,
2001-02-01,0.0,,14910.39,51997.68,134390.49,,,,
2001-03-01,0.8,23299.5,14362.12,53033.36,136915.12,,,,
2001-04-01,1.6,,14622.99,53261.32,138121.03,,,,
2001-05-01,1.7,,13942.28,52542.99,137219.27,,,,
2001-06-01,1.4,48950.9,13943.44,55187.36,141885.6,,,,
2001-07-01,1.5,,14071.62,53502.8,140076.48,,,,
2001-08-01,1.0,,14370.13,55808.92,143787.3,,,,
2001-09-01,-0.1,75818.2,15064.6,56824.0,151822.6,,,,
2001-10-01,0.2,,14484.61,56114.9,146157.58,,,,
2001-11-01,-0.3,,14780.0,56579.6,154088.3,,,,
2001-12-01,-0.3,109655.2,15688.8,59871.59,152888.5,,,,
2002-01-01,-1.0,,16727.06,60577.23,157853.45,,,,
2002-02-01,0.0,,16642.65,58703.97,159182.97,,,,
2002-03-01,-0.8,25375.7,15545.47,59475.67,162300.93,,,,
2002-04-01,-1.3,,15864.91,60462.04,162825.22,,,,
2002-05-01,-1.1,,15243.74,61247.53,164268.36,,,,
2002-06-01,-0.8,53341.0,15098.04,63144.69,167869.41,,,,
2002-07-01,-0.9,,15358.29,63488.41,169122.95,,,,
2002-08-01,-0.7,,15713.28,64869.5,171524.2,,,,
2002-09-01,-0.7,83056.7,16234.11,66800.29,175254.87,,,,
2002-10-01,-0.8,,16015.18,67100.77,175534.74,,,,
2002-11-01,-0.7,,16346.89,67993.28,178018.43,,,,
2002-12-01,-0.4,120332.7,17278.43,70882.19,183246.94,,,,
2003-01-01,0.39,,21245.12,72406.05,188918.38,,,,
2003-02-01,0.2,,17937.58,69757.05,188444.37,,,,
2003-03-01,0.92,28861.8,17106.89,71439.21,192832.44,,,,
2003-04-01,1.04,,17441.44,71321.54,194476.98,,,,
2003-05-01,0.66,,17115.34,72778.15,197811.96,,,,
2003-06-01,0.34,59868.9,16957.18,75923.52,203071.74,,,,
2003-07-01,0.52,,17362.4,76153.04,204381.1,,,,
2003-08-01,0.91,,17607.08,77033.3,208692.4,,,,
2003-09-01,1.11,93329.3,18306.62,79164.14,211611.5,,,,
2003-10-01,1.81,,18250.94,80267.37,212505.4,,,,
2003-11-01,2.95,,18439.85,80815.22,214358.84,,,,
2003-12-01,3.19,135822.8,19746.23,84118.81,219226.81,,,,
2004-01-01,3.17,,22287.43,83805.9,225101.93,,,,
2004-02-01,2.09,,19893.44,83556.43,227050.72,,,,
2004-03-01,3.04,33420.6,19297.43,85815.57,231654.6,,,,
2004-04-01,3.8,,19878.4,85603.64,233627.86,,,,
2004-05-01,4.37,,19048.43,86780.37,234842.4,,,,
2004-06-01,4.97,70405.9,19017.58,88627.14,238427.49,,,,
2004-07-01,5.27,,19048.43,86780.37,234842.4,,,,
2004-08-01,5.25,,19517.94,89125.33,239729.19,,,,
2004-09-01,5.19,109967.6,20524.0,90439.0,243757.0,,,,
2004-10-01,4.27,,20078.0,90782.0,243740.0,,,,
2004-11-01,2.85,,20209.25,92387.13,247135.58,,,,
2004-12-01,2.42,159878.3,21468.3,95970.82,253207.7,,,,
2005-01-01,1.91,,24015.41,97079.03,257708.47,,,,
2005-02-01,3.95,,22667.97,92814.95,259357.29,,,,
2005-03-01,2.69,39117.4,21238.95,94743.19,264588.94,,,,
2005-04-01,1.83,,21666.56,94593.72,266992.66,,,,
2005-05-01,1.76,,20811.59,95802.01,269240.49,,,,
2005-06-01,1.6,81912.6,20848.76,98601.25,275785.53,,,,
2005-07-01,1.8,,21171.2,97674.1,276966.28,,,,
2005-08-01,1.26,,21351.56,99377.7,281288.22,,,,
2005-09-01,0.88,126657.0,22272.92,100964.0,287438.27,,,,
2005-10-01,1.22,,21982.98,101751.98,287591.61,,,,
2005-11-01,1.31,,22409.39,104125.78,292350.39,,,,
2005-12-01,1.56,184937.4,24031.67,107278.57,298755.48,,,,
2006-01-01,1.89,,29310.37,107250.68,303571.65,,,,
2006-02-01,0.86,,24482.02,104357.08,304516.27,,,,
2006-03-01,0.8,45315.8,23472.03,106737.08,310490.65,,,,
2006-04-01,1.21,,24155.73,106389.11,313702.34,,,,
2006-05-01,1.38,,23465.32,109219.22,316709.81,,,,
2006-06-01,1.51,95428.5,23469.08,112342.36,322756.35,,,,
2006-07-01,1.03,,23752.59,112653.04,324010.76,,,,
2006-08-01,1.32,,24185.36,114845.67,327885.67,,,,
2006-09-01,1.51,147341.3,25687.38,116814.1,331865.36,,,,
2006-10-01,1.41,,24964.16,118359.96,332747.17,,,,
2006-11-01,1.88,,25527.25,121644.95,337504.15,,,,
2006-12-01,2.81,216314.4,27072.62,126028.05,345577.91,,,,
2007-01-01,2.17,,27949.13,128484.06,351498.77,,,,
2007-02-01,2.71,,30627.93,126258.08,358659.25,,,,
2007-03-01,3.28,54755.9,27387.95,127881.31,364104.66,,,,
2007-04-01,3.03,,27813.88,127678.33,367326.45,,,,
2007-05-01,3.39,,26727.97,130275.8,369718.15,,,,
2007-06-01,4.36,115998.9,26881.09,135847.4,377832.15,,,,
2007-07-01,5.62,,27326.26,136237.43,383884.88,,,,
2007-08-01,6.52,,27822.39,140993.21,387205.04,,,,
2007-09-01,6.24,180101.1,29030.58,142591.57,393098.91,,,,
2007-10-01,6.5,,28317.78,144649.33,394204.17,,,,
2007-11-01,6.94,,28987.92,148009.82,399757.91,,,,
2007-12-01,6.51,265810.3,30334.32,152519.17,403401.3,,,,
2008-01-01,7.1,,36673.15,154872.59,417846.17,,,,
2008-02-01,8.7,,32454.47,150177.88,421037.84,,,,
2008-03-01,8.3,66283.8,30433.07,150867.47,423054.53,,,,
2008-04-01,8.5,,30789.61,151694.91,429313.72,,,,
2008-05-01,7.7,,30169.3,153344.75,436221.6,,,,
2008-06-01,7.1,140477.8,30181.32,154820.15,443141.02,,,,
2008-07-01,6.3,,30687.19,154992.44,446362.17,,,,
2008-08-01,4.9,,30851.62,156889.92,448846.68,,,,
2008-09-01,4.6,217026.1,31724.88,155748.97,452898.71,,,,
2008-10-01,4.0,,31317.84,157194.36,453133.32,,,,
2008-11-01,2.4,,31607.36,157826.63,458644.66,,,,
2008-12-01,1.2,314045.4,34218.96,166217.13,475166.6,,,,
2009-01-01,1.0,,41082.37,165214.34,496135.31,,,,
2009-02-01,-1.6,,35141.64,166149.6,506708.07,,,,
2009-03-01,-1.2,69816.9,33746.42,176541.13,530626.71,,,,
2009-04-01,-1.5,,34257.27,178213.57,540481.21,,,,
2009-05-01,-1.4,,33559.52,182025.58,548263.51,,,,
2009-06-01,-1.7,148203.6,33640.98,193138.15,568916.2,,,,
2009-07-01,-1.8,,34239.3,195889.27,573102.85,,,,
2009-08-01,-1.2,,34406.62,200394.83,576698.95,,,,
2009-09-01,-0.8,231303.3,36787.89,201708.14,585405.34,,,,
2009-10-01,-0.5,,35730.23,207545.74,586643.29,,,,
2009-11-01,0.6,,36343.86,212493.2,594604.72,,,,
2009-12-01,1.9,340903.0,38246.97,221445.81,610224.52,,,,
2010-01-01,1.5,,40758.58,229588.98,625609.29,,,,
2010-02-01,2.7,,42865.79,224286.95,636072.26,,,,
2010-03-01,2.4,82613.4,39080.58,229397.93,649947.46,,,,
2010-04-01,2.8,,39657.54,233909.76,656561.22,,,,
2010-05-01,3.1,,38652.97,236497.88,663351.37,,,,
2010-06-01,2.9,174878.8,38904.85,240580.0,673921.72,,,,
2010-07-01,3.3,,39543.16,240664.07,674051.48,,,,
2010-08-01,3.5,,39922.76,244340.64,687506.92,,,,
2010-09-01,3.6,272626.7,41854.41,243821.9,696471.5,,,,
2010-10-01,4.4,,41646.21,253313.17,699776.74,,,,
2010-11-01,5.1,,42252.16,259420.32,710339.03,,,,
2010-12-01,4.6,401512.8,44628.17,266621.54,725851.79,,,,
2011-01-01,4.9,,58063.94,261765.01,733884.83,,,,
2011-02-01,4.9,,47270.24,259200.5,736130.86,,,,
2011-03-01,5.4,97101.2,44845.22,266255.48,758130.88,,,,
2011-04-01,5.3,,45489.03,266766.91,757384.56,,,,
2011-05-01,5.5,,44602.83,269289.63,763409.22,,,,
2011-06-01,6.4,205775.4,44477.8,274662.57,780820.85,,,,
2011-07-01,6.5,,45183.1,270545.65,772923.65,,,,
2011-08-01,6.2,,45775.29,273393.77,780852.3,,,,
2011-09-01,6.1,321219.1,47145.29,267193.16,787406.2,,,,
2011-10-01,5.5,,46579.39,276552.67,816829.25,,,,
2011-11-01,4.2,,47317.26,281416.37,825493.94,,,,
2011-12-01,4.1,472882.0,50748.46,289847.7,851590.9,,,,
2012-01-01,4.5,,59820.72,270010.4,855898.89,,,,
2012-02-01,3.2,,51448.78,270312.11,867171.42,,,,
2012-03-01,3.6,117357.6,49595.74,277998.11,895565.5,,,,
2012-04-01,3.4,,50199.32,274983.82,889604.04,,,,
2012-05-01,3.0,,49039.72,278656.31,900048.77,,,,
2012-06-01,2.2,248678.3,49284.64,287526.17,924991.2,,,,
2012-07-01,1.8,,49705.85,283090.68,919072.4,,,,
2012-08-01,2.0,,50235.06,285739.27,924894.59,,,,
2012-09-01,1.9,386767.9,53433.49,286788.21,943688.75,,,,
2012-10-01,1.7,,51467.71,293309.78,936404.28,,,,
2012-11-01,2.0,,52392.12,296883.0,944832.4,,,,
2012-12-01,2.5,538580.0,54659.77,308664.23,974148.8,,,,
2013-01-01,2.0,,62449.63,311228.55,992129.25,,,,
2013-02-01,3.2,,60313.65,296103.24,998600.83,,,,
2013-03-01,2.1,129449.6,55460.52,310898.29,1035858.37,,,,
2013-04-01,2.4,,55607.15,307648.42,1032551.9,,,,
2013-05-01,2.1,,54431.39,310204.48,1042169.16,,,,
2013-06-01,2.7,272968.2,54063.91,313499.82,1054403.69,,,,
2013-07-01,2.7,,54412.78,310596.46,1052212.34,,,,
2013-08-01,2.6,,54925.35,314085.91,1061256.43,,,,
2013-09-01,3.1,425190.9,56492.53,312330.34,1077379.16,,,,
2013-10-01,3.2,,55595.72,319509.38,1070242.17,,,,
2013-11-01,3.0,,56441.27,324821.92,1079257.05,,,,
2013-12-01,2.5,592963.2,58574.44,337291.05,1106524.98,,,,
2014-01-01,2.5,,76488.6,314900.55,1123521.21,,,,
2014-02-01,2.0,,62320.95,316625.11,1131760.83,,,,
2014-03-01,2.4,140270.2,58329.3,327683.74,1160687.38,,,,
2014-04-01,1.8,,58615.54,324482.52,1168812.67,,,,
2014-05-01,2.5,,58051.11,327839.56,1182293.96,,,,
2014-06-01,2.3,296192.5,56951.05,341487.45,1209587.2,,,,
2014-07-01,2.3,,57346.5,331347.32,1194249.24,,,,
2014-08-01,2.0,,57997.61,332023.23,1197499.08,,,,
2014-09-01,1.6,461090.3,58844.99,327220.21,1202051.41,,,,
2014-10-01,1.6,,57691.64,329617.73,1199236.31,,,,
2014-11-01,1.4,,58438.53,335114.13,1208605.95,,,,
2014-12-01,1.5,641280.6,60259.53,348056.41,1228374.81,,,,
2015-01-01,0.8,,63040.51,348109.5,1242710.22,,,,
2015-02-01,1.4,,72896.19,334439.22,1257380.48,,,,
2015-03-01,1.4,150593.8,61949.81,337210.52,1275332.78,,,,
2015-04-01,1.5,,60772.46,336388.24,1280779.14,,,,
2015-05-01,1.2,,59075.97,343085.86,1307357.63,,,,
2015-06-01,1.4,318468.4,58604.26,356082.86,1333375.36,,,,
2015-07-01,1.6,,59010.71,353122.19,1353210.92,,,,
2015-08-01,2.0,,59061.79,362793.73,1356907.98,,,,
2015-09-01,1.6,494272.1,61022.97,364416.9,1359824.06,,,,
2015-10-01,1.3,,59900.48,375806.45,1361020.7,,,,
2015-11-01,1.5,,60328.24,387618.32,1373956.01,53.4,,,
2015-12-01,1.6,685992.9,63216.58,400953.44,1392278.11,54.4,,,
2016-01-01,1.8,,72526.51,412685.64,1416319.55,57.8,,,
2016-02-01,2.3,,69421.5,392504.7,1424618.68,,,,
2016-03-01,2.3,160967.3,64651.21,411581.31,1446198.03,,,,
2016-04-01,2.3,,64403.17,413504.84,1445209.59,,,,
2016-05-01,2.0,,62780.71,424250.7,1461695.11,,,,
2016-06-01,1.9,340846.0,62818.89,443643.7,1490491.83,,,,
2016-07-01,1.8,,63276.01,442934.43,1491558.72,,,,
2016-08-01,1.3,,63454.7,454543.6,1510982.91,,,,
2016-09-01,1.9,530183.6,65068.62,454340.25,1516360.5,50.8,,,
2016-10-01,2.1,,64214.93,465446.65,1519485.4,51.7,,,
2016-11-01,2.3,,64903.5,475405.54,1530432.06,53.2,,,
2016-12-01,2.1,740060.8,68303.87,486557.24,1550066.67,,,,
2017-01-01,2.5,,86598.61,472526.45,1584194.56,,,,
2017-02-01,0.8,,71727.69,476527.6,1589857.0,,,,
2017-03-01,0.9,179403.4,68605.05,488770.09,1607938.98,,,,
2017-04-01,1.2,,68392.6,490180.42,1603918.84,52.2,,,
2017-05-01,1.5,,67333.21,496389.78,1609740.77,53.8,,,
2017-06-01,1.5,378581.1,66977.68,510228.17,1639497.05,,,,
2017-07-01,1.4,,67129.04,510484.58,1636341.11,,,,
2017-08-01,1.8,,67550.99,518113.93,1652947.3,,,,
2017-09-01,1.6,588405.3,69748.54,517863.04,1663666.05,53.4,,,
2017-10-01,1.9,,68230.69,525977.19,1662449.96,,,,
2017-11-01,1.7,,68623.16,535565.05,1679156.64,,,,
2017-12-01,1.8,820754.3,70645.6,543790.15,1690235.31,52.4,,,
2018-01-01,1.5,,74636.29,543247.13,1720814.46,52.7,,,
2018-02-01,2.9,,81424.24,517035.99,1729070.12,50.5,,,
2018-03-01,2.1,197920.0,72692.63,523540.07,1739859.48,53.1,,,
2018-04-01,1.8,,71476.46,525447.77,1737683.73,,,,
2018-05-01,1.8,,69774.81,526276.72,1743063.79,52.7,,,
2018-06-01,1.9,417215.4,69589.33,543944.71,1770178.37,51.8,,,
2018-07-01,2.1,,69530.59,536624.29,1776196.11,52.4,,,
2018-08-01,2.3,,69775.39,538324.64,1788670.43,,,,
2018-09-01,2.5,646710.9,71254.26,538574.08,1801665.58,,,,
2018-10-01,2.5,,70106.62,540128.37,1795561.6,,,,
2018-11-01,2.2,,70563.3,543498.66,1813175.07,,,,
2018-12-01,1.9,900309.5,73208.4,551685.91,1826744.22,49.1,,,
2019-01-01,1.7,,87470.62,545638.46,1865935.33,49.6,,,
2019-02-01,1.5,,79484.72,527190.48,1867427.45,,,,
2019-03-01,2.3,218062.8,74941.58,547575.54,1889412.14,,,,
2019-04-01,2.5,,73965.76,540614.6,1884670.33,,,,
2019-05-01,2.7,,72798.46,544355.64,1891153.7,,,,
2019-06-01,2.7,460636.7,72580.96,567696.18,1921360.19,,,,
2019-07-01,2.8,,72689.25,553043.11,1919410.82,,,,
2019-08-01,2.8,,73152.62,556798.09,1935492.43,,,,
2019-09-01,3.0,712845.4,74129.75,557137.95,1952250.49,50.5,,,
2019-10-01,3.8,,73395.4,558143.92,1945600.55,50.8,,,
2019-11-01,4.5,,73973.82,562486.52,1961429.56,51.1,,,
2019-12-01,4.5,990865.1,77189.47,576009.15,1986488.82,51.4,,,
2020-01-01,5.4,,93249.16,545531.79,2023066.49,50.5,,,
2020-02-01,5.2,,88187.05,552700.73,2030830.42,37.6,,,
2020-03-01,4.3,206504.3,83022.21,575050.29,2080923.41,52.0,,,
2020-04-01,3.3,,81485.21,570150.48,2093533.83,52.9,,,
2020-05-01,2.4,,79706.83,581111.06,2100183.74,51.8,,,
2020-06-01,2.5,456614.4,79459.41,604317.97,2134948.66,,,,
2020-07-01,2.7,,79867.21,591192.64,2125458.46,51.6,,,
2020-08-01,2.4,,80042.71,601289.1,2136836.91,,,,
2020-09-01,1.7,722786.4,82370.87,602312.12,2164084.8,,,,
2020-10-01,0.5,,81036.43,609182.41,2149720.42,,,,
2020-11-01,-0.5,,81593.61,618632.17,2172002.55,,,,
2020-12-01,0.2,1015986.2,84314.53,625580.99,2186795.89,50.5,,,
2021-01-01,-0.3,,89625.24,625563.81,2213047.33,52.3,,,
2021-02-01,-0.2,,91924.6,593487.46,2236030.26,50.5,,,
2021-03-01,0.4,249310.0,86543.64,616113.17,2276488.45,50.8,,,
2021-04-01,0.9,,85803.37,605421.89,2262107.12,50.8,,,
2021-05-01,1.3,,84177.72,616828.32,2275538.07,,,,
2021-06-01,1.1,532167.0,84346.97,637479.36,2317788.36,52.2,,,
2021-07-01,1.0,,84717.56,620367.05,2302153.82,51.4,,,
2021-08-01,0.8,,85059.2,626658.69,2312267.68,,,,
2021-09-01,0.7,823131.0,86867.09,624645.68,2342829.7,49.7,,,
2021-10-01,1.5,,86085.78,626082.12,2336160.48,49.7,,,
2021-11-01,2.3,,87433.41,637482.04,2356012.76,51.4,,,
2021-12-01,1.5,1143670.0,90825.15,647443.35,2382899.56,51.1,,,
2022-01-01,0.9,,106188.87,613859.35,2431022.72,50.2,,,
2022-02-01,0.9,,97227.7,621612.11,2441488.9,51.8,,,
2022-03-01,1.5,270178.0,95141.92,645063.8,2497688.34,49.3,,,
2022-04-01,2.1,,95626.49,636139.01,2499710.9,48.4,,,
2022-05-01,2.1,,95546.86,645107.52,2527026.15,50.2,,,
2022-06-01,2.5,562642.0,96011.17,674374.81,2581451.2,50.9,,,
2022-07-01,2.7,,96509.19,661832.33,2578078.57,51.4,,,
2022-08-01,2.5,,97231.03,664604.85,2595068.27,52.3,,,
2022-09-01,2.8,870269.0,98672.06,664535.17,2626600.92,,,,
2022-10-01,2.1,,98416.71,662140.99,2612914.57,49.5,,,
2022-11-01,1.6,,99740.12,667042.61,2647008.48,48.8,,,
2022-12-01,1.8,1210207.0,104706.03,671674.76,2664320.84,46.9,,,
2023-01-01,2.1,,114601.3,655214.16,2738072.06,50.9,,,
2023-02-01,1.0,,107602.58,657938.74,2755249.23,51.3,,,
2023-03-01,0.7,284996.6,105591.3,678059.63,2814566.31,51.9,,,
2023-04-01,0.1,,105904.46,669761.55,2808469.34,49.8,,,
2023-05-01,0.2,,104756.71,675252.98,2820504.68,50.8,,,
2023-06-01,0.0,593034.2,105419.2,695595.48,2873023.83,,,,
2023-07-01,-0.3,,106129.68,677218.92,2854031.56,,,,
2023-08-01,0.1,,106515.36,679588.35,2869343.25,51.0,,,
2023-09-01,0.0,913027.0,109253.22,678443.65,2896659.11,51.3,,,
2023-10-01,-0.2,,108565.35,674696.07,2882276.07,,,,
2023-11-01,-0.5,,110225.18,675903.41,2912014.22,,,,
2023-12-01,-0.3,1260582.1,113444.64,680542.52,2922713.33,49.4,,,
2023-12-29,,,,,,,2.482,1.867,1.746
2024-01-01,-0.8,,121398.54,694197.88,2976250.2,50.1,,,
2024-01-02,,,,,,,2.398,1.786,1.586
2024-01-03,,,,,,,2.354,1.805,1.604
2024-01-04,,,,,,,2.329,1.783,1.589
2024-01-05,,,,,,,2.32,1.77,1.588
2024-01-08,,,,,,,2.312,1.772,1.585
2024-01-09,,,,,,,2.304,1.79,1.582
2024-01-10,,,,,,,2.298,1.797,1.588
2024-01-11,,,,,,,2.296,1.799,1.627
2024-01-12,,,,,,,2.297,1.846,1.678
2024-01-15,,,,,,,2.297,1.862,1.677
2024-01-16,,,,,,,2.3,1.934,1.745
2024-01-17,,,,,,,2.3,1.943,1.832
2024-01-18,,,,,,,2.3,1.819,1.734
2024-01-19,,,,,,,2.3,1.831,1.724
2024-01-22,,,,,,,2.3,1.844,1.76
2024-01-23,,,,,,,2.3,1.807,1.76
2024-01-24,,,,,,,2.3,1.84,1.808
2024-01-25,,,,,,,2.3,1.872,1.844
2024-01-26,,,,,,,2.301,1.899,1.82
2024-01-29,,,,,,,2.302,1.863,1.731
2024-01-30,,,,,,,2.3,1.959,1.618
2024-01-31,,,,,,,2.282,1.829,1.708
2024-02-01,0.7,,121009.93,665916.09,2995572.97,50.0,2.262,1.809,1.676
2024-02-02,,,,,,,2.252,1.846,1.719
2024-02-04,,,,,,,2.239,1.958,1.711
2024-02-05,,,,,,,2.227,1.946,1.68
2024-02-06,,,,,,,2.224,1.966,1.727
2024-02-07,,,,,,,2.219,1.947,1.716
2024-02-08,,,,,,,2.213,1.791,1.697
2024-02-09,,,,,,,2.21,1.857,1.853
2024-02-18,,,,,,,2.2,1.817,1.699
2024-02-19,,,,,,,2.186,1.785,1.607
2024-02-20,,,,,,,2.166,1.787,1.63
2024-02-21,,,,,,,2.145,1.819,1.698
2024-02-22,,,,,,,2.132,1.815,1.635
2024-02-23,,,,,,,2.122,1.816,1.747
2024-02-26,,,,,,,2.116,1.883,1.779
2024-02-27,,,,,,,2.107,1.904,1.819
2024-02-28,,,,,,,2.1033,1.8178,1.7056
2024-02-29,,,,,,,2.099,1.775,1.639
2024-03-01,0.1,296299.0,117210.5,685808.9,3047952.16,51.8,2.088,1.806,1.694
2024-03-04,,,,,,,2.086,1.811,1.711
2024-03-05,,,,,,,2.086,1.855,1.719
2024-03-06,,,,,,,2.088,1.822,1.713
2024-03-07,,,,,,,2.088,1.827,1.713
2024-03-08,,,,,,,2.087,1.848,1.72
2024-03-11,,,,,,,2.086,1.853,1.731
2024-03-12,,,,,,,2.091,1.853,1.721
2024-03-13,,,,,,,2.095,1.882,1.735
2024-03-14,,,,,,,2.1,1.88,1.746
2024-03-15,,,,,,,2.101,1.89,1.766
2024-03-18,,,,,,,2.106,1.854,1.746
2024-03-19,,,,,,,2.117,1.87,1.754
2024-03-20,,,,,,,2.123,1.844,1.765
2024-03-21,,,,,,,2.126,1.834,1.771
2024-03-22,,,,,,,2.13,1.845,1.772
2024-03-25,,,,,,,2.135,1.898,1.774
2024-03-26,,,,,,,2.137,1.957,1.77
2024-03-27,,,,,,,2.141,1.972,1.77
2024-03-28,,,,,,,2.143,1.948,1.734
2024-03-29,,,,,,,2.14,1.967,1.718
2024-04-01,0.3,,117300.0,660100.0,3011900.0,50.5,2.128,1.857,1.728
2024-04-02,,,,,,,2.11,1.833,1.704
2024-04-03,,,,,,,2.097,1.821,1.685
2024-04-07,,,,,,,2.082,1.805,1.708
2024-04-08,,,,,,,2.062,1.815,1.711
2024-04-09,,,,,,,2.05,1.816,1.718
2024-04-10,,,,,,,2.049,1.817,1.722
2024-04-11,,,,,,,2.039,1.815,1.721
2024-04-12,,,,,,,2.025,1.82,1.717
2024-04-15,,,,,,,2.012,1.797,1.716
2024-04-16,,,,,,,2.005,1.805,1.715
2024-04-17,,,,,,,2.0,1.816,1.723
2024-04-18,,,,,,,1.996,1.836,1.776
2024-04-19,,,,,,,1.989,1.87,1.797
2024-04-22,,,,,,,1.972,1.831,1.78
2024-04-23,,,,,,,1.963,1.824,1.788
2024-04-24,,,,,,,1.959,1.855,1.784
2024-04-25,,,,,,,1.956,1.885,1.846
2024-04-26,,,,,,,1.952,1.912,1.879
2024-04-28,,,,,,,1.95,1.951,1.806
2024-04-29,,,,,,,1.962,2.08,1.823
2024-04-30,,,,,,,1.961,2.109,1.921
2024-05-01,0.3,,117062.72,646842.47,3018506.73,49.4,,,
2024-05-06,,,,,,,1.958,1.874,1.777
2024-05-07,,,,,,,1.951,1.845,1.744
2024-05-08,,,,,,,1.945,1.867,1.837
2024-05-09,,,,,,,1.943,1.822,1.727
2024-05-10,,,,,,,1.94,1.836,1.733
2024-05-11,,,,,,,1.941,1.85,1.724
2024-05-13,,,,,,,1.931,1.836,1.781
2024-05-14,,,,,,,1.927,1.837,1.769
2024-05-15,,,,,,,1.923,1.808,1.727
2024-05-16,,,,,,,1.911,1.801,1.724
2024-05-17,,,,,,,1.907,1.808,1.719
2024-05-20,,,,,,,1.905,1.803,1.719
2024-05-21,,,,,,,1.906,1.847,1.758
2024-05-22,,,,,,,1.908,1.838,1.779
2024-05-23,,,,,,,1.905,1.829,1.769
2024-05-24,,,,,,,1.905,1.818,1.766
2024-05-27,,,,,,,1.904,1.888,1.767
2024-05-28,,,,,,,1.905,1.885,1.81
2024-05-29,,,,,,,1.905,1.897,1.849
2024-05-30,,,,,,,1.906,1.903,1.746
2024-05-31,,,,,,,1.907,1.851,1.805
2024-06-01,0.2,616836.0,117736.77,660610.52,3050161.54,49.5,,,
2024-06-03,,,,,,,1.905,1.811,1.723
2024-06-04,,,,,,,1.9,1.785,1.663
2024-06-05,,,,,,,1.899,1.776,1.664
2024-06-06,,,,,,,1.897,1.78,1.656
2024-06-07,,,,,,,1.898,1.751,1.719
2024-06-11,,,,,,,1.9,1.802,1.679
2024-06-12,,,,,,,1.898,1.796,1.68
2024-06-13,,,,,,,1.9,1.817,1.723
2024-06-14,,,,,,,1.9,1.813,1.732
2024-06-17,,,,,,,1.898,1.862,1.783
2024-06-18,,,,,,,1.9,1.882,1.829
2024-06-19,,,,,,,1.9,1.861,1.853
2024-06-20,,,,,,,1.9,1.89,1.877
2024-06-21,,,,,,,1.9,1.939,1.96
2024-06-24,,,,,,,1.9,2.008,1.98
2024-06-25,,,,,,,1.9,2.014,1.964
2024-06-26,,,,,,,1.9,2.083,1.976
2024-06-27,,,,,,,1.9,2.028,1.879
2024-06-28,,,,,,,1.9,2.099,1.889
2024-07-01,0.5,,118840.46,632296.54,3033060.78,50.1,1.899,1.802,1.749
2024-07-02,,,,,,,1.896,1.796,1.715
2024-07-03,,,,,,,1.895,1.8,1.688
2024-07-04,,,,,,,1.892,1.811,1.712
2024-07-05,,,,,,,1.888,1.807,1.764
2024-07-08,,,,,,,1.887,1.82,1.754
2024-07-09,,,,,,,1.886,1.804,1.679
2024-07-10,,,,,,,1.883,1.8,1.64
2024-07-11,,,,,,,1.879,1.803,1.67
2024-07-12,,,,,,,1.878,1.801,1.668
2024-07-15,,,,,,,1.879,1.821,1.78
2024-07-16,,,,,,,1.878,1.894,1.894
2024-07-17,,,,,,,1.878,1.885,1.913
2024-07-18,,,,,,,1.879,1.893,1.933
2024-07-19,,,,,,,1.877,1.855,1.855
2024-07-22,,,,,,,1.873,1.715,1.647
2024-07-23,,,,,,,1.867,1.751,1.736
2024-07-24,,,,,,,1.862,1.742,1.739
2024-07-25,,,,,,,1.855,1.871,1.764
2024-07-26,,,,,,,1.848,1.913,1.689
2024-07-29,,,,,,,1.843,1.895,1.631
2024-07-30,,,,,,,1.839,1.814,1.639
2024-07-31,,,,,,,1.835,1.772,1.782
2024-08-01,0.6,,119500.0,630200.0,3050500.0,50.0,1.828,1.7,1.608
2024-08-02,,,,,,,1.825,1.7,1.573
2024-08-05,,,,,,,1.818,1.694,1.585
2024-08-06,,,,,,,1.813,1.687,1.583
2024-08-07,,,,,,,1.807,1.708,1.617
2024-08-08,,,,,,,1.805,1.763,1.681
2024-08-09,,,,,,,1.803,1.795,1.778
2024-08-12,,,,,,,1.806,1.893,1.951
2024-08-13,,,,,,,1.813,1.828,1.928
2024-08-14,,,,,,,1.812,1.869,1.842
2024-08-15,,,,,,,1.811,1.814,1.754
2024-08-16,,,,,,,1.809,1.811,1.7
2024-08-19,,,,,,,1.81,1.722,1.682
2024-08-20,,,,,,,1.812,1.761,1.712
2024-08-21,,,,,,,1.812,1.808,1.722
2024-08-22,,,,,,,1.815,1.821,1.765
2024-08-23,,,,,,,1.819,1.825,1.801
2024-08-26,,,,,,,1.823,1.936,1.862
2024-08-27,,,,,,,1.824,1.869,1.667
2024-08-28,,,,,,,1.824,1.758,1.52
2024-08-29,,,,,,,1.822,1.628,1.514
2024-08-30,,,,,,,1.822,1.647,1.529
2024-09-01,0.4,949745.7,121830.0,628236.54,3094798.24,51.1,,,
2024-09-02,,,,,,,1.821,1.689,1.516
2024-09-03,,,,,,,1.822,1.68,1.568
2024-09-04,,,,,,,1.823,1.67,1.529
2024-09-05,,,,,,,1.825,1.68,1.578
2024-09-06,,,,,,,1.831,1.676,1.716
2024-09-09,,,,,,,1.831,1.833,1.8
2024-09-10,,,,,,,1.832,1.834,1.955
2024-09-11,,,,,,,1.834,1.776,1.773
2024-09-12,,,,,,,1.83,1.794,1.777
2024-09-13,,,,,,,1.83,1.806,1.656
2024-09-14,,,,,,,1.83,1.746,1.611
2024-09-18,,,,,,,1.831,1.86,1.744
2024-09-19,,,,,,,1.833,1.947,1.879
2024-09-20,,,,,,,1.834,1.929,1.932
2024-09-23,,,,,,,1.837,1.859,1.921
2024-09-24,,,,,,,1.836,1.92,1.785
2024-09-25,,,,,,,1.83,1.873,1.643
2024-09-26,,,,,,,1.825,1.838,1.608
2024-09-27,,,,,,,1.822,1.661,1.401
2024-09-29,,,,,,,1.82,1.727,1.336
2024-09-30,,,,,,,1.82,1.522,1.514
2024-10-01,0.3,,122447.04,633357.47,3097092.01,49.5,,,
2024-10-08,,,,,,,1.82,1.697,1.509
2024-10-09,,,,,,,1.82,1.803,1.618
2024-10-10,,,,,,,1.82,1.7,1.527
2024-10-11,,,,,,,1.82,1.526,1.406
2024-10-12,,,,,,,1.82,1.511,1.306
2024-10-14,,,,,,,1.82,1.587,1.418
2024-10-15,,,,,,,1.82,1.517,1.407
2024-10-16,,,,,,,1.819,1.59,1.46
2024-10-17,,,,,,,1.819,1.549,1.425
2024-10-18,,,,,,,1.818,1.568,1.399
2024-10-21,,,,,,,1.819,1.584,1.474
2024-10-22,,,,,,,1.82,1.579,1.477
2024-10-23,,,,,,,1.82,1.595,1.49
2024-10-24,,,,,,,1.822,1.596,1.53
2024-10-25,,,,,,,1.823,1.703,1.507
2024-10-28,,,,,,,1.821,1.658,1.495
2024-10-29,,,,,,,1.82,1.75,1.439
2024-10-30,,,,,,,1.82,1.656,1.394
2024-10-31,,,,,,,1.82,1.656,1.364
2024-11-01,0.2,,124180.26,650904.16,3119587.27,50.8,1.818,1.507,1.36
2024-11-04,,,,,,,1.815,1.496,1.346
2024-11-05,,,,,,,1.811,1.5,1.338
2024-11-06,,,,,,,1.808,1.5,1.33
2024-11-07,,,,,,,1.803,1.555,1.319
2024-11-08,,,,,,,1.799,1.645,1.461
2024-11-11,,,,,,,1.797,1.655,1.443
2024-11-12,,,,,,,1.797,1.687,1.525
2024-11-13,,,,,,,1.797,1.644,1.465
2024-11-14,,,,,,,1.796,1.674,1.456
2024-11-15,,,,,,,1.796,1.685,1.47
2024-11-18,,,,,,,1.794,1.697,1.47
2024-11-19,,,,,,,1.792,1.693,1.48
2024-11-20,,,,,,,1.791,1.684,1.47
2024-11-21,,,,,,,1.792,1.659,1.455
2024-11-22,,,,,,,1.789,1.653,1.456
2024-11-25,,,,,,,1.787,1.727,1.464
2024-11-26,,,,,,,1.785,1.723,1.43
2024-11-27,,,,,,,1.784,1.7,1.385
2024-11-28,,,,,,,1.779,1.726,1.329
2024-11-29,,,,,,,1.772,1.631,1.319
2024-12-01,0.1,1349083.5,128194.16,1113069.0,3135322.3,51.4,,,
2024-12-02,,,,,,,1.754,1.591,1.414
2024-12-03,,,,,,,1.736,1.601,1.337
2024-12-04,,,,,,,1.716,1.588,1.381
2024-12-05,,,,,,,1.711,1.688,1.479
2024-12-06,,,,,,,1.711,1.686,1.478
2024-12-09,,,,,,,1.71,1.736,1.516
2024-12-10,,,,,,,1.711,1.784,1.47
2024-12-11,,,,,,,1.711,1.722,1.528
2024-12-12,,,,,,,1.712,1.635,1.482
2024-12-13,,,,,,,1.71,1.758,1.404
2024-12-16,,,,,,,1.708,1.762,1.421
2024-12-17,,,,,,,1.706,1.787,1.425
2024-12-18,,,,,,,1.704,1.776,1.428
2024-12-19,,,,,,,1.701,1.627,1.424
2024-12-20,,,,,,,1.7,1.62,1.414
2024-12-23,,,,,,,1.699,1.525,1.31
2024-12-24,,,,,,,1.695,1.489,1.321
2024-12-25,,,,,,,1.69,1.516,1.365
2024-12-26,,,,,,,1.689,1.533,1.386
2024-12-27,,,,,,,1.686,1.74,1.388
2024-12-30,,,,,,,1.6846,1.95,1.367
2024-12-31,,,,,,,1.681,1.966,1.454
2025-01-01,0.5,,142254.48,1124457.45,3185247.18,49.1,,,
2025-01-02,,,,,,,1.676,1.643,1.532
2025-01-03,,,,,,,1.67,1.67,1.618
2025-01-06,,,,,,,1.646,1.596,1.454
2025-01-07,,,,,,,1.641,1.541,1.483
2025-01-08,,,,,,,1.636,1.58,1.523
2025-01-09,,,,,,,1.631,1.632,1.547
2025-01-10,,,,,,,1.63,1.692,1.643
2025-01-13,,,,,,,1.649,1.96,1.823
2025-01-14,,,,,,,1.662,2.162,1.965
2025-01-15,,,,,,,1.668,2.117,1.832
2025-01-16,,,,,,,1.681,2.192,1.833
2025-01-17,,,,,,,1.688,2.039,1.848
2025-01-20,,,,,,,1.6925,2.013,1.835
2025-01-21,,,,,,,1.702,1.906,1.779
2025-01-22,,,,,,,1.702,1.813,1.78
2025-01-23,,,,,,,1.704,1.995,1.764
2025-01-24,,,,,,,1.705,2.078,1.77
2025-01-26,,,,,,,1.705,1.864,1.669
2025-01-27,,,,,,,1.706,1.715,1.708
2025-02-01,-0.7,,132756.61,1094370.01,3205173.24,49.9,,,
2025-02-05,,,,,,,1.708,1.844,1.793
2025-02-06,,,,,,,1.708,1.785,1.792
2025-02-07,,,,,,,1.705,1.732,1.816
2025-02-08,,,,,,,1.703,1.634,1.769
2025-02-10,,,,,,,1.7,1.729,1.841
2025-02-11,,,,,,,1.71,1.838,1.919
2025-02-12,,,,,,,1.715,1.845,1.832
2025-02-13,,,,,,,1.719,1.763,1.827
2025-02-14,,,,,,,1.731,1.894,1.889
2025-02-17,,,,,,,1.747,1.999,1.893
2025-02-18,,,,,,,1.766,2.209,1.933
2025-02-19,,,,,,,1.77,1.934,1.915
2025-02-20,,,,,,,1.778,1.992,1.919
2025-02-21,,,,,,,1.787,2.139,1.931
2025-02-24,,,,,,,1.79,1.941,1.866
2025-02-25,,,,,,,1.792,2.128,1.862
2025-02-26,,,,,,,1.812,2.131,1.875
2025-02-27,,,,,,,1.847,2.24,1.867
2025-02-28,,,,,,,1.868,2.093,1.865
2025-03-01,-0.1,318758.0,130691.86,1134863.1,3260554.57,50.0,,,
2025-03-03,,,,,,,1.883,1.812,1.816
2025-03-04,,,,,,,1.892,1.718,1.686
2025-03-05,,,,,,,1.908,1.751,1.755
2025-03-06,,,,,,,1.91,1.748,1.79
2025-03-07,,,,,,,1.916,1.718,1.801
2025-03-10,,,,,,,1.937,1.78,1.819
2025-03-11,,,,,,,1.948,1.786,1.782
2025-03-12,,,,,,,1.954,1.78,1.758
2025-03-13,,,,,,,1.961,1.774,1.771
2025-03-14,,,,,,,1.963,1.742,1.811
2025-03-17,,,,,,,1.965,1.819,1.805
2025-03-18,,,,,,,1.967,1.903,1.785
2025-03-19,,,,,,,1.974,1.856,1.763
2025-03-20,,,,,,,1.971,1.778,1.785
2025-03-21,,,,,,,1.971,1.754,1.76
2025-03-24,,,,,,,1.966,1.745,1.75
2025-03-25,,,,,,,1.955,1.815,1.775
2025-03-26,,,,,,,1.951,1.9,1.785
2025-03-27,,,,,,,1.945,2.004,1.738
2025-03-28,,,,,,,1.939,1.936,1.728
2025-03-31,,,,,,,1.928,2.023,1.739
2025-04-01,-0.1,,131387.01,1091407.33,3251739.32,49.4,1.916,1.807,1.823
2025-04-02,,,,,,,1.905,1.805,1.756
2025-04-03,,,,,,,1.865,1.689,1.617
2025-04-07,,,,,,,1.819,1.694,1.79
2025-04-08,,,,,,,1.811,1.725,1.744
2025-04-09,,,,,,,1.804,1.703,1.741
2025-04-10,,,,,,,1.795,1.681,1.607
2025-04-11,,,,,,,1.787,1.619,1.609
2025-04-14,,,,,,,1.782,1.665,1.644
2025-04-15,,,,,,,1.776,1.695,1.701
2025-04-16,,,,,,,1.772,1.696,1.708
2025-04-17,,,,,,,1.766,1.652,1.634
2025-04-18,,,,,,,1.763,1.654,1.66
2025-04-21,,,,,,,1.758,1.68,1.716
2025-04-22,,,,,,,1.754,1.67,1.709
2025-04-23,,,,,,,1.749,1.644,1.626
2025-04-24,,,,,,,1.747,1.69,1.61
2025-04-25,,,,,,,1.747,1.638,1.567
2025-04-27,,,,,,,1.748,1.641,1.606
2025-04-28,,,,,,,1.747,1.723,1.603
2025-04-29,,,,,,,1.745,1.748,1.541
2025-04-30,,,,,,,1.743,1.762,1.76
2025-05-01,-0.1,,131300.0,1089100.0,3257800.0,50.2,,,
2025-05-06,,,,,,,1.732,1.707,1.702
2025-05-07,,,,,,,1.719,1.661,1.657
2025-05-08,,,,,,,1.702,1.594,1.539
2025-05-09,,,,,,,1.684,1.519,1.497
2025-05-12,,,,,,,1.661,1.496,1.422
2025-05-13,,,,,,,1.647,1.49,1.406
2025-05-14,,,,,,,1.639,1.501,1.405
2025-05-15,,,,,,,1.629,1.497,1.404
2025-05-16,,,,,,,1.625,1.545,1.654
2025-05-19,,,,,,,1.624,1.562,1.537
2025-05-20,,,,,,,1.617,1.556,1.509
2025-05-21,,,,,,,1.615,1.549,1.509
2025-05-22,,,,,,,1.613,1.523,1.465
2025-05-23,,,,,,,1.611,1.552,1.565
2025-05-26,,,,,,,1.612,1.579,1.506
2025-05-27,,,,,,,1.614,1.598,1.452
2025-05-28,,,,,,,1.615,1.578,1.411
2025-05-29,,,,,,,1.621,1.602,1.411
2025-05-30,,,,,,,1.62,1.617,1.471
2025-06-01,0.1,660536.0,131827.18,1139494.08,3302868.17,50.4,,,
2025-06-03,,,,,,,1.62,1.515,1.41
2025-06-04,,,,,,,1.62,1.543,1.408
2025-06-05,,,,,,,1.62,1.534,1.408
2025-06-06,,,,,,,1.619,1.5,1.411
2025-06-09,,,,,,,1.618,1.497,1.378
2025-06-10,,,,,,,1.62,1.496,1.362
2025-06-11,,,,,,,1.62,1.502,1.361
2025-06-12,,,,,,,1.62,1.521,1.367
2025-06-13,,,,,,,1.622,1.508,1.411
2025-06-16,,,,,,,1.621,1.51,1.388
2025-06-17,,,,,,,1.621,1.508,1.369
2025-06-18,,,,,,,1.62,1.505,1.366
2025-06-19,,,,,,,1.621,1.524,1.367
2025-06-20,,,,,,,1.62,1.529,1.368
2025-06-23,,,,,,,1.62,1.497,1.367
2025-06-24,,,,,,,1.62,1.629,1.37
2025-06-25,,,,,,,1.622,1.671,1.371
2025-06-26,,,,,,,1.622,1.67,1.37
2025-06-27,,,,,,,1.62,1.668,1.371
2025-06-30,,,,,,,1.622,1.763,1.422
2025-07-01,0.0,,132800.0,1110600.0,3299400.0,49.5,1.617,1.53,1.367
2025-07-02,,,,,,,1.6095,1.497,1.365
2025-07-03,,,,,,,1.594,1.456,1.315
2025-07-04,,,,,,,1.581,1.423,1.313
2025-07-07,,,,,,,1.557,1.458,1.312
2025-07-08,,,,,,,1.546,1.455,1.312
2025-07-09,,,,,,,1.539,1.464,1.313
2025-07-10,,,,,,,1.538,1.474,1.316
2025-07-11,,,,,,,1.535,1.475,1.333
2025-07-14,,,,,,,1.538,1.515,1.415
2025-07-15,,,,,,,1.541,1.546,1.535
2025-07-16,,,,,,,1.54,1.504,1.466
2025-07-17,,,,,,,1.539,1.504,1.463
2025-07-18,,,,,,,1.536,1.494,1.462
2025-07-21,,,,,,,1.534,1.477,1.366
2025-07-22,,,,,,,1.529,1.462,1.317
2025-07-23,,,,,,,1.529,1.463,1.367
2025-07-24,,,,,,,1.536,1.545,1.635
2025-07-25,,,,,,,1.545,1.62,1.52
2025-07-28,,,,,,,1.549,1.596,1.467
2025-07-29,,,,,,,1.55,1.545,1.366
2025-07-30,,,,,,,1.55,1.501,1.317
2025-07-31,,,,,,,1.55,1.497,1.392
2025-08-01,-0.4,,133402.29,1112255.7,3319831.44,49.2,1.549,1.446,1.315
2025-08-04,,,,,,,1.547,1.436,1.314
2025-08-05,,,,,,,1.543,1.432,1.315
2025-08-06,,,,,,,1.533,1.442,1.316
2025-08-07,,,,,,,1.529,1.434,1.315
2025-08-08,,,,,,,1.5256,1.4356,1.3144
2025-08-11,,,,,,,1.527,1.432,1.315
2025-08-12,,,,,,,1.527,1.433,1.315
2025-08-13,,,,,,,1.526,1.434,1.315
2025-08-14,,,,,,,1.525,1.426,1.315
2025-08-15,,,,,,,1.526,1.465,1.398
2025-08-18,,,,,,,1.528,1.483,1.436
2025-08-19,,,,,,,1.528,1.517,1.464
2025-08-20,,,,,,,1.532,1.534,1.473
2025-08-21,,,,,,,1.533,1.495,1.466
2025-08-22,,,,,,,1.53,1.463,1.418
2025-08-25,,,,,,,1.53,1.484,1.356
2025-08-26,,,,,,,1.53,1.467,1.317
2025-08-27,,,,,,,1.526,1.491,1.315
2025-08-28,,,,,,,1.529,1.526,1.316
2025-08-29,,,,,,,1.527,1.51,1.331
2025-09-01,-0.3,1015036.0,135813.36,1131455.07,3353771.03,50.6,1.521,1.438,1.315
2025-09-02,,,,,,,1.518,1.431,1.314
2025-09-03,,,,,,,1.517,1.433,1.316
2025-09-04,,,,,,,1.519,1.437,1.316
2025-09-05,,,,,,,1.52,1.427,1.316
2025-09-08,,,,,,,1.52,1.438,1.353
2025-09-09,,,,,,,1.522,1.467,1.419
2025-09-10,,,,,,,1.528,1.449,1.425
2025-09-11,,,,,,,1.53,1.466,1.369
2025-09-12,,,,,,,1.532,1.46,1.367
2025-09-15,,,,,,,1.533,1.47,1.408
2025-09-16,,,,,,,1.535,1.475,1.437
2025-09-17,,,,,,,1.541,1.519,1.483
2025-09-18,,,,,,,1.544,1.528,1.514
2025-09-19,,,,,,,1.547,1.488,1.461
2025-09-22,,,,,,,1.55,1.466,1.427
2025-09-23,,,,,,,1.551,1.462,1.413
2025-09-24,,,,,,,1.556,1.59,1.434
2025-09-25,,,,,,,1.564,1.584,1.472
2025-09-26,,,,,,,1.566,1.501,1.321
2025-09-28,,,,,,,1.57,1.497,1.314
2025-09-29,,,,,,,1.571,1.523,1.315
2025-09-30,,,,,,,1.57,1.405,1.379
2025-10-01,0.2,,135478.14,1119962.73,3351312.31,50.1,,,
2025-10-09,,,,,,,1.567,1.495,1.322
2025-10-10,,,,,,,1.559,1.451,1.319
2025-10-11,,,,,,,1.558,1.403,1.314
2025-10-13,,,,,,,1.557,1.447,1.314
2025-10-14,,,,,,,1.56,1.423,1.315
2025-10-15,,,,,,,1.559,1.414,1.316
2025-10-16,,,,,,,1.559,1.419,1.316
2025-10-17,,,,,,,1.559,1.415,1.318
2025-10-20,,,,,,,1.557,1.418,1.317
2025-10-21,,,,,,,1.557,1.426,1.317
2025-10-22,,,,,,,1.557,1.422,1.318
2025-10-23,,,,,,,1.556,1.417,1.318
2025-10-24,,,,,,,1.557,1.414,1.32
2025-10-27,,,,,,,1.557,1.542,1.442
2025-10-28,,,,,,,1.557,1.53,1.469
2025-10-29,,,,,,,1.556,1.512,1.414
2025-10-30,,,,,,,1.549,1.484,1.317
2025-10-31,,,,,,,1.547,1.439,1.321
2025-11-01,0.7,,137369.38,1128866.64,3369890.52,49.4,,,
2025-11-03,,,,,,,1.546,1.412,1.316
2025-11-04,,,,,,,1.546,1.415,1.315
2025-11-05,,,,,,,1.5415,1.423,1.315
2025-11-06,,,,,,,1.534,1.421,1.313
2025-11-07,,,,,,,1.526,1.422,1.327
2025-11-10,,,,,,,1.525,1.478,1.479
2025-11-11,,,,,,,1.525,1.501,1.508
2025-11-12,,,,,,,1.523,1.474,1.415
2025-11-13,,,,,,,1.518,1.474,1.315
2025-11-14,,,,,,,1.518,1.468,1.363
2025-11-17,,,,,,,1.52,1.514,1.508
2025-11-18,,,,,,,1.52,1.518,1.525
2025-11-19,,,,,,,1.52,1.487,1.42
2025-11-20,,,,,,,1.518,1.46,1.364
2025-11-21,,,,,,,1.519,1.417,1.32
2025-11-24,,,,,,,1.52,1.447,1.316
2025-11-25,,,,,,,1.52,1.433,1.316
2025-11-26,,,,,,,1.519,1.453,1.316
2025-11-27,,,,,,,1.52,1.425,1.314
2025-11-28,,,,,,,1.52,1.437,1.301
2025-12-01,,,,,,,1.519,1.454,1.307
2025-12-02,,,,,,,1.519,1.434,1.302
2025-12-03,,,,,,,1.52,1.426,1.301
2025-12-04,,,,,,,1.52,1.424,1.302
2025-12-05,,,,,,,1.52,1.416,1.301
2025-12-08,,,,,,,1.521,1.426,1.302
2025-12-09,,,,,,,1.523,1.431,1.303
2025-12-10,,,,,,,1.523,1.439,1.298
2025-12-11,,,,,,,1.524,1.432,1.283
2025-12-12,,,,,,,1.525,1.451,1.279
2025-12-15,,,,,,,1.533,1.432,1.274
2025-12-16,,,,,,,1.537,1.429,1.276
2025-12-17,,,,,,,1.541,1.428,1.275
2025-12-18,,,,,,,1.55,1.426,1.273
2025-12-19,,,,,,,1.5544,1.4311,1.2733
2025-12-22,,,,,,,1.559,1.417,1.272
2025-12-23,,,,,,,1.567,1.399,1.272
2025-12-24,,,,,,,1.579,1.385,1.267
2025-12-25,,,,,,,1.584,1.4,1.262
2025-12-26,,,,,,,1.584,1.448,1.258
2025-12-29,,,,,,,1.584,1.558,1.248
