date,CPI_YOY,M0,M1,M2
1951-12-01,12.5,229.59,870.53,15293.4
1952-12-01,2.7,229.59,870.53,15293.4
1953-12-01,5.1,229.59,870.53,15293.4
1954-12-01,1.4,229.59,870.53,15293.4
1955-12-01,0.3,229.59,870.53,15293.4
1956-12-01,-0.1,229.59,870.53,15293.4
1957-12-01,2.6,229.59,870.53,15293.4
1958-12-01,-1.1,229.59,870.53,15293.4
1959-12-01,0.3,229.59,870.53,15293.4
1960-12-01,2.5,229.59,870.53,15293.4
1961-12-01,16.1,229.59,870.53,15293.4
1962-12-01,3.8,229.59,870.53,15293.4
1963-12-01,-5.9,229.59,870.53,15293.4
1964-12-01,-3.7,229.59,870.53,15293.4
1965-12-01,-1.2,229.59,870.53,15293.4
1966-12-01,-1.2,229.59,870.53,15293.4
1967-12-01,-0.6,229.59,870.53,15293.4
1968-12-01,0.1,229.59,870.53,15293.4
1969-12-01,1.0,229.59,870.53,15293.4
1970-12-01,0.0,229.59,870.53,15293.4
1971-12-01,-0.1,229.59,870.53,15293.4
1972-12-01,0.2,229.59,870.53,15293.4
1973-12-01,0.1,229.59,870.53,15293.4
1974-12-01,0.7,229.59,870.53,15293.4
1975-12-01,0.4,229.59,870.53,15293.4
1976-12-01,0.3,229.59,870.53,15293.4
1977-12-01,2.7,229.59,870.53,15293.4
1978-01-01,2.7,229.59,870.53,15293.4
1978-02-01,2.7,205.89,833.35,15293.4
1978-03-01,2.7,194.86,827.83,15293.4
1978-04-01,2.7,192.63,808.17,15293.4
1978-05-01,2.7,182.17,757.93,15293.4
1978-06-01,2.7,178.46,745.08,15293.4
1978-07-01,2.7,181.02,746.43,15293.4
1978-08-01,2.7,182.12,755.99,15293.4
1978-09-01,2.7,188.27,763.47,15293.4
1978-10-01,2.7,185.24,778.64,15293.4
1978-11-01,2.7,190.54,808.27,15293.4
1978-12-01,0.7,212.03,859.45,15293.4
1979-01-01,0.7,257.22,851.39,15293.4
1979-02-01,0.7,228.36,823.0,15293.4
1979-03-01,0.7,219.02,833.24,15293.4
1979-04-01,0.7,217.33,835.08,15293.4
1979-05-01,0.7,209.0,809.14,15293.4
1979-06-01,0.7,208.71,814.67,15293.4
1979-07-01,0.7,212.96,831.28,15293.4
1979-08-01,0.7,215.35,849.58,15293.4
1979-09-01,0.7,225.57,871.19,15293.4
1979-10-01,0.7,220.9,895.32,15293.4
1979-11-01,0.7,235.13,955.66,15293.4
1979-12-01,1.9,267.71,1069.36,15293.4
1980-01-01,1.9,300.41,1031.89,15293.4
1980-02-01,1.9,279.18,975.8,15293.4
1980-03-01,1.9,261.49,963.91,15293.4
1980-04-01,1.9,254.07,954.89,15293.4
1980-05-01,1.9,243.13,957.2,15293.4
1980-06-01,1.9,243.3,983.04,15293.4
1980-07-01,1.9,251.71,1012.49,15293.4
1980-08-01,1.9,259.97,1043.81,15293.4
1980-09-01,1.9,274.35,1081.75,15293.4
1980-10-01,1.9,285.84,1133.15,15293.4
1980-11-01,1.9,309.0,1206.27,15293.4
1980-12-01,7.5,346.2,1315.74,15293.4
1981-01-01,7.5,415.03,1370.5,15293.4
1981-02-01,7.5,349.86,1309.39,15293.4
1981-03-01,7.5,325.62,1289.05,15293.4
1981-04-01,7.5,318.04,1267.41,15293.4
1981-05-01,7.5,306.44,1268.12,15293.4
1981-06-01,7.5,306.38,1297.76,15293.4
1981-07-01,7.5,315.46,1320.01,15293.4
1981-08-01,7.5,320.16,1356.45,15293.4
1981-09-01,7.5,333.15,1393.37,15293.4
1981-10-01,7.5,345.23,1250.32,15293.4
1981-11-01,7.5,359.85,1580.86,15293.4
1981-12-01,2.5,396.34,1636.56,15293.4
1982-01-01,2.5,443.01,1638.32,15293.4
1982-02-01,2.5,402.92,1578.76,15293.4
1982-03-01,2.5,377.87,1569.69,15293.4
1982-04-01,2.5,367.33,1552.52,15293.4
1982-05-01,2.5,349.47,1555.3,15293.4
1982-06-01,2.5,352.49,1567.42,15293.4
1982-07-01,2.5,358.21,1587.92,15293.4
1982-08-01,2.5,359.96,1610.77,15293.4
1982-09-01,2.5,377.4,1642.91,15293.4
1982-10-01,2.5,388.4,1693.45,15293.4
1982-11-01,2.5,404.1,1766.36,15293.4
1982-12-01,2.0,439.12,1885.11,15293.4
1983-01-01,2.0,482.96,1984.95,15293.4
1983-02-01,2.0,459.91,1925.99,15293.4
1983-03-01,2.0,433.27,1925.79,15293.4
1983-04-01,2.0,430.86,1968.01,15293.4
1983-05-01,2.0,415.25,1957.82,15293.4
1983-06-01,2.0,421.97,1975.1,15293.4
1983-07-01,2.0,438.16,2019.99,15293.4
1983-08-01,2.0,439.65,2033.77,15293.4
1983-09-01,2.0,467.28,2082.24,15293.4
1983-10-01,2.0,488.63,2138.54,15293.4
1983-11-01,2.0,517.64,2252.51,15293.4
1983-12-01,2.0,529.78,2165.04,15293.4
1984-01-01,2.0,618.47,2169.61,15293.4
1984-02-01,2.0,530.99,2072.29,15293.4
1984-03-01,2.0,511.19,2065.67,15293.4
1984-04-01,2.0,502.06,2073.6,15293.4
1984-05-01,2.0,481.59,2080.79,15293.4
1984-06-01,2.0,490.84,2103.01,15293.4
1984-07-01,2.0,519.27,2174.91,15293.4
1984-08-01,2.0,541.57,2247.44,15293.4
1984-09-01,2.0,587.2,2324.55,15293.4
1984-10-01,2.0,643.59,2441.33,15293.4
1984-11-01,2.0,700.71,2592.64,15293.4
1984-12-01,2.7,792.11,2845.24,15293.4
1985-01-01,2.7,839.35,2925.38,15293.4
1985-02-01,2.7,843.69,2870.78,15293.4
1985-03-01,2.7,787.59,2822.05,15293.4
1985-04-01,2.7,760.76,2760.11,15293.4
1985-05-01,2.7,737.89,2715.74,15293.4
1985-06-01,2.7,757.5,2639.4,15293.4
1985-07-01,2.7,783.74,2679.89,15293.4
1985-08-01,2.7,799.62,2689.34,15293.4
1985-09-01,2.7,827.12,2719.54,15293.4
1985-10-01,2.7,839.2,2736.56,15293.4
1985-11-01,2.7,902.35,2838.29,15293.4
1985-12-01,9.3,987.83,3011.39,15293.4
1986-01-01,9.3,1050.63,3009.35,15293.4
1986-02-01,9.3,960.27,2882.59,15293.4
1986-03-01,9.3,898.79,2854.09,15293.4
1986-04-01,9.3,881.55,2880.7,15293.4
1986-05-01,9.3,865.06,2922.83,15293.4
1986-06-01,9.3,888.46,2990.8,15293.4
1986-07-01,9.3,908.77,3057.26,15293.4
1986-08-01,9.3,930.46,3127.9,15293.4
1986-09-01,9.3,978.62,3219.86,15293.4
1986-10-01,9.3,1037.06,3361.43,15293.4
1986-11-01,9.3,1108.02,3554.65,15293.4
1986-12-01,6.5,1218.36,3856.03,15293.4
1987-01-01,4.7,1367.99,3955.27,15293.4
1987-02-01,4.8,1199.81,3748.03,15293.4
1987-03-01,5.4,1142.64,3725.98,15293.4
1987-04-01,5.7,1134.54,3726.46,15293.4
1987-05-01,7.1,1123.39,3776.36,15293.4
1987-06-01,7.2,1135.38,3825.43,15293.4
1987-07-01,7.6,1174.91,3907.69,15293.4
1987-08-01,7.7,1198.86,4013.21,15293.4
1987-09-01,7.3,1269.92,4148.3,15293.4
1987-10-01,6.9,1323.7,4279.58,15293.4
1987-11-01,7.8,1372.56,4396.18,15293.4
1987-12-01,7.9,1454.59,4481.67,15293.4
1988-01-01,7.9,1552.82,4632.31,15293.4
1988-02-01,9.2,1552.02,4573.73,15293.4
1988-03-01,11.3,1442.48,4510.07,15293.4
1988-04-01,12.2,1454.34,4664.6,15293.4
1988-05-01,14.2,1466.88,4827.54,15293.4
1988-06-01,16.3,1543.09,4944.86,15293.4
1988-07-01,19.2,1637.71,5132.35,15293.4
1988-08-01,23.6,1736.98,5349.04,15293.4
1988-09-01,26.4,1850.32,5344.59,15293.4
1988-10-01,27.1,1919.06,5264.28,15293.4
1988-11-01,26.8,2027.34,5284.43,15293.4
1988-12-01,27.9,2134.03,5490.17,15293.4
1989-01-01,27.4,2454.97,5607.55,15293.4
1989-02-01,28.4,2255.21,5335.97,15293.4
1989-03-01,27.0,2099.07,5252.51,15293.4
1989-04-01,26.6,2068.58,5311.0,15293.4
1989-05-01,24.8,2036.78,5323.6,15293.4
1989-06-01,22.8,2081.09,5268.81,15293.4
1989-07-01,19.4,2089.25,5262.66,15293.4
1989-08-01,15.3,2080.28,5293.77,15293.4
1989-09-01,11.5,2082.42,5300.36,15293.4
1989-10-01,8.6,2118.14,5406.82,15293.4
1989-11-01,7.4,2201.06,5632.14,15293.4
1989-12-01,6.6,2344.02,5830.51,15293.4
1990-01-01,4.3,2624.6,6028.46,15293.4
1990-02-01,4.4,2287.2,5661.44,15293.4
1990-03-01,3.4,2154.64,5655.65,15293.4
1990-04-01,3.2,2129.69,5746.54,15293.4
1990-05-01,2.7,2090.05,5782.38,15293.4
1990-06-01,1.1,2096.2,5805.02,15293.4
1990-07-01,1.1,2132.06,5920.52,15293.4
1990-08-01,2.5,2178.77,6073.84,15293.4
1990-09-01,2.9,2300.44,6327.76,15293.4
1990-10-01,3.1,2383.23,6433.8,15293.4
1990-11-01,4.3,2490.03,6669.86,15293.4
1990-12-01,3.7,2644.4,6950.7,15293.4
1991-01-01,2.2,2836.7,7250.21,15293.4
1991-02-01,1.8,2815.36,7159.6,15293.4
1991-03-01,1.6,2585.61,7069.07,15293.4
1991-04-01,1.3,2526.81,7164.47,15293.4
1991-05-01,3.6,2486.85,7280.88,15293.4
1991-06-01,4.4,2517.25,7280.76,15293.4
1991-07-01,4.7,2581.1,7462.47,15293.4
1991-08-01,4.9,2632.08,7669.99,15293.4
1991-09-01,4.5,2730.03,7972.06,15293.4
1991-10-01,4.8,2879.34,8243.34,15293.4
1991-11-01,4.4,3002.58,8549.05,15293.4
1991-12-01,4.5,3177.8,8633.3,19349.9
1992-01-01,5.5,3824.24,9231.11,19349.9
1992-02-01,5.3,3274.89,8810.49,19349.9
1992-03-01,5.3,3117.18,8872.65,19349.9
1992-04-01,7.1,3121.2,9194.51,19349.9
1992-05-01,4.7,3111.18,9459.65,19349.9
1992-06-01,4.8,3155.92,9666.65,19349.9
1992-07-01,5.2,3278.63,10157.21,19349.9
1992-08-01,5.8,3387.53,10520.73,19349.9
1992-09-01,7.5,3559.38,10556.36,19349.9
1992-10-01,7.9,3732.59,11034.05,19349.9
1992-11-01,8.2,3989.1,11452.78,19349.9
1992-12-01,8.8,4336.0,11731.5,25402.2
1993-01-01,10.3,4354.1,13586.77,27243.07
1993-02-01,10.8,4456.0,13809.63,27678.33
1993-03-01,12.2,4557.9,14032.5,28113.6
1993-04-01,12.6,4659.8,14255.37,28548.87
1993-05-01,14.0,4693.77,14329.66,28984.13
1993-06-01,15.1,4863.6,14701.1,29419.4
1993-07-01,16.2,4934.0,14608.37,29730.67
1993-08-01,16.4,4957.47,14577.46,29834.42
1993-09-01,15.7,5074.8,14422.9,30353.2
1993-10-01,15.9,5338.1,15042.07,31334.07
1993-11-01,16.7,5425.87,15248.46,31661.02
1993-12-01,18.8,5864.7,16280.4,33295.8
1994-01-01,21.1,5854.67,16332.6,34010.27
1994-02-01,23.2,5851.32,16350.0,34248.42
1994-03-01,22.4,5834.6,16437.0,35439.2
1994-04-01,21.7,5816.9,16850.13,36390.33
1994-05-01,21.3,5811.0,16987.84,36707.38
1994-06-01,22.6,5781.5,17676.4,38292.6
1994-07-01,24.0,5991.97,18120.77,39369.77
1994-08-01,25.8,6062.12,18268.89,39728.82
1994-09-01,27.3,6412.9,19009.5,41524.1
1994-10-01,27.7,6704.8,19519.9,42625.13
1994-11-01,27.5,6802.1,19690.03,42992.14
1994-12-01,25.5,7288.6,20540.7,44827.2
1995-01-01,24.1,9141.0,20856.66,45875.9
1995-02-01,22.4,7765.0,20018.57,46225.47
1995-03-01,21.3,7271.0,19835.7,47973.3
1995-04-01,20.7,7268.0,19994.38,48878.1
1995-05-01,20.3,7046.0,20050.43,49179.7
1995-06-01,18.2,7004.0,20050.12,50687.7
1995-07-01,16.7,7093.0,20425.89,51872.73
1995-08-01,14.5,7242.0,22354.0,52267.74
1995-09-01,13.2,7369.0,22500.0,54242.8
1995-10-01,12.1,7420.06,22886.04,55579.2
1995-11-01,11.2,7733.0,23428.03,56024.67
1995-12-01,10.1,7885.0,23987.33,58252.0
1996-01-01,9.0,8600.0,25195.0,58401.0
1996-02-01,9.3,9301.0,25255.6,63778.0
1996-03-01,9.8,8169.0,23909.0,64511.0
1996-04-01,9.7,7894.94,24145.0,65723.0
1996-05-01,8.9,7706.0,24463.0,66880.0
1996-06-01,8.6,7666.0,24600.0,68132.0
1996-07-01,8.3,7809.31,25078.0,69346.0
1996-08-01,8.1,8093.35,25729.45,72309.0
1996-09-01,7.4,8409.0,26230.0,69643.0
1996-10-01,7.0,8405.0,26798.2,73152.2
1996-11-01,6.9,8705.0,27422.0,74142.0
1996-12-01,7.0,8802.01,28515.0,76094.9
1997-01-01,5.9,11493.0,30573.0,78648.0
1997-02-01,5.6,10080.0,29103.0,78998.0
1997-03-01,4.0,9282.0,29058.0,79889.0
1997-04-01,3.2,9277.0,29991.0,80818.0
1997-05-01,2.8,9066.0,30275.0,81151.0
1997-06-01,2.8,9122.0,31074.0,82789.0
1997-07-01,2.7,9127.0,31100.0,83460.0
1997-08-01,1.9,9327.0,31594.99,84746.0
1997-09-01,1.8,9426.0,32245.0,85892.0
1997-10-01,1.5,9489.0,32422.0,86644.0
1997-11-01,1.1,9784.58,32909.0,87590.0
1997-12-01,0.4,10177.6,34826.27,90995.3
1998-01-01,0.3,13108.4,35585.6,92211.4
1998-02-01,-0.1,10886.06,33395.0,92024.0
1998-03-01,0.7,10201.04,33110.0,92015.0
1998-04-01,-0.3,10173.0,33360.0,92662.0
1998-05-01,-1.0,9984.4,33553.0,93936.0
1998-06-01,-1.3,9720.44,33776.0,94658.0
1998-07-01,-1.4,10037.4,34356.0,96314.0
1998-08-01,-1.4,10129.07,35050.0,97299.0
1998-09-01,-1.5,10528.0,36501.0,99795.0
1998-10-01,-1.1,10501.3,36786.7,100875.2
1998-11-01,-1.2,10671.0,37414.0,102229.0
1998-12-01,-1.0,11204.0,38953.68,104498.5
1999-01-01,-1.2,11997.0,39011.0,105500.0
1999-02-01,-1.3,12784.0,38749.0,107778.0
1999-03-01,-1.8,11342.0,38054.0,108438.0
1999-04-01,-2.2,11225.0,38053.0,109218.0
1999-05-01,-2.2,10889.0,38004.0,110061.0
1999-06-01,-2.1,10881.0,38822.0,111363.0
1999-07-01,-1.4,11199.0,38991.0,111414.0
1999-08-01,-1.3,11395.0,40095.0,112827.0
1999-09-01,-0.8,12255.0,41914.0,115079.0
1999-10-01,-0.6,12154.0,42265.0,115390.0
1999-11-01,-0.9,12483.0,43370.0,116559.0
1999-12-01,-1.0,13455.5,45837.3,117638.1
2000-01-01,-0.2,16093.9,46570.1,118907.8
2000-02-01,0.7,13983.0,44679.2,119353.6
2000-03-01,-0.2,13235.4,45158.45,120399.58
2000-04-01,-0.3,13675.5,46319.03,121914.77
2000-05-01,0.1,13075.45,46490.23,121902.65
2000-06-01,0.5,13006.04,48024.4,124486.78
2000-07-01,0.5,13156.47,47803.09,124192.78
2000-08-01,0.3,13378.68,48885.38,125673.26
2000-09-01,0.0,13894.69,50616.89,128352.61
2000-10-01,0.0,13589.45,49952.84,127432.53
2000-11-01,1.3,13877.7,50787.49,128887.4
2000-12-01,1.5,14652.65,53147.15,132487.52
2001-01-01,1.19,17018.98,54406.23,135685.99
2001-02-01,0.0,14910.39,51997.68,134390.49
2001-03-01,0.8,14362.12,53033.36,136915.12
2001-04-01,1.6,14622.99,53261.32,138121.03
2001-05-01,1.7,13942.28,52542.99,137219.27
2001-06-01,1.4,13943.44,55187.36,141885.6
2001-07-01,1.5,14071.62,53502.8,140076.48
2001-08-01,1.0,14370.13,55808.92,143787.3
2001-09-01,-0.1,15064.6,56824.0,151822.6
2001-10-01,0.2,14484.61,56114.9,146157.58
2001-11-01,-0.3,14780.0,56579.6,154088.3
2001-12-01,-0.3,15688.8,59871.59,152888.5
2002-01-01,-1.0,16727.06,60577.23,157853.45
2002-02-01,0.0,16642.65,58703.97,159182.97
2002-03-01,-0.8,15545.47,59475.67,162300.93
2002-04-01,-1.3,15864.91,60462.04,162825.22
2002-05-01,-1.1,15243.74,61247.53,164268.36
2002-06-01,-0.8,15098.04,63144.69,167869.41
2002-07-01,-0.9,15358.29,63488.41,169122.95
2002-08-01,-0.7,15713.28,64869.5,171524.2
2002-09-01,-0.7,16234.11,66800.29,175254.87
2002-10-01,-0.8,16015.18,67100.77,175534.74
2002-11-01,-0.7,16346.89,67993.28,178018.43
2002-12-01,-0.4,17278.43,70882.19,183246.94
2003-01-01,0.39,21245.12,72406.05,188918.38
2003-02-01,0.2,17937.58,69757.05,188444.37
2003-03-01,0.92,17106.89,71439.21,192832.44
2003-04-01,1.04,17441.44,71321.54,194476.98
2003-05-01,0.66,17115.34,72778.15,197811.96
2003-06-01,0.34,16957.18,75923.52,203071.74
2003-07-01,0.52,17362.4,76153.04,204381.1
2003-08-01,0.91,17607.08,77033.3,208692.4
2003-09-01,1.11,18306.62,79164.14,211611.5
2003-10-01,1.81,18250.94,80267.37,212505.4
2003-11-01,2.95,18439.85,80815.22,214358.84
2003-12-01,3.19,19746.23,84118.81,219226.81
2004-01-01,3.17,22287.43,83805.9,225101.93
2004-02-01,2.09,19893.44,83556.43,227050.72
2004-03-01,3.04,19297.43,85815.57,231654.6
2004-04-01,3.8,19878.4,85603.64,233627.86
2004-05-01,4.37,19048.43,86780.37,234842.4
2004-06-01,4.97,19017.58,88627.14,238427.49
2004-07-01,5.27,19048.43,86780.37,234842.4
2004-08-01,5.25,19517.94,89125.33,239729.19
2004-09-01,5.19,20524.0,90439.0,243757.0
2004-10-01,4.27,20078.0,90782.0,243740.0
2004-11-01,2.85,20209.25,92387.13,247135.58
2004-12-01,2.42,21468.3,95970.82,253207.7
2005-01-01,1.91,24015.41,97079.03,257708.47
2005-02-01,3.95,22667.97,92814.95,259357.29
2005-03-01,2.69,21238.95,94743.19,264588.94
2005-04-01,1.83,21666.56,94593.72,266992.66
2005-05-01,1.76,20811.59,95802.01,269240.49
2005-06-01,1.6,20848.76,98601.25,275785.53
2005-07-01,1.8,21171.2,97674.1,276966.28
2005-08-01,1.26,21351.56,99377.7,281288.22
2005-09-01,0.88,22272.92,100964.0,287438.27
2005-10-01,1.22,21982.98,101751.98,287591.61
2005-11-01,1.31,22409.39,104125.78,292350.39
2005-12-01,1.56,24031.67,107278.57,298755.48
2006-01-01,1.89,29310.37,107250.68,303571.65
2006-02-01,0.86,24482.02,104357.08,304516.27
2006-03-01,0.8,23472.03,106737.08,310490.65
2006-04-01,1.21,24155.73,106389.11,313702.34
2006-05-01,1.38,23465.32,109219.22,316709.81
2006-06-01,1.51,23469.08,112342.36,322756.35
2006-07-01,1.03,23752.59,112653.04,324010.76
2006-08-01,1.32,24185.36,114845.67,327885.67
2006-09-01,1.51,25687.38,116814.1,331865.36
2006-10-01,1.41,24964.16,118359.96,332747.17
2006-11-01,1.88,25527.25,121644.95,337504.15
2006-12-01,2.81,27072.62,126028.05,345577.91
2007-01-01,2.17,27949.13,128484.06,351498.77
2007-02-01,2.71,30627.93,126258.08,358659.25
2007-03-01,3.28,27387.95,127881.31,364104.66
2007-04-01,3.03,27813.88,127678.33,367326.45
2007-05-01,3.39,26727.97,130275.8,369718.15
2007-06-01,4.36,26881.09,135847.4,377832.15
2007-07-01,5.62,27326.26,136237.43,383884.88
2007-08-01,6.52,27822.39,140993.21,387205.04
2007-09-01,6.24,29030.58,142591.57,393098.91
2007-10-01,6.5,28317.78,144649.33,394204.17
2007-11-01,6.94,28987.92,148009.82,399757.91
2007-12-01,6.51,30334.32,152519.17,403401.3
2008-01-01,7.1,36673.15,154872.59,417846.17
2008-02-01,8.7,32454.47,150177.88,421037.84
2008-03-01,8.3,30433.07,150867.47,423054.53
2008-04-01,8.5,30789.61,151694.91,429313.72
2008-05-01,7.7,30169.3,153344.75,436221.6
2008-06-01,7.1,30181.32,154820.15,443141.02
2008-07-01,6.3,30687.19,154992.44,446362.17
2008-08-01,4.9,30851.62,156889.92,448846.68
2008-09-01,4.6,31724.88,155748.97,452898.71
2008-10-01,4.0,31317.84,157194.36,453133.32
2008-11-01,2.4,31607.36,157826.63,458644.66
2008-12-01,1.2,34218.96,166217.13,475166.6
2009-01-01,1.0,41082.37,165214.34,496135.31
2009-02-01,-1.6,35141.64,166149.6,506708.07
2009-03-01,-1.2,33746.42,176541.13,530626.71
2009-04-01,-1.5,34257.27,178213.57,540481.21
2009-05-01,-1.4,33559.52,182025.58,548263.51
2009-06-01,-1.7,33640.98,193138.15,568916.2
2009-07-01,-1.8,34239.3,195889.27,573102.85
2009-08-01,-1.2,34406.62,200394.83,576698.95
2009-09-01,-0.8,36787.89,201708.14,585405.34
2009-10-01,-0.5,35730.23,207545.74,586643.29
2009-11-01,0.6,36343.86,212493.2,594604.72
2009-12-01,1.9,38246.97,221445.81,610224.52
2010-01-01,1.5,40758.58,229588.98,625609.29
2010-02-01,2.7,42865.79,224286.95,636072.26
2010-03-01,2.4,39080.58,229397.93,649947.46
2010-04-01,2.8,39657.54,233909.76,656561.22
2010-05-01,3.1,38652.97,236497.88,663351.37
2010-06-01,2.9,38904.85,240580.0,673921.72
2010-07-01,3.3,39543.16,240664.07,674051.48
2010-08-01,3.5,39922.76,244340.64,687506.92
2010-09-01,3.6,41854.41,243821.9,696471.5
2010-10-01,4.4,41646.21,253313.17,699776.74
2010-11-01,5.1,42252.16,259420.32,710339.03
2010-12-01,4.6,44628.17,266621.54,725851.79
2011-01-01,4.9,58063.94,261765.01,733884.83
2011-02-01,4.9,47270.24,259200.5,736130.86
2011-03-01,5.4,44845.22,266255.48,758130.88
2011-04-01,5.3,45489.03,266766.91,757384.56
2011-05-01,5.5,44602.83,269289.63,763409.22
2011-06-01,6.4,44477.8,274662.57,780820.85
2011-07-01,6.5,45183.1,270545.65,772923.65
2011-08-01,6.2,45775.29,273393.77,780852.3
2011-09-01,6.1,47145.29,267193.16,787406.2
2011-10-01,5.5,46579.39,276552.67,816829.25
2011-11-01,4.2,47317.26,281416.37,825493.94
2011-12-01,4.1,50748.46,289847.7,851590.9
2012-01-01,4.5,59820.72,270010.4,855898.89
2012-02-01,3.2,51448.78,270312.11,867171.42
2012-03-01,3.6,49595.74,277998.11,895565.5
2012-04-01,3.4,50199.32,274983.82,889604.04
2012-05-01,3.0,49039.72,278656.31,900048.77
2012-06-01,2.2,49284.64,287526.17,924991.2
2012-07-01,1.8,49705.85,283090.68,919072.4
2012-08-01,2.0,50235.06,285739.27,924894.59
2012-09-01,1.9,53433.49,286788.21,943688.75
2012-10-01,1.7,51467.71,293309.78,936404.28
2012-11-01,2.0,52392.12,296883.0,944832.4
2012-12-01,2.5,54659.77,308664.23,974148.8
2013-01-01,2.0,62449.63,311228.55,992129.25
2013-02-01,3.2,60313.65,296103.24,998600.83
2013-03-01,2.1,55460.52,310898.29,1035858.37
2013-04-01,2.4,55607.15,307648.42,1032551.9
2013-05-01,2.1,54431.39,310204.48,1042169.16
2013-06-01,2.7,54063.91,313499.82,1054403.69
2013-07-01,2.7,54412.78,310596.46,1052212.34
2013-08-01,2.6,54925.35,314085.91,1061256.43
2013-09-01,3.1,56492.53,312330.34,1077379.16
2013-10-01,3.2,55595.72,319509.38,1070242.17
2013-11-01,3.0,56441.27,324821.92,1079257.05
2013-12-01,2.5,58574.44,337291.05,1106524.98
2014-01-01,2.5,76488.6,314900.55,1123521.21
2014-02-01,2.0,62320.95,316625.11,1131760.83
2014-03-01,2.4,58329.3,327683.74,1160687.38
2014-04-01,1.8,58615.54,324482.52,1168812.67
2014-05-01,2.5,58051.11,327839.56,1182293.96
2014-06-01,2.3,56951.05,341487.45,1209587.2
2014-07-01,2.3,57346.5,331347.32,1194249.24
2014-08-01,2.0,57997.61,332023.23,1197499.08
2014-09-01,1.6,58844.99,327220.21,1202051.41
2014-10-01,1.6,57691.64,329617.73,1199236.31
2014-11-01,1.4,58438.53,335114.13,1208605.95
2014-12-01,1.5,60259.53,348056.41,1228374.81
2015-01-01,0.8,63040.51,348109.5,1242710.22
2015-02-01,1.4,72896.19,334439.22,1257380.48
2015-03-01,1.4,61949.81,337210.52,1275332.78
2015-04-01,1.5,60772.46,336388.24,1280779.14
2015-05-01,1.2,59075.97,343085.86,1307357.63
2015-06-01,1.4,58604.26,356082.86,1333375.36
2015-07-01,1.6,59010.71,353122.19,1353210.92
2015-08-01,2.0,59061.79,362793.73,1356907.98
2015-09-01,1.6,61022.97,364416.9,1359824.06
2015-10-01,1.3,59900.48,375806.45,1361020.7
2015-11-01,1.5,60328.24,387618.32,1373956.01
2015-12-01,1.6,63216.58,400953.44,1392278.11
2016-01-01,1.8,72526.51,412685.64,1416319.55
2016-02-01,2.3,69421.5,392504.7,1424618.68
2016-03-01,2.3,64651.21,411581.31,1446198.03
2016-04-01,2.3,64403.17,413504.84,1445209.59
2016-05-01,2.0,62780.71,424250.7,1461695.11
2016-06-01,1.9,62818.89,443643.7,1490491.83
2016-07-01,1.8,63276.01,442934.43,1491558.72
2016-08-01,1.3,63454.7,454543.6,1510982.91
2016-09-01,1.9,65068.62,454340.25,1516360.5
2016-10-01,2.1,64214.93,465446.65,1519485.4
2016-11-01,2.3,64903.5,475405.54,1530432.06
2016-12-01,2.1,68303.87,486557.24,1550066.67
2017-01-01,2.5,86598.61,472526.45,1584194.56
2017-02-01,0.8,71727.69,476527.6,1589857.0
2017-03-01,0.9,68605.05,488770.09,1607938.98
2017-04-01,1.2,68392.6,490180.42,1603918.84
2017-05-01,1.5,67333.21,496389.78,1609740.77
2017-06-01,1.5,66977.68,510228.17,1639497.05
2017-07-01,1.4,67129.04,510484.58,1636341.11
2017-08-01,1.8,67550.99,518113.93,1652947.3
2017-09-01,1.6,69748.54,517863.04,1663666.05
2017-10-01,1.9,68230.69,525977.19,1662449.96
2017-11-01,1.7,68623.16,535565.05,1679156.64
2017-12-01,1.8,70645.6,543790.15,1690235.31
2018-01-01,1.5,74636.29,543247.13,1720814.46
2018-02-01,2.9,81424.24,517035.99,1729070.12
2018-03-01,2.1,72692.63,523540.07,1739859.48
2018-04-01,1.8,71476.46,525447.77,1737683.73
2018-05-01,1.8,69774.81,526276.72,1743063.79
2018-06-01,1.9,69589.33,543944.71,1770178.37
2018-07-01,2.1,69530.59,536624.29,1776196.11
2018-08-01,2.3,69775.39,538324.64,1788670.43
2018-09-01,2.5,71254.26,538574.08,1801665.58
2018-10-01,2.5,70106.62,540128.37,1795561.6
2018-11-01,2.2,70563.3,543498.66,1813175.07
2018-12-01,1.9,73208.4,551685.91,1826744.22
2019-01-01,1.7,87470.62,545638.46,1865935.33
2019-02-01,1.5,79484.72,527190.48,1867427.45
2019-03-01,2.3,74941.58,547575.54,1889412.14
2019-04-01,2.5,73965.76,540614.6,1884670.33
2019-05-01,2.7,72798.46,544355.64,1891153.7
2019-06-01,2.7,72580.96,567696.18,1921360.19
2019-07-01,2.8,72689.25,553043.11,1919410.82
2019-08-01,2.8,73152.62,556798.09,1935492.43
2019-09-01,3.0,74129.75,557137.95,1952250.49
2019-10-01,3.8,73395.4,558143.92,1945600.55
2019-11-01,4.5,73973.82,562486.52,1961429.56
2019-12-01,4.5,77189.47,576009.15,1986488.82
2020-01-01,5.4,93249.16,545531.79,2023066.49
2020-02-01,5.2,88187.05,552700.73,2030830.42
2020-03-01,4.3,83022.21,575050.29,2080923.41
2020-04-01,3.3,81485.21,570150.48,2093533.83
2020-05-01,2.4,79706.83,581111.06,2100183.74
2020-06-01,2.5,79459.41,604317.97,2134948.66
2020-07-01,2.7,79867.21,591192.64,2125458.46
2020-08-01,2.4,80042.71,601289.1,2136836.91
2020-09-01,1.7,82370.87,602312.12,2164084.8
2020-10-01,0.5,81036.43,609182.41,2149720.42
2020-11-01,-0.5,81593.61,618632.17,2172002.55
2020-12-01,0.2,84314.53,625580.99,2186795.89
2021-01-01,-0.3,89625.24,625563.81,2213047.33
2021-02-01,-0.2,91924.6,593487.46,2236030.26
2021-03-01,0.4,86543.64,616113.17,2276488.45
2021-04-01,0.9,85803.37,605421.89,2262107.12
2021-05-01,1.3,84177.72,616828.32,2275538.07
2021-06-01,1.1,84346.97,637479.36,2317788.36
2021-07-01,1.0,84717.56,620367.05,2302153.82
2021-08-01,0.8,85059.2,626658.69,2312267.68
2021-09-01,0.7,86867.09,624645.68,2342829.7
2021-10-01,1.5,86085.78,626082.12,2336160.48
2021-11-01,2.3,87433.41,637482.04,2356012.76
2021-12-01,1.5,90825.15,647443.35,2382899.56
2022-01-01,0.9,106188.87,613859.35,2431022.72
2022-02-01,0.9,97227.7,621612.11,2441488.9
2022-03-01,1.5,95141.92,645063.8,2497688.34
2022-04-01,2.1,95626.49,636139.01,2499710.9
2022-05-01,2.1,95546.86,645107.52,2527026.15
2022-06-01,2.5,96011.17,674374.81,2581451.2
2022-07-01,2.7,96509.19,661832.33,2578078.57
2022-08-01,2.5,97231.03,664604.85,2595068.27
2022-09-01,2.8,98672.06,664535.17,2626600.92
2022-10-01,2.1,98416.71,662140.99,2612914.57
2022-11-01,1.6,99740.12,667042.61,2647008.48
2022-12-01,1.8,104706.03,671674.76,2664320.84
2023-01-01,2.1,114601.3,655214.16,2738072.06
2023-02-01,1.0,107602.58,657938.74,2755249.23
2023-03-01,0.7,105591.3,678059.63,2814566.31
2023-04-01,0.1,105904.46,669761.55,2808469.34
2023-05-01,0.2,104756.71,675252.98,2820504.68
2023-06-01,0.0,105419.2,695595.48,2873023.83
2023-07-01,-0.3,106129.68,677218.92,2854031.56
2023-08-01,0.1,106515.36,679588.35,2869343.25
2023-09-01,0.0,109253.22,678443.65,2896659.11
2023-10-01,-0.2,108565.35,674696.07,2882276.07
2023-11-01,-0.5,110225.18,675903.41,2912014.22
2023-12-01,-0.3,113444.64,680542.52,2922713.33
2024-01-01,-0.8,121398.54,694197.88,2976250.2
2024-02-01,0.7,121009.93,665916.09,2995572.97
2024-03-01,0.1,117210.5,685808.9,3047952.16
2024-04-01,0.3,117300.0,660100.0,3011900.0
2024-05-01,0.3,117062.72,646842.47,3018506.73
2024-06-01,0.2,117736.77,660610.52,3050161.54
2024-07-01,0.5,118840.46,632296.54,3033060.78
2024-08-01,0.6,119500.0,630200.0,3050500.0
2024-09-01,0.4,121830.0,628236.54,3094798.24
2024-10-01,0.3,122447.04,633357.47,3097092.01
2024-11-01,0.2,124180.26,650904.16,3119587.27
2024-12-01,0.1,128194.16,1113069.0,3135322.3
2025-01-01,0.5,142254.48,1124457.45,3185247.18
2025-02-01,-0.7,132756.61,1094370.01,3205173.24
2025-03-01,-0.1,130691.86,1134863.1,3260554.57
2025-04-01,-0.1,131387.01,1091407.33,3251739.32
2025-05-01,-0.1,131300.0,1089100.0,3257800.0
2025-06-01,0.1,131827.18,1139494.08,3302868.17
2025-07-01,0.0,132800.0,1110600.0,3299400.0
2025-08-01,-0.4,133402.29,1112255.7,3319831.44
2025-09-01,-0.3,135813.36,1131455.07,3353771.03
2025-10-01,0.2,135478.14,1119962.73,3351312.31
2025-11-01,0.7,137369.38,1128866.64,3369890.52
