date,vix,dxy,us_treasury_10y,us_treasury_2y
2016-01-04,20.7,114.1595,2.24,1.02
2016-01-05,19.34,114.2649,2.25,1.04
2016-01-06,20.59,114.6177,2.18,0.99
2016-01-07,24.99,114.6516,2.16,0.96
2016-01-08,27.01,115.0095,2.13,0.94
2016-01-11,24.3,115.0139,2.17,0.94
2016-01-12,22.47,115.3128,2.12,0.93
2016-01-13,25.22,115.1425,2.08,0.91
2016-01-14,23.95,115.3846,2.1,0.9
2016-01-15,27.02,115.7404,2.03,0.85
2016-01-19,26.05,115.8155,2.06,0.88
2016-01-20,27.59,116.3498,2.01,0.85
2016-01-21,26.69,115.9833,2.02,0.84
2016-01-22,22.34,115.9833,2.07,0.88
2016-01-25,24.15,115.9833,2.03,0.88
2016-01-26,22.5,115.9833,2.01,0.85
2016-01-27,23.11,115.5087,2.02,0.84
2016-01-28,22.42,115.2224,2.0,0.83
2016-01-29,20.2,115.5731,1.94,0.76
2016-02-01,19.98,115.3331,1.97,0.81
2016-02-02,21.98,115.553,1.87,0.75
2016-02-03,21.65,114.6144,1.88,0.72
2016-02-04,21.84,113.6012,1.87,0.7
2016-02-05,23.38,114.2935,1.86,0.74
2016-02-08,26.0,114.4351,1.75,0.66
2016-02-09,26.54,114.127,1.74,0.69
2016-02-10,26.29,114.2877,1.71,0.71
2016-02-11,28.14,114.1845,1.63,0.64
2016-02-12,25.4,114.2992,1.74,0.71
2016-02-16,24.11,114.4905,1.78,0.74
2016-02-17,22.31,113.8634,1.81,0.74
2016-02-18,21.64,113.8897,1.75,0.71
2016-02-19,20.53,113.9558,1.76,0.76
2016-02-22,19.38,113.8232,1.77,0.78
2016-02-23,20.98,114.177,1.74,0.76
2016-02-24,20.72,114.1716,1.75,0.75
2016-02-25,19.11,113.9222,1.71,0.72
2016-02-26,19.81,114.3708,1.76,0.8
2016-02-29,20.55,114.2418,1.74,0.78
2016-03-01,17.7,113.9265,1.83,0.85
2016-03-02,17.09,113.7965,1.84,0.85
2016-03-03,16.7,113.2482,1.83,0.85
2016-03-04,16.86,112.6387,1.88,0.88
2016-03-07,17.35,112.6219,1.91,0.91
2016-03-08,18.67,112.8465,1.83,0.88
2016-03-09,18.34,112.4268,1.9,0.9
2016-03-10,18.05,112.4191,1.93,0.93
2016-03-11,16.5,111.741,1.98,0.97
2016-03-14,16.92,112.1688,1.97,0.97
2016-03-15,16.84,112.5545,1.97,0.98
2016-03-16,14.99,112.7759,1.94,0.87
2016-03-17,14.44,110.445,1.91,0.87
2016-03-18,14.02,110.4002,1.88,0.84
2016-03-21,13.79,110.737,1.92,0.87
2016-03-22,14.17,110.7877,1.94,0.91
2016-03-23,14.94,111.5473,1.88,0.87
2016-03-24,14.74,111.816,1.91,0.89
2016-03-25,14.74,111.7698,1.91,0.89
2016-03-28,15.24,111.3578,1.89,0.89
2016-03-29,13.82,111.3736,1.81,0.78
2016-03-30,13.56,110.2301,1.83,0.76
2016-03-31,13.95,109.9191,1.78,0.73
2016-04-01,13.1,110.2977,1.79,0.76
2016-04-04,14.12,110.3987,1.78,0.75
2016-04-05,15.42,110.9478,1.73,0.72
2016-04-06,14.09,110.5347,1.76,0.73
2016-04-07,16.16,110.8876,1.7,0.7
2016-04-08,15.36,110.4213,1.72,0.7
2016-04-11,16.26,109.9758,1.73,0.7
2016-04-12,14.85,109.816,1.79,0.74
2016-04-13,13.84,110.1436,1.77,0.75
2016-04-14,13.72,110.1691,1.8,0.77
2016-04-15,13.62,110.1933,1.76,0.74
2016-04-18,13.35,109.9892,1.78,0.75
2016-04-19,13.24,109.2782,1.79,0.77
2016-04-20,13.28,109.3926,1.85,0.8
2016-04-21,13.95,109.8533,1.88,0.82
2016-04-22,13.22,110.2331,1.89,0.84
2016-04-25,14.08,110.1865,1.91,0.85
2016-04-26,13.96,109.7496,1.94,0.86
2016-04-27,13.77,109.8483,1.87,0.83
2016-04-28,15.22,109.2148,1.84,0.78
2016-04-29,15.7,108.8274,1.83,0.77
2016-05-02,14.68,108.671,1.88,0.8
2016-05-03,15.6,109.3613,1.81,0.75
2016-05-04,16.05,109.9952,1.79,0.75
2016-05-05,15.91,110.2417,1.76,0.72
2016-05-06,14.72,110.3801,1.79,0.74
2016-05-09,14.57,110.9466,1.77,0.72
2016-05-10,13.63,110.8225,1.77,0.72
2016-05-11,14.69,110.2806,1.73,0.74
2016-05-12,14.41,110.6935,1.75,0.76
2016-05-13,15.04,111.2521,1.71,0.76
2016-05-16,14.68,111.1217,1.75,0.79
2016-05-17,15.57,111.0867,1.76,0.82
2016-05-18,15.95,111.4995,1.87,0.9
2016-05-19,16.33,112.2331,1.85,0.89
2016-05-20,15.2,112.1822,1.85,0.89
2016-05-23,15.82,112.284,1.84,0.91
2016-05-24,14.42,112.2912,1.86,0.92
2016-05-25,13.9,112.2001,1.87,0.92
2016-05-26,13.43,111.8979,1.83,0.87
2016-05-27,13.12,112.0822,1.85,0.9
2016-05-31,14.19,112.4276,1.84,0.87
2016-06-01,14.2,112.462,1.85,0.91
2016-06-02,13.63,112.4564,1.81,0.89
2016-06-03,13.47,111.4451,1.71,0.78
2016-06-06,13.65,111.2295,1.73,0.8
2016-06-07,14.05,110.8378,1.72,0.78
2016-06-08,14.08,110.1916,1.71,0.78
2016-06-09,14.64,110.6168,1.68,0.77
2016-06-10,17.03,111.1027,1.64,0.73
2016-06-13,20.97,111.5036,1.62,0.73
2016-06-14,20.5,111.9826,1.62,0.74
2016-06-15,20.14,111.7671,1.6,0.69
2016-06-16,19.37,112.2347,1.57,0.7
2016-06-17,19.41,111.5332,1.62,0.7
2016-06-20,18.37,110.8693,1.67,0.74
2016-06-21,18.48,111.0077,1.71,0.76
2016-06-22,21.17,110.7681,1.69,0.75
2016-06-23,17.25,110.262,1.74,0.78
2016-06-24,25.76,112.1355,1.57,0.64
2016-06-27,23.85,113.1301,1.46,0.61
2016-06-28,18.75,112.7545,1.46,0.61
2016-06-29,16.64,111.8597,1.5,0.62
2016-06-30,15.63,112.1618,1.49,0.58
2016-07-01,14.77,111.6509,1.46,0.59
2016-07-05,15.58,112.4231,1.37,0.56
2016-07-06,14.96,112.5438,1.38,0.58
2016-07-07,14.76,112.5775,1.4,0.58
2016-07-08,13.2,112.3963,1.37,0.61
2016-07-11,13.54,112.5254,1.43,0.66
2016-07-12,13.55,112.1102,1.53,0.69
2016-07-13,13.04,112.0266,1.48,0.68
2016-07-14,12.82,111.7692,1.53,0.68
2016-07-15,12.67,112.2833,1.6,0.71
2016-07-18,12.44,112.2463,1.59,0.68
2016-07-19,11.97,112.638,1.56,0.7
2016-07-20,11.77,112.6743,1.59,0.73
2016-07-21,12.74,112.6239,1.57,0.7
2016-07-22,12.02,112.989,1.57,0.71
2016-07-25,12.87,113.1784,1.58,0.72
2016-07-26,13.05,113.0593,1.57,0.75
2016-07-27,12.83,113.217,1.52,0.73
2016-07-28,12.72,112.7393,1.52,0.72
2016-07-29,11.87,111.874,1.46,0.67
2016-08-01,12.44,111.9757,1.51,0.67
2016-08-02,13.37,111.7124,1.55,0.67
2016-08-03,12.86,111.9419,1.55,0.67
2016-08-04,12.42,111.9149,1.51,0.64
2016-08-05,11.39,112.3589,1.59,0.72
2016-08-08,11.5,112.1456,1.59,0.74
2016-08-09,11.66,111.722,1.55,0.71
2016-08-10,12.05,111.3238,1.5,0.69
2016-08-11,11.68,111.1954,1.57,0.76
2016-08-12,11.55,111.1787,1.51,0.71
2016-08-15,11.81,110.9212,1.55,0.72
2016-08-16,12.64,110.4295,1.57,0.76
2016-08-17,12.19,110.9459,1.56,0.74
2016-08-18,11.43,110.3134,1.53,0.71
2016-08-19,11.34,110.8163,1.58,0.76
2016-08-22,12.27,110.9997,1.55,0.76
2016-08-23,12.38,110.9414,1.55,0.74
2016-08-24,13.45,111.2958,1.56,0.76
2016-08-25,13.63,111.1726,1.58,0.78
2016-08-26,13.65,111.2035,1.62,0.84
2016-08-29,12.94,111.8775,1.57,0.81
2016-08-30,13.12,112.2928,1.57,0.8
2016-08-31,13.42,112.4036,1.58,0.8
2016-09-01,13.48,112.1733,1.57,0.78
2016-09-02,11.98,112.0009,1.6,0.8
2016-09-06,12.02,110.9613,1.55,0.74
2016-09-07,11.94,110.9717,1.54,0.74
2016-09-08,12.51,111.2609,1.61,0.78
2016-09-09,17.5,111.9879,1.67,0.79
2016-09-12,15.16,112.1516,1.68,0.79
2016-09-13,17.85,112.5207,1.73,0.8
2016-09-14,18.14,112.4678,1.7,0.77
2016-09-15,16.3,112.4753,1.71,0.74
2016-09-16,15.37,113.1765,1.7,0.77
2016-09-19,15.53,112.903,1.7,0.79
2016-09-20,15.92,113.1848,1.69,0.79
2016-09-21,13.3,112.9842,1.66,0.79
2016-09-22,12.02,112.2592,1.63,0.79
2016-09-23,12.29,112.7166,1.62,0.77
2016-09-26,14.5,112.7112,1.59,0.76
2016-09-27,13.1,112.5515,1.56,0.75
2016-09-28,12.39,112.6283,1.57,0.75
2016-09-29,14.02,112.2879,1.56,0.73
2016-09-30,13.29,112.2795,1.6,0.77
2016-10-03,13.57,112.5077,1.63,0.8
2016-10-04,13.63,112.6579,1.69,0.82
2016-10-05,12.99,112.7946,1.72,0.85
2016-10-06,12.84,113.0066,1.75,0.86
2016-10-07,13.48,113.2915,1.73,0.83
2016-10-10,13.38,113.2915,1.73,0.83
2016-10-11,15.36,113.4461,1.77,0.87
2016-10-12,15.91,113.7442,1.79,0.87
2016-10-13,16.69,113.6238,1.75,0.85
2016-10-14,16.12,113.7119,1.8,0.84
2016-10-17,16.21,113.5488,1.77,0.81
2016-10-18,15.28,113.1393,1.75,0.82
2016-10-19,14.41,113.0547,1.76,0.81
2016-10-20,13.75,113.4033,1.76,0.84
2016-10-21,13.34,113.9015,1.74,0.84
2016-10-24,13.02,113.8571,1.77,0.84
2016-10-25,13.46,113.6801,1.77,0.86
2016-10-26,14.24,113.8131,1.79,0.86
2016-10-27,15.36,114.1998,1.85,0.87
2016-10-28,16.19,114.0931,1.86,0.86
2016-10-31,17.06,114.0188,1.84,0.86
2016-11-01,18.56,113.9915,1.83,0.83
2016-11-02,19.32,113.9206,1.81,0.81
2016-11-03,22.08,113.7664,1.82,0.81
2016-11-04,22.51,113.5828,1.79,0.8
2016-11-07,18.71,113.5443,1.83,0.82
2016-11-08,18.74,113.3017,1.88,0.87
2016-11-09,14.38,114.6956,2.07,0.9
2016-11-10,14.74,115.9375,2.15,0.92
2016-11-11,14.17,115.9375,2.15,0.92
2016-11-14,14.48,117.2245,2.23,1.0
2016-11-15,13.37,116.7724,2.23,1.02
2016-11-16,13.72,116.8062,2.22,1.0
2016-11-17,13.35,116.8952,2.29,1.04
2016-11-18,12.85,117.5936,2.34,1.07
2016-11-21,12.42,117.4762,2.33,1.08
2016-11-22,12.41,117.4508,2.31,1.07
2016-11-23,12.43,118.0356,2.36,1.12
2016-11-25,12.34,118.02,2.36,1.12
2016-11-28,13.15,117.7278,2.32,1.11
2016-11-29,12.9,117.644,2.3,1.09
2016-11-30,13.33,117.7636,2.37,1.11
2016-12-01,14.07,117.6642,2.45,1.14
2016-12-02,14.12,117.3116,2.4,1.11
2016-12-05,12.14,117.1008,2.39,1.13
2016-12-06,11.79,116.9225,2.39,1.12
2016-12-07,12.22,116.672,2.34,1.1
2016-12-08,12.64,117.0327,2.4,1.12
2016-12-09,11.75,117.2834,2.47,1.15
2016-12-12,12.64,116.9161,2.49,1.15
2016-12-13,12.72,116.8029,2.48,1.17
2016-12-14,13.19,116.7332,2.54,1.27
2016-12-15,12.79,118.8072,2.6,1.29
2016-12-16,12.2,118.3584,2.6,1.28
2016-12-19,11.71,118.3875,2.54,1.24
2016-12-20,11.45,118.63,2.57,1.25
2016-12-21,11.27,118.581,2.55,1.21
2016-12-22,11.43,118.8209,2.55,1.22
2016-12-23,11.44,118.7856,2.55,1.22
2016-12-27,11.99,118.9506,2.57,1.28
2016-12-28,12.95,119.2305,2.51,1.26
2016-12-29,13.37,118.6637,2.49,1.22
2016-12-30,14.04,118.3466,2.45,1.2
2017-01-03,12.85,119.0903,2.45,1.22
2017-01-04,11.85,118.8803,2.46,1.24
2017-01-05,11.67,117.9999,2.37,1.17
2017-01-06,11.32,118.3495,2.42,1.22
2017-01-09,11.56,118.4111,2.38,1.21
2017-01-10,11.49,118.5386,2.38,1.19
2017-01-11,11.26,119.0219,2.38,1.2
2017-01-12,11.54,117.8001,2.36,1.18
2017-01-13,11.23,117.9884,2.4,1.21
2017-01-17,11.87,117.2656,2.33,1.17
2017-01-18,12.48,117.7242,2.42,1.23
2017-01-19,12.78,118.3182,2.47,1.25
2017-01-20,11.54,118.3182,2.48,1.2
2017-01-23,11.77,117.2479,2.41,1.16
2017-01-24,11.07,117.0516,2.47,1.21
2017-01-25,10.81,116.9355,2.53,1.23
2017-01-26,10.63,117.2766,2.51,1.21
2017-01-27,10.58,117.0735,2.49,1.22
2017-01-30,11.88,116.7325,2.49,1.22
2017-01-31,11.99,116.2241,2.45,1.19
2017-02-01,11.81,116.3914,2.48,1.22
2017-02-02,11.93,115.903,2.48,1.21
2017-02-03,10.97,115.6259,2.49,1.21
2017-02-06,11.37,116.0504,2.42,1.16
2017-02-07,11.29,116.4082,2.4,1.16
2017-02-08,11.45,116.1382,2.34,1.15
2017-02-09,10.88,116.306,2.4,1.2
2017-02-10,10.85,116.148,2.41,1.2
2017-02-13,11.07,116.3427,2.43,1.2
2017-02-14,10.74,116.3949,2.47,1.25
2017-02-15,11.97,116.2162,2.51,1.27
2017-02-16,11.76,116.0067,2.45,1.22
2017-02-17,11.49,116.4035,2.42,1.21
2017-02-21,11.57,116.5921,2.43,1.22
2017-02-22,11.74,116.2136,2.42,1.22
2017-02-23,11.71,115.6527,2.38,1.18
2017-02-24,11.47,115.8143,2.31,1.12
2017-02-27,12.09,115.6764,2.36,1.2
2017-02-28,12.92,116.0032,2.36,1.22
2017-03-01,12.54,116.438,2.46,1.29
2017-03-02,11.81,116.8429,2.49,1.32
2017-03-03,10.96,116.6438,2.49,1.32
2017-03-06,11.24,116.4313,2.49,1.31
2017-03-07,11.45,116.4303,2.52,1.32
2017-03-08,11.86,116.875,2.57,1.36
2017-03-09,12.3,116.9959,2.6,1.37
2017-03-10,11.66,116.616,2.58,1.36
2017-03-13,11.35,116.4004,2.62,1.4
2017-03-14,12.3,116.5646,2.6,1.4
2017-03-15,11.63,116.3584,2.51,1.33
2017-03-16,11.21,115.4456,2.53,1.35
2017-03-17,11.28,115.2783,2.5,1.33
2017-03-20,11.34,115.0426,2.47,1.3
2017-03-21,12.47,114.8119,2.43,1.27
2017-03-22,12.81,114.7937,2.4,1.27
2017-03-23,13.12,114.7899,2.41,1.26
2017-03-24,12.96,114.6372,2.4,1.26
2017-03-27,12.5,114.2347,2.38,1.27
2017-03-28,11.53,114.419,2.42,1.3
2017-03-29,11.42,114.7167,2.39,1.26
2017-03-30,11.54,114.5245,2.42,1.28
2017-03-31,12.37,114.7938,2.4,1.27
2017-04-03,12.38,114.8734,2.35,1.24
2017-04-04,11.79,115.0038,2.36,1.25
2017-04-05,12.89,114.9494,2.34,1.24
2017-04-06,12.39,115.0181,2.34,1.24
2017-04-07,12.87,115.0547,2.38,1.29
2017-04-10,14.05,115.11,2.37,1.29
2017-04-11,15.07,115.009,2.32,1.24
2017-04-12,15.77,114.9162,2.28,1.24
2017-04-13,15.96,114.5059,2.24,1.21
2017-04-14,15.96,114.5368,2.24,1.21
2017-04-17,14.66,114.3283,2.26,1.21
2017-04-18,14.42,114.2575,2.18,1.18
2017-04-19,14.93,114.7923,2.21,1.19
2017-04-20,14.15,114.6205,2.24,1.21
2017-04-21,14.63,114.8128,2.24,1.2
2017-04-24,10.84,114.3659,2.28,1.25
2017-04-25,10.76,114.5111,2.35,1.29
2017-04-26,10.85,114.9479,2.32,1.28
2017-04-27,10.36,114.9946,2.3,1.25
2017-04-28,10.82,114.7877,2.29,1.28
2017-05-01,10.11,114.5921,2.33,1.28
2017-05-02,10.59,114.6792,2.29,1.27
2017-05-03,10.68,114.6637,2.33,1.3
2017-05-04,10.46,114.9076,2.36,1.32
2017-05-05,10.57,114.7725,2.36,1.32
2017-05-08,9.77,115.0895,2.39,1.33
2017-05-09,9.96,115.3933,2.42,1.37
2017-05-10,10.21,115.1145,2.41,1.35
2017-05-11,10.6,115.0669,2.39,1.35
2017-05-12,10.4,114.7479,2.33,1.29
2017-05-15,10.42,114.3504,2.34,1.31
2017-05-16,10.65,113.9923,2.33,1.29
2017-05-17,15.59,113.7506,2.22,1.26
2017-05-18,14.66,114.2683,2.23,1.27
2017-05-19,12.04,113.7001,2.23,1.28
2017-05-22,10.93,113.5442,2.25,1.29
2017-05-23,10.72,113.6862,2.29,1.31
2017-05-24,10.02,113.675,2.26,1.29
2017-05-25,9.99,113.3719,2.25,1.3
2017-05-26,9.81,113.4839,2.25,1.3
2017-05-30,10.38,113.5552,2.21,1.28
2017-05-31,10.41,113.2956,2.21,1.28
2017-06-01,9.89,113.3017,2.21,1.28
2017-06-02,9.75,113.1908,2.15,1.28
2017-06-05,10.07,112.9755,2.18,1.32
2017-06-06,10.45,112.7095,2.14,1.3
2017-06-07,10.39,112.8191,2.18,1.32
2017-06-08,10.16,112.8351,2.19,1.33
2017-06-09,10.7,112.9562,2.21,1.35
2017-06-12,11.46,112.9837,2.21,1.35
2017-06-13,10.42,112.6271,2.21,1.38
2017-06-14,10.64,112.0734,2.15,1.35
2017-06-15,10.9,112.8708,2.16,1.35
2017-06-16,10.38,112.6155,2.16,1.32
2017-06-19,10.37,112.7576,2.19,1.36
2017-06-20,10.86,113.2698,2.16,1.36
2017-06-21,10.75,113.3327,2.16,1.36
2017-06-22,10.48,113.1654,2.15,1.34
2017-06-23,10.02,112.8665,2.15,1.34
2017-06-26,9.9,112.7633,2.14,1.36
2017-06-27,11.06,112.55,2.21,1.38
2017-06-28,10.03,112.0747,2.22,1.34
2017-06-29,11.44,111.998,2.27,1.38
2017-06-30,11.18,111.9896,2.31,1.38
2017-07-03,11.22,112.4268,2.35,1.41
2017-07-05,11.07,112.6534,2.33,1.41
2017-07-06,12.54,112.4199,2.37,1.4
2017-07-07,11.19,112.3137,2.39,1.4
2017-07-10,11.11,112.1587,2.38,1.4
2017-07-11,10.89,112.1434,2.37,1.37
2017-07-12,10.3,111.5904,2.33,1.35
2017-07-13,9.9,111.5365,2.35,1.37
2017-07-14,9.51,110.9075,2.33,1.35
2017-07-17,9.82,110.9304,2.31,1.36
2017-07-18,9.89,110.4356,2.27,1.36
2017-07-19,9.79,110.4339,2.27,1.37
2017-07-20,9.58,110.2512,2.27,1.37
2017-07-21,9.36,110.191,2.24,1.36
2017-07-24,9.43,110.2004,2.26,1.37
2017-07-25,9.43,110.2835,2.33,1.4
2017-07-26,9.6,110.3811,2.29,1.36
2017-07-27,10.11,110.216,2.32,1.36
2017-07-28,10.29,109.92,2.3,1.34
2017-07-31,10.26,109.8177,2.3,1.34
2017-08-01,10.09,109.8495,2.26,1.34
2017-08-02,10.28,109.7503,2.27,1.36
2017-08-03,10.44,109.8332,2.24,1.34
2017-08-04,10.03,110.2808,2.27,1.36
2017-08-07,9.93,110.373,2.26,1.36
2017-08-08,10.96,110.396,2.29,1.36
2017-08-09,11.11,110.3671,2.24,1.33
2017-08-10,16.04,110.1886,2.2,1.33
2017-08-11,15.51,110.0422,2.19,1.3
2017-08-14,12.33,110.095,2.22,1.33
2017-08-15,12.04,110.4846,2.27,1.35
2017-08-16,11.74,110.4394,2.23,1.33
2017-08-17,15.55,110.1673,2.19,1.32
2017-08-18,14.26,110.041,2.19,1.33
2017-08-21,13.19,109.7349,2.18,1.32
2017-08-22,11.35,109.8386,2.22,1.33
2017-08-23,12.25,109.8095,2.17,1.32
2017-08-24,12.23,109.7524,2.19,1.33
2017-08-25,11.28,109.3415,2.17,1.35
2017-08-28,11.32,109.1815,2.16,1.33
2017-08-29,11.7,109.0946,2.13,1.33
2017-08-30,11.22,109.4052,2.15,1.33
2017-08-31,10.59,109.3686,2.12,1.33
2017-09-01,10.13,109.0504,2.16,1.35
2017-09-05,12.23,108.8664,2.07,1.3
2017-09-06,11.63,108.4897,2.1,1.3
2017-09-07,11.55,107.9224,2.05,1.27
2017-09-08,12.12,107.808,2.06,1.27
2017-09-11,10.73,108.153,2.14,1.32
2017-09-12,10.58,108.3239,2.17,1.33
2017-09-13,10.5,108.6628,2.2,1.35
2017-09-14,10.44,108.618,2.2,1.37
2017-09-15,10.17,108.3147,2.2,1.39
2017-09-18,10.15,108.6401,2.23,1.4
2017-09-19,10.18,108.6142,2.24,1.4
2017-09-20,9.78,108.4329,2.28,1.45
2017-09-21,9.67,108.9267,2.27,1.45
2017-09-22,9.59,108.7542,2.26,1.46
2017-09-25,10.21,109.3302,2.22,1.44
2017-09-26,10.17,109.7769,2.24,1.45
2017-09-27,9.87,110.0722,2.31,1.47
2017-09-28,9.55,110.2415,2.31,1.45
2017-09-29,9.51,110.0867,2.33,1.47
2017-10-02,9.45,110.3686,2.34,1.49
2017-10-03,9.51,110.3281,2.33,1.47
2017-10-04,9.63,110.2425,2.33,1.47
2017-10-05,9.19,110.5823,2.35,1.49
2017-10-06,9.65,110.7841,2.37,1.54
2017-10-09,10.33,110.7841,2.37,1.54
2017-10-10,10.08,110.3034,2.35,1.51
2017-10-11,9.85,110.3037,2.35,1.51
2017-10-12,9.91,110.3152,2.33,1.51
2017-10-13,9.61,110.2669,2.28,1.51
2017-10-16,9.91,110.5432,2.3,1.54
2017-10-17,10.31,110.9141,2.3,1.54
2017-10-18,10.07,110.7214,2.34,1.59
2017-10-19,10.05,110.4577,2.33,1.58
2017-10-20,9.97,111.0375,2.39,1.6
2017-10-23,11.07,111.2134,2.38,1.58
2017-10-24,11.16,111.4027,2.42,1.6
2017-10-25,11.23,111.3904,2.44,1.61
2017-10-26,11.3,111.6418,2.46,1.63
2017-10-27,9.8,112.1495,2.42,1.59
2017-10-30,10.5,111.901,2.37,1.58
2017-10-31,10.18,111.8052,2.38,1.6
2017-11-01,10.2,111.7942,2.37,1.61
2017-11-02,9.93,111.5474,2.35,1.61
2017-11-03,9.14,111.9383,2.34,1.63
2017-11-06,9.4,111.7197,2.32,1.61
2017-11-07,9.89,111.9446,2.32,1.63
2017-11-08,9.78,111.6935,2.32,1.65
2017-11-09,10.5,111.5626,2.33,1.63
2017-11-10,11.29,111.5626,2.4,1.67
2017-11-13,11.5,111.7833,2.4,1.7
2017-11-14,11.59,111.5097,2.38,1.68
2017-11-15,13.13,111.4809,2.33,1.68
2017-11-16,11.76,111.2568,2.37,1.72
2017-11-17,11.43,111.0016,2.35,1.73
2017-11-20,10.65,111.2599,2.37,1.77
2017-11-21,9.73,110.9828,2.36,1.77
2017-11-22,9.88,110.5632,2.32,1.74
2017-11-24,9.67,110.0253,2.34,1.75
2017-11-27,9.87,110.1136,2.32,1.74
2017-11-28,10.03,110.3018,2.34,1.75
2017-11-29,10.7,110.3265,2.37,1.78
2017-11-30,11.28,110.4648,2.42,1.78
2017-12-01,11.43,110.1413,2.37,1.78
2017-12-04,11.68,110.397,2.37,1.8
2017-12-05,11.33,110.4905,2.36,1.83
2017-12-06,11.02,110.8711,2.33,1.78
2017-12-07,10.16,111.0178,2.37,1.8
2017-12-08,9.58,111.2273,2.38,1.8
2017-12-11,9.34,111.0827,2.39,1.82
2017-12-12,9.92,111.5214,2.4,1.83
2017-12-13,10.18,111.2759,2.36,1.79
2017-12-14,10.49,111.0893,2.35,1.82
2017-12-15,9.42,111.1286,2.35,1.84
2017-12-18,9.53,110.9086,2.39,1.84
2017-12-19,10.03,111.1255,2.46,1.87
2017-12-20,9.72,110.8361,2.49,1.87
2017-12-21,9.62,110.8786,2.48,1.89
2017-12-22,9.9,111.0997,2.48,1.91
2017-12-26,10.25,110.9758,2.47,1.92
2017-12-27,10.47,110.8553,2.42,1.89
2017-12-28,10.18,110.5154,2.43,1.91
2017-12-29,11.04,110.0783,2.4,1.89
2018-01-02,9.77,109.6444,2.46,1.92
2018-01-03,9.15,109.6751,2.44,1.94
2018-01-04,9.22,109.4779,2.46,1.96
2018-01-05,9.22,109.3496,2.47,1.96
2018-01-08,9.52,109.5678,2.49,1.96
2018-01-09,10.08,109.9022,2.55,1.98
2018-01-10,9.82,109.6277,2.55,1.98
2018-01-11,9.88,109.4887,2.54,1.98
2018-01-12,10.16,108.9011,2.55,1.99
2018-01-16,11.66,108.322,2.54,2.03
2018-01-17,11.91,108.1526,2.57,2.05
2018-01-18,12.22,108.0655,2.62,2.05
2018-01-19,11.27,107.9454,2.64,2.06
2018-01-22,11.03,108.1069,2.66,2.08
2018-01-23,11.1,107.9981,2.63,2.06
2018-01-24,11.47,107.0801,2.65,2.08
2018-01-25,11.58,106.5052,2.63,2.08
2018-01-26,11.08,106.6909,2.66,2.13
2018-01-29,13.84,107.1141,2.7,2.11
2018-01-30,14.79,107.1063,2.73,2.13
2018-01-31,13.54,106.7695,2.72,2.14
2018-02-01,13.47,106.4877,2.78,2.16
2018-02-02,17.31,107.1154,2.84,2.15
2018-02-05,37.32,107.3303,2.77,2.08
2018-02-06,29.98,107.5206,2.79,2.1
2018-02-07,27.73,107.7173,2.84,2.15
2018-02-08,33.46,108.3021,2.85,2.13
2018-02-09,29.06,108.2579,2.83,2.05
2018-02-12,25.61,108.0332,2.86,2.09
2018-02-13,24.97,107.7575,2.83,2.1
2018-02-14,19.26,107.4693,2.91,2.17
2018-02-15,19.13,106.9869,2.9,2.19
2018-02-16,19.46,107.0359,2.87,2.21
2018-02-20,20.6,107.6248,2.88,2.25
2018-02-21,20.02,107.8679,2.94,2.26
2018-02-22,18.72,107.8668,2.92,2.25
2018-02-23,16.49,107.6802,2.88,2.25
2018-02-26,15.8,107.7345,2.86,2.22
2018-02-27,18.59,108.1729,2.9,2.27
2018-02-28,19.85,108.3901,2.87,2.25
2018-03-01,22.47,108.5357,2.81,2.22
2018-03-02,19.59,108.5357,2.86,2.25
2018-03-05,18.73,108.3617,2.88,2.24
2018-03-06,18.36,107.7972,2.88,2.25
2018-03-07,17.76,108.0916,2.89,2.25
2018-03-08,16.54,108.2673,2.86,2.25
2018-03-09,14.64,107.9231,2.9,2.27
2018-03-12,15.78,107.9439,2.87,2.27
2018-03-13,16.35,107.7387,2.84,2.26
2018-03-14,17.23,107.8625,2.81,2.26
2018-03-15,16.59,108.2033,2.82,2.29
2018-03-16,15.8,108.4333,2.85,2.31
2018-03-19,19.02,108.3146,2.85,2.31
2018-03-20,18.2,108.4953,2.89,2.34
2018-03-21,17.86,108.4953,2.89,2.31
2018-03-22,23.34,107.9934,2.83,2.29
2018-03-23,24.87,107.7495,2.82,2.28
2018-03-26,21.03,107.182,2.85,2.33
2018-03-27,22.5,107.3361,2.78,2.26
2018-03-28,22.87,107.5733,2.77,2.28
2018-03-29,19.97,107.665,2.74,2.27
2018-03-30,19.97,107.4783,2.74,2.27
2018-04-02,23.62,107.7031,2.73,2.25
2018-04-03,21.1,107.5621,2.79,2.28
2018-04-04,20.06,107.636,2.79,2.28
2018-04-05,18.94,107.7279,2.83,2.3
2018-04-06,21.49,107.7884,2.77,2.27
2018-04-09,21.77,107.5312,2.78,2.29
2018-04-10,20.47,107.3651,2.8,2.32
2018-04-11,20.24,107.1216,2.79,2.32
2018-04-12,18.49,107.2897,2.83,2.34
2018-04-13,17.41,107.2359,2.82,2.37
2018-04-16,16.56,107.0588,2.83,2.39
2018-04-17,15.25,107.0335,2.82,2.41
2018-04-18,15.6,107.1091,2.87,2.42
2018-04-19,15.96,107.5191,2.92,2.44
2018-04-20,16.88,108.1782,2.96,2.46
2018-04-23,16.34,108.9328,2.98,2.49
2018-04-24,18.02,108.7903,3.0,2.48
2018-04-25,17.84,109.3443,3.03,2.49
2018-04-26,16.24,109.3639,3.0,2.49
2018-04-27,15.41,109.1729,2.96,2.49
2018-04-30,15.93,109.3356,2.95,2.49
2018-05-01,15.49,109.7437,2.97,2.5
2018-05-02,15.97,110.1616,2.97,2.49
2018-05-03,15.9,110.1796,2.94,2.49
2018-05-04,14.77,110.2492,2.95,2.51
2018-05-07,14.75,110.5713,2.95,2.49
2018-05-08,14.71,111.062,2.97,2.51
2018-05-09,13.42,110.8807,3.0,2.54
2018-05-10,13.23,110.4041,2.97,2.54
2018-05-11,12.65,110.2839,2.97,2.54
2018-05-14,12.93,110.4073,3.0,2.55
2018-05-15,14.63,111.2283,3.08,2.58
2018-05-16,13.42,111.3057,3.09,2.58
2018-05-17,13.43,111.3537,3.11,2.57
2018-05-18,13.42,111.7161,3.06,2.55
2018-05-21,13.08,111.6385,3.06,2.58
2018-05-22,13.22,111.1934,3.06,2.59
2018-05-23,12.58,111.6919,3.01,2.53
2018-05-24,12.53,111.4871,2.98,2.5
2018-05-25,13.22,111.5828,2.93,2.48
2018-05-29,17.02,112.2108,2.77,2.32
2018-05-30,14.94,111.6717,2.84,2.42
2018-05-31,15.43,111.988,2.83,2.4
2018-06-01,13.46,111.8253,2.89,2.47
2018-06-04,12.74,111.8235,2.94,2.52
2018-06-05,12.4,112.2628,2.92,2.49
2018-06-06,11.64,111.7517,2.97,2.52
2018-06-07,12.13,112.0719,2.93,2.5
2018-06-08,12.18,112.1057,2.93,2.5
2018-06-11,12.35,112.1097,2.96,2.52
2018-06-12,12.34,112.2129,2.96,2.54
2018-06-13,12.94,112.2569,2.98,2.59
2018-06-14,12.12,112.8581,2.94,2.59
2018-06-15,11.98,113.3369,2.93,2.55
2018-06-18,12.31,113.4889,2.92,2.56
2018-06-19,13.35,113.6379,2.89,2.54
2018-06-20,12.79,113.4774,2.93,2.56
2018-06-21,14.64,113.61,2.9,2.56
2018-06-22,13.77,113.3039,2.9,2.56
2018-06-25,17.33,113.2854,2.87,2.54
2018-06-26,15.92,113.301,2.88,2.53
2018-06-27,17.91,113.8964,2.83,2.52
2018-06-28,16.85,113.8399,2.84,2.52
2018-06-29,16.09,113.2583,2.85,2.52
2018-07-02,15.6,114.1669,2.87,2.57
2018-07-03,16.14,113.3217,2.83,2.53
2018-07-05,14.97,112.9756,2.84,2.55
2018-07-06,13.37,112.6426,2.82,2.53
2018-07-09,12.69,112.6423,2.86,2.57
2018-07-10,12.64,112.5792,2.87,2.59
2018-07-11,13.63,112.8582,2.85,2.58
2018-07-12,12.58,112.779,2.85,2.6
2018-07-13,12.18,113.0705,2.83,2.59
2018-07-16,12.83,112.8438,2.85,2.59
2018-07-17,12.06,113.1504,2.86,2.62
2018-07-18,12.1,113.3349,2.88,2.6
2018-07-19,12.87,113.9464,2.84,2.6
2018-07-20,12.86,113.3214,2.89,2.6
2018-07-23,12.62,113.4248,2.96,2.64
2018-07-24,12.41,113.2043,2.95,2.63
2018-07-25,12.29,112.9217,2.94,2.66
2018-07-26,12.14,112.9175,2.98,2.69
2018-07-27,13.03,112.8122,2.96,2.67
2018-07-30,14.26,112.6043,2.98,2.66
2018-07-31,12.83,112.7297,2.96,2.67
2018-08-01,13.15,112.8897,3.0,2.67
2018-08-02,12.19,113.1674,2.98,2.66
2018-08-03,11.64,113.0114,2.95,2.63
2018-08-06,11.27,113.2283,2.94,2.64
2018-08-07,10.93,112.9753,2.98,2.68
2018-08-08,10.85,113.1404,2.96,2.68
2018-08-09,11.27,113.3797,2.93,2.64
2018-08-10,13.16,114.2992,2.87,2.61
2018-08-13,14.78,114.8497,2.88,2.61
2018-08-14,13.31,114.6566,2.89,2.63
2018-08-15,14.64,115.1512,2.86,2.61
2018-08-16,13.45,114.6403,2.87,2.63
2018-08-17,12.64,114.5327,2.87,2.61
2018-08-20,12.49,114.3493,2.82,2.6
2018-08-21,12.86,113.8595,2.85,2.61
2018-08-22,12.25,113.6622,2.82,2.6
2018-08-23,12.41,114.0926,2.82,2.61
2018-08-24,11.99,113.598,2.82,2.63
2018-08-27,12.16,113.2717,2.85,2.67
2018-08-28,12.5,113.3441,2.88,2.67
2018-08-29,12.25,113.6458,2.89,2.67
2018-08-30,13.53,114.0895,2.86,2.64
2018-08-31,12.86,114.275,2.86,2.62
2018-09-04,13.16,114.858,2.9,2.66
2018-09-05,13.91,114.7474,2.9,2.66
2018-09-06,14.65,114.6473,2.88,2.64
2018-09-07,14.88,114.5807,2.94,2.71
2018-09-10,14.16,114.6793,2.94,2.73
2018-09-11,13.22,114.7044,2.98,2.76
2018-09-12,13.14,114.2185,2.97,2.74
2018-09-13,12.37,113.9264,2.97,2.76
2018-09-14,12.07,114.0654,2.99,2.78
2018-09-17,13.68,113.9154,2.99,2.78
2018-09-18,12.79,113.7735,3.05,2.81
2018-09-19,11.75,113.6528,3.08,2.81
2018-09-20,11.8,113.4986,3.07,2.81
2018-09-21,11.68,113.5097,3.07,2.81
2018-09-24,12.2,113.53,3.08,2.83
2018-09-25,12.42,113.7203,3.1,2.83
2018-09-26,12.89,113.6738,3.06,2.83
2018-09-27,12.41,113.9782,3.06,2.83
2018-09-28,12.12,113.8072,3.05,2.81
2018-10-01,12.0,113.8227,3.09,2.82
2018-10-02,12.05,113.8946,3.05,2.82
2018-10-03,11.61,114.1559,3.15,2.85
2018-10-04,14.22,114.6857,3.19,2.87
2018-10-05,14.82,114.5599,3.23,2.88
2018-10-08,15.69,114.5599,3.23,2.88
2018-10-09,15.95,114.6568,3.21,2.88
2018-10-10,22.96,114.6059,3.22,2.88
2018-10-11,24.98,114.4062,3.14,2.85
2018-10-12,21.31,114.368,3.15,2.85
2018-10-15,21.3,114.044,3.16,2.85
2018-10-16,17.62,113.8952,3.16,2.87
2018-10-17,17.4,114.1743,3.19,2.89
2018-10-18,20.06,114.8152,3.17,2.87
2018-10-19,19.89,114.8557,3.2,2.92
2018-10-22,19.64,115.1772,3.2,2.92
2018-10-23,20.71,115.1641,3.17,2.89
2018-10-24,25.23,115.3743,3.1,2.84
2018-10-25,24.22,115.4818,3.14,2.86
2018-10-26,24.16,115.4717,3.08,2.81
2018-10-29,24.7,115.8925,3.08,2.81
2018-10-30,23.35,116.2346,3.12,2.84
2018-10-31,21.23,116.5268,3.15,2.87
2018-11-01,19.34,115.8643,3.14,2.84
2018-11-02,19.51,115.6415,3.22,2.91
2018-11-05,19.96,115.7015,3.2,2.91
2018-11-06,19.91,115.5607,3.22,2.93
2018-11-07,16.36,115.2505,3.22,2.96
2018-11-08,16.72,115.6463,3.24,2.98
2018-11-09,17.36,116.4762,3.19,2.94
2018-11-12,20.45,116.4762,3.19,2.94
2018-11-13,20.02,116.6676,3.14,2.89
2018-11-14,21.25,116.4964,3.12,2.86
2018-11-15,19.98,116.3849,3.11,2.86
2018-11-16,18.14,115.9246,3.08,2.81
2018-11-19,20.1,115.985,3.06,2.79
2018-11-20,22.48,116.2357,3.06,2.79
2018-11-21,20.8,116.0911,3.06,2.81
2018-11-23,21.52,116.4703,3.05,2.81
2018-11-26,18.9,116.6198,3.07,2.84
2018-11-27,19.02,116.8991,3.06,2.83
2018-11-28,18.49,116.8333,3.06,2.81
2018-11-29,18.79,116.1954,3.03,2.81
2018-11-30,18.07,116.4121,3.01,2.8
2018-12-03,16.44,115.9046,2.98,2.83
2018-12-04,20.74,116.0015,2.91,2.8
2018-12-06,21.19,116.3983,2.87,2.75
2018-12-07,23.23,116.0839,2.85,2.72
2018-12-10,22.64,116.6739,2.85,2.72
2018-12-11,21.76,116.7556,2.89,2.78
2018-12-12,21.46,116.2205,2.91,2.77
2018-12-13,20.65,116.3967,2.91,2.75
2018-12-14,21.63,116.7891,2.89,2.73
2018-12-17,24.52,116.4524,2.86,2.7
2018-12-18,25.58,116.4122,2.82,2.65
2018-12-19,25.58,116.0672,2.77,2.63
2018-12-20,28.38,116.0179,2.79,2.67
2018-12-21,30.11,116.2221,2.79,2.63
2018-12-24,36.07,116.2177,2.74,2.55
2018-12-26,30.41,116.1156,2.81,2.61
2018-12-27,29.96,115.9922,2.77,2.56
2018-12-28,28.34,115.7226,2.72,2.52
2018-12-31,25.42,115.5667,2.69,2.48
2019-01-02,23.22,115.7676,2.66,2.5
2019-01-03,25.45,115.4611,2.56,2.39
2019-01-04,21.38,114.9813,2.67,2.5
2019-01-07,21.4,114.5621,2.7,2.53
2019-01-08,20.47,114.7272,2.73,2.58
2019-01-09,19.98,114.1394,2.74,2.56
2019-01-10,19.5,114.048,2.74,2.56
2019-01-11,18.19,114.0383,2.71,2.55
2019-01-14,19.07,114.0383,2.71,2.53
2019-01-15,18.6,114.3374,2.72,2.53
2019-01-16,19.04,114.1341,2.73,2.55
2019-01-17,18.06,114.4087,2.75,2.56
2019-01-18,17.8,114.5555,2.79,2.62
2019-01-22,20.8,114.7515,2.74,2.58
2019-01-23,19.52,114.5732,2.76,2.58
2019-01-24,18.89,114.614,2.72,2.56
2019-01-25,17.42,114.0168,2.76,2.6
2019-01-28,18.87,114.0493,2.75,2.6
2019-01-29,19.13,114.0227,2.72,2.56
2019-01-30,17.66,114.0705,2.7,2.52
2019-01-31,16.57,113.5476,2.63,2.45
2019-02-01,16.14,113.7524,2.7,2.52
2019-02-04,15.73,113.8738,2.73,2.53
2019-02-05,15.57,114.0404,2.71,2.53
2019-02-06,15.38,114.2275,2.7,2.52
2019-02-07,16.37,114.4308,2.65,2.48
2019-02-08,15.72,114.4975,2.63,2.45
2019-02-11,15.97,115.0288,2.65,2.48
2019-02-12,15.43,114.7278,2.68,2.5
2019-02-13,15.65,114.9388,2.71,2.53
2019-02-14,16.22,115.0984,2.66,2.5
2019-02-15,14.91,114.9899,2.66,2.52
2019-02-19,14.88,114.5676,2.65,2.5
2019-02-20,14.02,114.5676,2.65,2.5
2019-02-21,14.46,114.507,2.69,2.53
2019-02-22,13.51,114.2692,2.65,2.48
2019-02-25,14.85,114.1432,2.67,2.51
2019-02-26,15.17,114.0662,2.64,2.48
2019-02-27,14.7,114.0337,2.69,2.5
2019-02-28,14.78,114.1971,2.73,2.52
2019-03-01,13.57,114.535,2.76,2.55
2019-03-04,14.63,114.6903,2.72,2.55
2019-03-05,14.74,114.8019,2.72,2.55
2019-03-06,15.74,114.9697,2.69,2.52
2019-03-07,16.59,115.4905,2.64,2.47
2019-03-08,16.05,115.3585,2.62,2.45
2019-03-11,14.33,115.2953,2.64,2.47
2019-03-12,13.77,114.9376,2.61,2.45
2019-03-13,13.41,114.7361,2.61,2.45
2019-03-14,13.5,114.7891,2.63,2.46
2019-03-15,12.88,114.5808,2.59,2.43
2019-03-18,13.1,114.4368,2.6,2.45
2019-03-19,13.56,114.2313,2.61,2.46
2019-03-20,13.91,114.1497,2.54,2.4
2019-03-21,13.63,114.1672,2.54,2.41
2019-03-22,16.48,114.6845,2.44,2.31
2019-03-25,16.33,114.4158,2.43,2.26
2019-03-26,14.68,114.6404,2.41,2.24
2019-03-27,15.15,115.1236,2.39,2.22
2019-03-28,14.43,115.2575,2.39,2.23
2019-03-29,13.71,115.1364,2.41,2.27
2019-04-01,13.4,114.935,2.49,2.33
2019-04-02,13.36,115.1164,2.48,2.3
2019-04-03,13.74,114.7204,2.52,2.33
2019-04-04,13.58,114.9687,2.51,2.33
2019-04-05,12.82,114.9714,2.5,2.35
2019-04-08,13.18,114.6879,2.52,2.36
2019-04-09,14.28,114.5307,2.51,2.35
2019-04-10,13.3,114.4255,2.48,2.31
2019-04-11,13.02,114.629,2.51,2.35
2019-04-12,12.01,114.3517,2.56,2.4
2019-04-15,12.32,114.4936,2.55,2.4
2019-04-16,12.18,114.6745,2.6,2.41
2019-04-17,12.6,114.5128,2.59,2.4
2019-04-18,12.09,114.7057,2.57,2.38
2019-04-19,12.09,114.6961,2.57,2.38
2019-04-22,12.42,114.7679,2.59,2.38
2019-04-23,12.28,115.1563,2.57,2.36
2019-04-24,13.14,115.4172,2.53,2.32
2019-04-25,13.25,115.7692,2.54,2.33
2019-04-26,12.73,115.4749,2.51,2.28
2019-04-29,13.11,115.5213,2.54,2.3
2019-04-30,13.12,115.3268,2.51,2.27
2019-05-01,14.8,115.0008,2.52,2.31
2019-05-02,14.42,115.5607,2.55,2.35
2019-05-03,12.87,115.2635,2.54,2.33
2019-05-06,15.44,115.38,2.51,2.31
2019-05-07,19.32,115.6104,2.45,2.28
2019-05-08,19.4,115.5161,2.49,2.3
2019-05-09,19.1,115.8414,2.45,2.26
2019-05-10,16.04,115.5327,2.47,2.26
2019-05-13,20.55,115.9142,2.4,2.18
2019-05-14,18.06,115.942,2.42,2.2
2019-05-15,16.44,115.8561,2.37,2.16
2019-05-16,15.29,116.0343,2.4,2.2
2019-05-17,15.96,116.4481,2.39,2.2
2019-05-20,16.31,116.3126,2.41,2.21
2019-05-21,14.95,116.2847,2.43,2.26
2019-05-22,14.75,116.2414,2.39,2.23
2019-05-23,16.92,116.2369,2.31,2.12
2019-05-24,15.85,116.0809,2.32,2.16
2019-05-28,17.5,116.3178,2.26,2.12
2019-05-29,17.9,116.5533,2.25,2.09
2019-05-30,17.3,116.3986,2.22,2.06
2019-05-31,18.71,116.7279,2.14,1.95
2019-06-03,18.86,116.4777,2.07,1.82
2019-06-04,16.97,116.0919,2.12,1.88
2019-06-05,16.09,116.0309,2.12,1.83
2019-06-06,15.93,115.9788,2.12,1.88
2019-06-07,16.3,115.7386,2.09,1.85
2019-06-10,15.94,115.5012,2.15,1.9
2019-06-11,15.99,115.3803,2.15,1.93
2019-06-12,15.91,115.4388,2.13,1.88
2019-06-13,15.82,115.6281,2.1,1.83
2019-06-14,15.28,115.9059,2.09,1.84
2019-06-17,15.35,115.9687,2.09,1.86
2019-06-18,15.15,115.8798,2.06,1.86
2019-06-19,14.33,115.7891,2.03,1.74
2019-06-20,14.75,114.8046,2.01,1.72
2019-06-21,15.4,114.8378,2.07,1.77
2019-06-24,15.26,114.6568,2.02,1.72
2019-06-25,16.28,114.6373,2.0,1.71
2019-06-26,16.21,114.5619,2.05,1.77
2019-06-27,15.82,114.6663,2.01,1.74
2019-06-28,15.08,114.5834,2.0,1.75
2019-07-01,14.06,114.7247,2.03,1.78
2019-07-02,12.93,114.8268,1.98,1.77
2019-07-03,12.57,114.8145,1.96,1.77
2019-07-05,13.28,115.1143,2.04,1.87
2019-07-08,13.96,115.0263,2.05,1.88
2019-07-09,14.09,115.1026,2.07,1.92
2019-07-10,13.03,115.0897,2.07,1.82
2019-07-11,12.93,114.8375,2.13,1.85
2019-07-12,12.39,114.7696,2.12,1.84
2019-07-15,12.68,114.6831,2.09,1.83
2019-07-16,12.86,115.0124,2.13,1.87
2019-07-17,13.97,114.8829,2.06,1.83
2019-07-18,13.53,114.8751,2.04,1.77
2019-07-19,14.45,114.8702,2.05,1.8
2019-07-22,13.53,115.0026,2.05,1.8
2019-07-23,12.61,115.3001,2.08,1.83
2019-07-24,12.07,115.2441,2.05,1.83
2019-07-25,12.74,115.2987,2.08,1.86
2019-07-26,12.16,115.5454,2.08,1.86
2019-07-29,12.83,115.5896,2.06,1.85
2019-07-30,13.94,115.6222,2.06,1.85
2019-07-31,16.12,115.4955,2.02,1.89
2019-08-01,17.87,116.0509,1.9,1.73
2019-08-02,17.61,116.1874,1.86,1.72
2019-08-05,24.59,116.587,1.75,1.59
2019-08-06,20.17,116.6921,1.73,1.6
2019-08-07,19.49,116.8003,1.71,1.59
2019-08-08,16.91,116.4756,1.72,1.62
2019-08-09,17.97,116.4432,1.74,1.63
2019-08-12,21.09,116.7567,1.65,1.58
2019-08-13,17.52,116.7283,1.68,1.66
2019-08-14,22.1,117.0926,1.59,1.58
2019-08-15,21.18,117.2247,1.52,1.48
2019-08-16,18.47,117.0796,1.55,1.48
2019-08-19,16.88,117.39,1.6,1.53
2019-08-20,17.5,117.3738,1.55,1.5
2019-08-21,15.8,117.1778,1.59,1.56
2019-08-22,16.68,117.357,1.62,1.61
2019-08-23,19.87,117.3027,1.52,1.51
2019-08-26,19.32,117.668,1.54,1.54
2019-08-27,20.31,117.7525,1.49,1.53
2019-08-28,19.35,117.8792,1.47,1.5
2019-08-29,17.88,118.0652,1.5,1.53
2019-08-30,18.98,118.16,1.5,1.5
2019-09-03,19.66,118.313,1.47,1.47
2019-09-04,17.33,117.6745,1.47,1.43
2019-09-05,16.27,117.4791,1.57,1.55
2019-09-06,15.0,117.1305,1.55,1.53
2019-09-09,15.27,117.0617,1.63,1.58
2019-09-10,15.2,117.09,1.72,1.67
2019-09-11,14.61,117.3138,1.75,1.68
2019-09-12,14.22,116.8391,1.79,1.72
2019-09-13,13.74,116.769,1.9,1.79
2019-09-16,14.67,117.0261,1.84,1.74
2019-09-17,14.44,116.9839,1.81,1.72
2019-09-18,13.95,116.9779,1.8,1.77
2019-09-19,14.05,117.0877,1.79,1.74
2019-09-20,15.32,117.1835,1.74,1.69
2019-09-23,14.91,117.3006,1.72,1.68
2019-09-24,17.05,117.2247,1.64,1.6
2019-09-25,15.96,117.6549,1.73,1.68
2019-09-26,16.07,117.729,1.7,1.66
2019-09-27,17.22,117.7246,1.69,1.63
2019-09-30,16.24,117.9488,1.68,1.63
2019-10-01,18.56,117.9621,1.65,1.56
2019-10-02,20.56,117.9694,1.6,1.48
2019-10-03,19.12,117.6628,1.54,1.39
2019-10-04,17.04,117.5306,1.52,1.4
2019-10-07,17.86,117.5552,1.56,1.46
2019-10-08,20.28,117.7423,1.54,1.42
2019-10-09,18.64,117.6854,1.59,1.47
2019-10-10,17.57,117.282,1.67,1.53
2019-10-11,15.58,116.8257,1.76,1.63
2019-10-14,14.57,116.8257,1.76,1.63
2019-10-15,13.54,116.8122,1.77,1.61
2019-10-16,13.68,116.6438,1.75,1.58
2019-10-17,13.79,116.2631,1.76,1.6
2019-10-18,14.25,116.1359,1.76,1.58
2019-10-21,14.0,116.0453,1.8,1.62
2019-10-22,14.46,115.9868,1.78,1.6
2019-10-23,14.01,116.0601,1.77,1.58
2019-10-24,13.71,116.1291,1.77,1.58
2019-10-25,12.65,116.0788,1.8,1.63
2019-10-28,13.11,116.0236,1.85,1.64
2019-10-29,13.2,115.9811,1.84,1.64
2019-10-30,12.33,116.1649,1.78,1.61
2019-10-31,13.22,115.9137,1.69,1.52
2019-11-01,12.3,115.7324,1.73,1.56
2019-11-04,12.83,115.8637,1.79,1.6
2019-11-05,13.1,116.1149,1.86,1.63
2019-11-06,12.62,116.1012,1.81,1.61
2019-11-07,12.73,116.1179,1.92,1.68
2019-11-08,12.07,116.344,1.94,1.68
2019-11-11,12.69,116.344,1.94,1.68
2019-11-12,12.68,116.5843,1.92,1.66
2019-11-13,13.0,116.8404,1.88,1.63
2019-11-14,13.05,116.8031,1.82,1.58
2019-11-15,12.05,116.4409,1.84,1.61
2019-11-18,12.46,116.3634,1.81,1.6
2019-11-19,12.86,116.5402,1.79,1.6
2019-11-20,12.78,116.8293,1.73,1.56
2019-11-21,13.13,116.7447,1.77,1.6
2019-11-22,12.34,116.9148,1.77,1.61
2019-11-25,11.87,117.0109,1.76,1.61
2019-11-26,11.54,117.0529,1.74,1.58
2019-11-27,11.75,117.1292,1.77,1.63
2019-11-29,12.62,117.1218,1.78,1.61
2019-12-02,14.91,116.9664,1.83,1.61
2019-12-03,15.96,116.8916,1.72,1.53
2019-12-04,14.8,116.6938,1.77,1.58
2019-12-05,14.52,116.3857,1.8,1.58
2019-12-06,13.62,116.5394,1.84,1.61
2019-12-09,15.86,116.3296,1.83,1.63
2019-12-10,15.68,116.2557,1.85,1.65
2019-12-11,14.99,116.1492,1.79,1.61
2019-12-12,13.94,115.8755,1.9,1.66
2019-12-13,12.63,115.6976,1.82,1.61
2019-12-16,12.14,115.5559,1.89,1.65
2019-12-17,12.29,115.5561,1.89,1.63
2019-12-18,12.58,115.6627,1.92,1.63
2019-12-19,12.5,115.5997,1.92,1.62
2019-12-20,12.51,115.7604,1.92,1.63
2019-12-23,12.61,115.8066,1.93,1.64
2019-12-24,12.67,115.8066,1.9,1.62
2019-12-26,12.65,115.6347,1.9,1.64
2019-12-27,13.43,115.2207,1.88,1.59
2019-12-30,14.82,114.9639,1.9,1.58
2019-12-31,13.78,114.6697,1.92,1.58
2020-01-02,12.47,114.9746,1.88,1.58
2020-01-03,14.02,114.9862,1.8,1.53
2020-01-06,13.85,114.9552,1.81,1.54
2020-01-07,13.79,115.1467,1.83,1.54
2020-01-08,13.45,115.1318,1.87,1.58
2020-01-09,12.54,115.2325,1.85,1.58
2020-01-10,12.56,115.0671,1.83,1.56
2020-01-13,12.32,115.0337,1.85,1.58
2020-01-14,12.39,115.0233,1.82,1.58
2020-01-15,12.42,114.9526,1.79,1.56
2020-01-16,12.32,114.9999,1.81,1.58
2020-01-17,12.1,115.0642,1.84,1.58
2020-01-21,12.85,115.1865,1.78,1.53
2020-01-22,12.91,115.2264,1.77,1.53
2020-01-23,12.98,115.5537,1.74,1.51
2020-01-24,14.56,115.5545,1.7,1.49
2020-01-27,18.23,115.7994,1.61,1.44
2020-01-28,16.28,115.7226,1.65,1.45
2020-01-29,16.39,115.6986,1.6,1.42
2020-01-30,15.49,115.8065,1.57,1.41
2020-01-31,18.84,115.7342,1.51,1.33
2020-02-03,17.97,116.1176,1.54,1.36
2020-02-04,16.05,115.929,1.61,1.41
2020-02-05,15.15,116.0082,1.66,1.44
2020-02-06,14.96,116.1508,1.65,1.44
2020-02-07,15.47,116.5075,1.59,1.41
2020-02-10,15.04,116.5701,1.56,1.37
2020-02-11,15.18,116.3572,1.59,1.41
2020-02-12,13.74,116.2777,1.62,1.44
2020-02-13,14.15,116.398,1.61,1.44
2020-02-14,13.68,116.42,1.59,1.42
2020-02-18,14.83,116.6016,1.55,1.41
2020-02-19,14.38,116.7802,1.56,1.42
2020-02-20,15.56,117.2434,1.52,1.39
2020-02-21,17.08,117.0456,1.46,1.34
2020-02-24,25.03,117.401,1.38,1.26
2020-02-25,27.85,117.2417,1.33,1.2
2020-02-26,27.56,117.4048,1.33,1.16
2020-02-27,39.16,117.3686,1.3,1.11
2020-02-28,40.11,117.6573,1.13,0.86
2020-03-02,33.42,116.8148,1.1,0.84
2020-03-03,36.82,116.4958,1.02,0.71
2020-03-04,31.99,116.7799,1.02,0.67
2020-03-05,39.62,116.7913,0.92,0.59
2020-03-06,41.94,116.7132,0.74,0.49
2020-03-09,54.46,117.1927,0.54,0.38
2020-03-10,47.3,117.9082,0.76,0.5
2020-03-11,53.9,118.2564,0.82,0.5
2020-03-12,75.47,120.4945,0.88,0.5
2020-03-13,57.83,120.4439,0.94,0.49
2020-03-16,82.69,120.9417,0.73,0.36
2020-03-17,75.91,122.4875,1.02,0.47
2020-03-18,76.45,124.1693,1.18,0.54
2020-03-19,72.0,125.0662,1.12,0.44
2020-03-20,66.04,124.9425,0.92,0.37
2020-03-23,61.59,126.1342,0.76,0.28
2020-03-24,61.67,125.5092,0.84,0.38
2020-03-25,63.95,124.7995,0.88,0.34
2020-03-26,61.0,122.4384,0.83,0.3
2020-03-27,65.54,122.4097,0.72,0.25
2020-03-30,57.08,123.2997,0.7,0.23
2020-03-31,53.54,122.5394,0.7,0.23
2020-04-01,57.06,123.8033,0.62,0.23
2020-04-02,50.91,123.5994,0.63,0.23
2020-04-03,46.8,124.4237,0.62,0.23
2020-04-06,45.24,124.1692,0.67,0.27
2020-04-07,46.7,123.1038,0.75,0.28
2020-04-08,43.35,123.2299,0.77,0.27
2020-04-09,41.67,122.4834,0.73,0.23
2020-04-10,41.67,122.1668,0.73,0.23
2020-04-13,41.17,122.5282,0.76,0.25
2020-04-14,37.76,122.1204,0.76,0.23
2020-04-15,40.84,123.084,0.63,0.2
2020-04-16,40.11,123.4698,0.61,0.2
2020-04-17,38.15,122.8791,0.65,0.2
2020-04-20,43.83,123.1121,0.63,0.2
2020-04-21,45.41,123.9207,0.58,0.2
2020-04-22,41.98,123.9354,0.63,0.22
2020-04-23,41.38,123.7645,0.61,0.22
2020-04-24,35.93,124.172,0.6,0.22
2020-04-27,33.29,123.8954,0.67,0.24
2020-04-28,33.57,123.3794,0.62,0.2
2020-04-29,31.23,122.7877,0.63,0.2
2020-04-30,34.15,122.3375,0.64,0.2
2020-05-01,37.19,123.1615,0.64,0.2
2020-05-04,35.97,123.2224,0.64,0.19
2020-05-05,33.61,122.8117,0.66,0.19
2020-05-06,34.12,123.6188,0.72,0.17
2020-05-07,31.44,123.1339,0.63,0.13
2020-05-08,27.98,122.5465,0.69,0.16
2020-05-11,27.57,123.2423,0.73,0.17
2020-05-12,33.04,123.0694,0.69,0.17
2020-05-13,35.28,123.5512,0.64,0.16
2020-05-14,32.61,123.6524,0.63,0.16
2020-05-15,31.89,123.608,0.64,0.16
2020-05-18,29.3,122.8055,0.73,0.18
2020-05-19,30.53,122.5744,0.7,0.17
2020-05-20,27.99,122.1093,0.68,0.16
2020-05-21,29.53,122.099,0.68,0.17
2020-05-22,28.16,122.3278,0.66,0.17
2020-05-26,28.01,121.3933,0.69,0.18
2020-05-27,27.62,121.5741,0.68,0.19
2020-05-28,28.59,121.0207,0.7,0.17
2020-05-29,27.51,120.953,0.65,0.16
2020-06-01,28.23,120.2753,0.66,0.14
2020-06-02,26.84,119.692,0.68,0.17
2020-06-03,25.66,119.2625,0.77,0.19
2020-06-04,25.81,119.3094,0.82,0.19
2020-06-05,24.52,118.8202,0.91,0.22
2020-06-08,25.81,118.6687,0.88,0.22
2020-06-09,27.57,118.5967,0.84,0.2
2020-06-10,27.57,118.5307,0.75,0.17
2020-06-11,40.79,119.2435,0.66,0.19
2020-06-12,36.09,119.6719,0.71,0.19
2020-06-15,34.4,119.9622,0.71,0.19
2020-06-16,33.67,119.5744,0.75,0.21
2020-06-17,33.47,119.918,0.74,0.19
2020-06-18,32.94,120.2252,0.71,0.19
2020-06-19,35.12,120.226,0.7,0.19
2020-06-22,31.77,119.7613,0.71,0.19
2020-06-23,31.37,119.3372,0.72,0.18
2020-06-24,33.84,119.9834,0.69,0.19
2020-06-25,32.22,120.3089,0.68,0.17
2020-06-26,34.73,120.5425,0.64,0.17
2020-06-29,31.78,120.6757,0.64,0.16
2020-06-30,30.43,120.4746,0.66,0.16
2020-07-01,28.62,120.0902,0.69,0.17
2020-07-02,27.68,119.8648,0.68,0.16
2020-07-06,27.94,119.2941,0.69,0.16
2020-07-07,29.43,119.5814,0.65,0.16
2020-07-08,28.08,119.5625,0.67,0.16
2020-07-09,29.26,119.5221,0.62,0.16
2020-07-10,27.29,119.3601,0.65,0.16
2020-07-13,32.19,119.1984,0.64,0.16
2020-07-14,29.52,119.3999,0.63,0.14
2020-07-15,27.76,119.0423,0.64,0.16
2020-07-16,28.0,118.9368,0.62,0.16
2020-07-17,25.68,119.134,0.64,0.14
2020-07-20,24.46,119.0588,0.62,0.16
2020-07-21,24.84,118.4145,0.61,0.14
2020-07-22,24.32,118.1446,0.6,0.14
2020-07-23,26.08,118.0724,0.59,0.16
2020-07-24,25.84,118.1445,0.59,0.14
2020-07-27,24.74,117.3982,0.62,0.15
2020-07-28,25.44,117.3301,0.59,0.14
2020-07-29,24.1,117.2242,0.58,0.12
2020-07-30,24.76,117.4133,0.55,0.11
2020-07-31,24.46,117.2208,0.55,0.11
2020-08-03,24.28,117.8199,0.56,0.11
2020-08-04,23.76,117.7962,0.52,0.11
2020-08-05,22.99,116.8865,0.55,0.11
2020-08-06,22.65,117.055,0.55,0.11
2020-08-07,22.21,117.6365,0.57,0.13
2020-08-10,22.13,117.5946,0.59,0.14
2020-08-11,24.03,117.3902,0.64,0.16
2020-08-12,22.28,117.2679,0.69,0.16
2020-08-13,22.13,117.1313,0.71,0.16
2020-08-14,22.05,116.9512,0.71,0.14
2020-08-17,21.35,116.7609,0.69,0.14
2020-08-18,21.51,116.5722,0.67,0.14
2020-08-19,22.54,116.5789,0.68,0.14
2020-08-20,22.72,116.8243,0.65,0.13
2020-08-21,22.54,117.0682,0.64,0.16
2020-08-24,22.37,116.9238,0.65,0.14
2020-08-25,22.03,116.8324,0.69,0.15
2020-08-26,23.27,116.6358,0.69,0.16
2020-08-27,24.47,116.6614,0.74,0.16
2020-08-28,22.96,115.9506,0.74,0.14
2020-08-31,26.41,115.7717,0.72,0.14
2020-09-01,26.12,115.5814,0.68,0.13
2020-09-02,26.57,116.0423,0.66,0.14
2020-09-03,33.6,116.0799,0.63,0.13
2020-09-04,30.75,116.0457,0.72,0.14
2020-09-08,31.46,116.4725,0.69,0.14
2020-09-09,28.81,116.1396,0.71,0.14
2020-09-10,29.71,115.8906,0.68,0.14
2020-09-11,26.87,116.0963,0.67,0.13
2020-09-14,25.85,115.6523,0.68,0.14
2020-09-15,25.59,115.5996,0.68,0.14
2020-09-16,26.04,115.3623,0.69,0.14
2020-09-17,26.46,115.4476,0.69,0.13
2020-09-18,25.83,115.248,0.7,0.14
2020-09-21,27.78,116.3873,0.68,0.14
2020-09-22,26.86,116.5529,0.68,0.13
2020-09-23,28.58,117.2631,0.68,0.14
2020-09-24,28.51,117.5578,0.67,0.14
2020-09-25,26.38,117.8786,0.66,0.12
2020-09-28,26.19,117.629,0.67,0.14
2020-09-29,26.27,117.5379,0.66,0.11
2020-09-30,26.37,116.957,0.69,0.13
2020-10-01,26.7,116.7339,0.68,0.14
2020-10-02,27.63,116.7424,0.7,0.13
2020-10-05,27.96,116.187,0.78,0.14
2020-10-06,29.48,116.2781,0.76,0.14
2020-10-07,28.06,116.3548,0.81,0.16
2020-10-08,26.36,116.1753,0.78,0.13
2020-10-09,25.0,115.2843,0.79,0.16
2020-10-12,25.07,115.2843,0.79,0.16
2020-10-13,26.07,115.9193,0.74,0.16
2020-10-14,26.4,115.6959,0.73,0.14
2020-10-15,26.97,116.1046,0.74,0.14
2020-10-16,27.41,115.7754,0.76,0.14
2020-10-19,29.18,115.4109,0.78,0.16
2020-10-20,29.35,115.2558,0.81,0.14
2020-10-21,28.65,114.9185,0.83,0.14
2020-10-22,28.11,115.1234,0.87,0.16
2020-10-23,27.55,115.0198,0.85,0.18
2020-10-26,32.46,115.2872,0.81,0.16
2020-10-27,33.35,115.0206,0.79,0.16
2020-10-28,40.28,115.8099,0.79,0.16
2020-10-29,37.59,116.3138,0.85,0.16
2020-10-30,38.02,116.1417,0.88,0.14
2020-11-02,37.13,116.2425,0.87,0.16
2020-11-03,35.55,115.4864,0.9,0.17
2020-11-04,29.57,115.1733,0.78,0.14
2020-11-05,27.58,114.4615,0.79,0.14
2020-11-06,24.86,113.9977,0.83,0.16
2020-11-09,25.75,114.0942,0.96,0.17
2020-11-10,24.8,114.0802,0.98,0.19
2020-11-11,23.45,114.0802,0.98,0.19
2020-11-12,25.35,114.2889,0.88,0.17
2020-11-13,23.1,114.2445,0.89,0.17
2020-11-16,22.45,113.8356,0.91,0.19
2020-11-17,22.71,113.6864,0.87,0.18
2020-11-18,23.84,113.4645,0.88,0.16
2020-11-19,23.11,113.6982,0.86,0.18
2020-11-20,23.7,113.4932,0.83,0.16
2020-11-23,22.66,113.759,0.86,0.16
2020-11-24,21.64,113.4361,0.88,0.16
2020-11-25,21.25,113.1871,0.88,0.17
2020-11-27,20.84,113.1871,0.84,0.16
2020-11-30,20.57,113.2308,0.84,0.16
2020-12-01,20.77,112.8122,0.92,0.17
2020-12-02,21.17,112.6174,0.95,0.16
2020-12-03,21.28,112.0293,0.92,0.16
2020-12-04,20.79,111.7826,0.97,0.16
2020-12-07,21.3,111.8431,0.94,0.14
2020-12-08,20.68,111.8684,0.92,0.14
2020-12-09,22.27,112.0353,0.95,0.16
2020-12-10,22.52,111.9839,0.92,0.14
2020-12-11,23.31,112.1469,0.9,0.11
2020-12-14,24.72,112.177,0.9,0.13
2020-12-15,22.89,111.866,0.92,0.11
2020-12-16,22.5,111.7215,0.92,0.13
2020-12-17,21.93,111.2286,0.94,0.13
2020-12-18,21.57,111.6136,0.95,0.13
2020-12-21,25.16,111.9477,0.95,0.13
2020-12-22,24.23,112.201,0.93,0.13
2020-12-23,23.31,111.9873,0.96,0.13
2020-12-24,21.53,111.9873,0.94,0.13
2020-12-28,21.7,111.9821,0.94,0.13
2020-12-29,23.08,111.524,0.94,0.12
2020-12-30,22.77,111.3156,0.93,0.12
2020-12-31,22.75,111.324,0.93,0.13
2021-01-04,26.97,111.2143,0.93,0.11
2021-01-05,25.34,110.9649,0.96,0.13
2021-01-06,25.07,110.8573,1.04,0.14
2021-01-07,22.37,111.3124,1.08,0.14
2021-01-08,21.56,111.293,1.13,0.14
2021-01-11,24.08,111.8342,1.15,0.14
2021-01-12,23.33,111.5584,1.15,0.14
2021-01-13,22.21,111.3702,1.1,0.14
2021-01-14,23.25,111.1639,1.15,0.16
2021-01-15,24.34,111.5168,1.11,0.13
2021-01-19,23.24,111.4591,1.1,0.14
2021-01-20,21.58,111.4591,1.1,0.13
2021-01-21,21.32,111.2044,1.12,0.13
2021-01-22,21.91,111.5602,1.1,0.13
2021-01-25,23.19,111.8767,1.05,0.13
2021-01-26,23.02,111.6661,1.05,0.11
2021-01-27,37.21,112.0876,1.04,0.12
2021-01-28,30.21,112.015,1.07,0.12
2021-01-29,33.09,111.9604,1.11,0.11
2021-02-01,30.24,112.4282,1.09,0.11
2021-02-02,25.56,112.2937,1.12,0.11
2021-02-03,22.91,112.2648,1.15,0.11
2021-02-04,21.77,112.756,1.15,0.11
2021-02-05,20.87,112.2463,1.19,0.09
2021-02-08,21.24,112.0512,1.19,0.11
2021-02-09,21.63,111.7768,1.18,0.11
2021-02-10,21.99,111.5929,1.15,0.11
2021-02-11,21.25,111.5364,1.16,0.11
2021-02-12,19.97,111.4981,1.2,0.11
2021-02-16,21.46,111.7984,1.3,0.13
2021-02-17,21.5,112.03,1.29,0.11
2021-02-18,22.49,112.1718,1.29,0.11
2021-02-19,22.05,111.7179,1.34,0.11
2021-02-22,23.45,111.9316,1.37,0.11
2021-02-23,23.11,111.911,1.37,0.11
2021-02-24,21.34,111.7339,1.38,0.12
2021-02-25,28.89,111.9402,1.54,0.17
2021-02-26,27.95,112.8433,1.44,0.14
2021-03-01,23.35,112.538,1.45,0.13
2021-03-02,24.1,112.5472,1.42,0.13
2021-03-03,26.67,112.7761,1.47,0.14
2021-03-04,28.57,112.717,1.54,0.14
2021-03-05,24.66,113.7626,1.56,0.14
2021-03-08,25.47,114.2824,1.59,0.17
2021-03-09,24.03,113.9431,1.55,0.17
2021-03-10,22.56,113.6015,1.53,0.16
2021-03-11,21.91,112.9345,1.54,0.14
2021-03-12,20.69,113.0403,1.64,0.14
2021-03-15,20.03,113.2065,1.62,0.14
2021-03-16,19.79,112.997,1.62,0.15
2021-03-17,19.23,113.1726,1.63,0.13
2021-03-18,21.58,112.7872,1.71,0.16
2021-03-19,20.95,112.9877,1.74,0.16
2021-03-22,18.88,113.0154,1.69,0.15
2021-03-23,20.3,113.3038,1.63,0.15
2021-03-24,21.2,113.669,1.62,0.14
2021-03-25,19.81,114.014,1.63,0.14
2021-03-26,18.86,113.7532,1.67,0.14
2021-03-29,20.74,113.9447,1.73,0.14
2021-03-30,19.61,114.2152,1.73,0.16
2021-03-31,19.4,113.8351,1.74,0.16
2021-04-01,17.33,113.7504,1.69,0.17
2021-04-02,17.33,113.7429,1.72,0.19
2021-04-05,17.91,113.406,1.73,0.17
2021-04-06,18.12,113.1575,1.67,0.16
2021-04-07,17.16,113.254,1.68,0.16
2021-04-08,16.95,113.1015,1.64,0.14
2021-04-09,16.69,113.2132,1.67,0.16
2021-04-12,16.91,113.1916,1.69,0.18
2021-04-13,16.65,113.0489,1.64,0.16
2021-04-14,16.99,112.7951,1.64,0.16
2021-04-15,16.57,112.6274,1.56,0.16
2021-04-16,16.25,112.4913,1.59,0.16
2021-04-19,17.29,112.1929,1.61,0.16
2021-04-20,18.68,112.2444,1.58,0.15
2021-04-21,17.5,112.1862,1.57,0.15
2021-04-22,18.71,112.2385,1.57,0.16
2021-04-23,17.33,112.0981,1.58,0.16
2021-04-26,17.64,111.8207,1.58,0.18
2021-04-27,17.56,111.9203,1.63,0.17
2021-04-28,17.28,111.8015,1.63,0.17
2021-04-29,17.61,111.7583,1.65,0.16
2021-04-30,18.61,112.0959,1.65,0.16
2021-05-03,18.31,112.0176,1.63,0.16
2021-05-04,19.48,112.3021,1.61,0.16
2021-05-05,19.15,112.1639,1.59,0.16
2021-05-06,18.39,111.8525,1.58,0.16
2021-05-07,16.69,111.0372,1.6,0.14
2021-05-10,19.66,110.803,1.63,0.16
2021-05-11,21.84,110.904,1.64,0.16
2021-05-12,27.59,111.5762,1.69,0.16
2021-05-13,23.13,111.6079,1.66,0.16
2021-05-14,18.81,111.1476,1.63,0.16
2021-05-17,19.72,111.0913,1.64,0.16
2021-05-18,21.34,110.8446,1.64,0.16
2021-05-19,22.18,110.8933,1.68,0.16
2021-05-20,20.67,110.8741,1.63,0.15
2021-05-21,20.15,111.0714,1.63,0.17
2021-05-24,18.4,110.9254,1.61,0.15
2021-05-25,18.84,110.8557,1.56,0.15
2021-05-26,17.36,110.8814,1.58,0.14
2021-05-27,16.74,110.8829,1.61,0.14
2021-05-28,16.76,110.7711,1.58,0.14
2021-06-01,17.9,110.5179,1.62,0.16
2021-06-02,17.48,110.5924,1.59,0.13
2021-06-03,18.04,111.1905,1.63,0.16
2021-06-04,16.42,110.7645,1.56,0.14
2021-06-07,16.42,110.5275,1.57,0.16
2021-06-08,17.07,110.6608,1.53,0.14
2021-06-09,17.89,110.582,1.5,0.16
2021-06-10,16.1,110.557,1.45,0.14
2021-06-11,15.65,111.1052,1.47,0.16
2021-06-14,16.39,110.9779,1.51,0.16
2021-06-15,17.02,111.3634,1.51,0.16
2021-06-16,18.15,111.1287,1.57,0.21
2021-06-17,17.75,112.5881,1.52,0.23
2021-06-18,20.7,113.0517,1.45,0.26
2021-06-21,17.89,112.8506,1.5,0.27
2021-06-22,16.66,112.929,1.48,0.25
2021-06-23,16.32,112.3931,1.5,0.26
2021-06-24,15.97,112.3357,1.49,0.26
2021-06-25,15.62,111.9742,1.54,0.28
2021-06-28,15.76,112.033,1.49,0.25
2021-06-29,16.02,112.2692,1.49,0.27
2021-06-30,15.83,112.5613,1.45,0.25
2021-07-01,15.48,112.7484,1.48,0.25
2021-07-02,15.07,112.5507,1.44,0.24
2021-07-06,16.44,112.9602,1.37,0.22
2021-07-07,16.2,113.1136,1.33,0.22
2021-07-08,19.0,113.0863,1.3,0.19
2021-07-09,16.18,112.8468,1.37,0.23
2021-07-12,16.17,112.7701,1.38,0.23
2021-07-13,17.12,113.0153,1.42,0.26
2021-07-14,16.33,112.8885,1.37,0.23
2021-07-15,17.01,113.0122,1.31,0.23
2021-07-16,18.45,113.0504,1.31,0.25
2021-07-19,22.5,113.5547,1.19,0.21
2021-07-20,19.73,113.7582,1.23,0.2
2021-07-21,17.91,113.4018,1.3,0.22
2021-07-22,17.69,113.4788,1.27,0.2
2021-07-23,17.2,113.4486,1.3,0.22
2021-07-26,17.58,113.2335,1.29,0.22
2021-07-27,19.36,113.2321,1.25,0.2
2021-07-28,18.31,113.1899,1.26,0.2
2021-07-29,17.7,112.4927,1.28,0.2
2021-07-30,18.24,112.6808,1.24,0.19
2021-08-02,19.46,112.6784,1.2,0.17
2021-08-03,18.04,112.8331,1.19,0.17
2021-08-04,17.97,112.906,1.19,0.17
2021-08-05,17.28,112.778,1.23,0.21
2021-08-06,16.15,113.3192,1.31,0.21
2021-08-09,16.72,113.4625,1.33,0.23
2021-08-10,16.79,113.5072,1.36,0.24
2021-08-11,16.06,113.2917,1.35,0.23
2021-08-12,15.59,113.278,1.36,0.23
2021-08-13,15.45,113.0708,1.29,0.23
2021-08-16,16.12,113.179,1.26,0.21
2021-08-17,17.91,113.6263,1.26,0.23
2021-08-18,21.57,113.705,1.27,0.23
2021-08-19,21.67,114.1195,1.24,0.22
2021-08-20,18.56,114.5108,1.26,0.23
2021-08-23,17.15,113.9526,1.25,0.23
2021-08-24,17.22,113.6899,1.29,0.24
2021-08-25,16.79,113.6424,1.35,0.23
2021-08-26,18.84,113.7986,1.34,0.25
2021-08-27,16.39,113.3511,1.31,0.22
2021-08-30,16.19,113.256,1.29,0.2
2021-08-31,16.48,113.1175,1.3,0.2
2021-09-01,16.11,112.8832,1.31,0.2
2021-09-02,16.41,112.7966,1.29,0.2
2021-09-03,16.41,112.558,1.33,0.21
2021-09-07,18.14,112.9892,1.38,0.22
2021-09-08,17.96,113.2414,1.35,0.22
2021-09-09,18.8,113.053,1.3,0.23
2021-09-10,20.95,112.9519,1.35,0.23
2021-09-13,19.37,113.0432,1.33,0.21
2021-09-14,19.46,113.0151,1.28,0.21
2021-09-15,18.18,112.9862,1.31,0.21
2021-09-16,18.69,113.3122,1.34,0.23
2021-09-17,20.81,113.6074,1.37,0.23
2021-09-20,25.71,113.9511,1.31,0.23
2021-09-21,24.36,113.8266,1.33,0.22
2021-09-22,20.87,113.631,1.32,0.25
2021-09-23,18.63,113.5224,1.41,0.27
2021-09-24,17.75,113.7694,1.47,0.29
2021-09-27,18.76,113.7532,1.48,0.31
2021-09-28,23.25,114.2571,1.54,0.31
2021-09-29,22.56,114.7191,1.55,0.3
2021-09-30,23.14,114.6504,1.52,0.28
2021-10-01,21.15,114.3899,1.48,0.27
2021-10-04,22.96,114.2847,1.49,0.27
2021-10-05,21.3,114.3767,1.54,0.28
2021-10-06,21.0,114.7292,1.53,0.3
2021-10-07,19.54,114.5156,1.58,0.32
2021-10-08,18.77,114.6108,1.61,0.32
2021-10-11,20.0,114.6108,1.61,0.32
2021-10-12,19.85,114.7667,1.59,0.35
2021-10-13,18.64,114.4827,1.56,0.37
2021-10-14,16.86,114.2181,1.52,0.36
2021-10-15,16.3,114.1033,1.59,0.41
2021-10-18,16.31,114.0022,1.59,0.44
2021-10-19,15.7,113.6595,1.65,0.41
2021-10-20,15.49,113.521,1.65,0.4
2021-10-21,15.01,113.6322,1.68,0.45
2021-10-22,15.43,113.6828,1.66,0.48
2021-10-25,15.24,113.6172,1.64,0.47
2021-10-26,15.98,113.6863,1.63,0.47
2021-10-27,16.98,113.6342,1.54,0.5
2021-10-28,16.53,113.453,1.57,0.5
2021-10-29,16.26,114.149,1.55,0.48
2021-11-01,16.41,114.2231,1.58,0.5
2021-11-02,16.03,114.2997,1.56,0.46
2021-11-03,15.1,114.3754,1.6,0.47
2021-11-04,15.44,114.37,1.53,0.41
2021-11-05,16.48,114.0865,1.45,0.39
2021-11-08,17.22,113.8391,1.51,0.45
2021-11-09,17.78,113.7746,1.46,0.41
2021-11-10,18.73,114.1611,1.56,0.51
2021-11-11,17.66,114.1611,1.56,0.51
2021-11-12,16.29,114.5263,1.58,0.53
2021-11-15,16.49,114.6003,1.63,0.53
2021-11-16,16.37,115.149,1.63,0.54
2021-11-17,17.11,115.039,1.6,0.52
2021-11-18,17.59,115.0811,1.59,0.52
2021-11-19,17.91,115.2318,1.54,0.52
2021-11-22,19.17,115.6615,1.63,0.63
2021-11-23,19.38,116.026,1.67,0.6
2021-11-24,18.58,116.2855,1.64,0.64
2021-11-26,28.62,116.5259,1.48,0.5
2021-11-29,22.96,116.596,1.52,0.51
2021-11-30,27.19,116.2206,1.43,0.52
2021-12-01,31.12,115.9026,1.43,0.56
2021-12-02,27.95,116.0313,1.44,0.63
2021-12-03,30.67,116.2511,1.35,0.6
2021-12-06,27.18,116.1663,1.43,0.65
2021-12-07,21.89,115.8676,1.48,0.7
2021-12-08,19.9,115.4541,1.52,0.68
2021-12-09,21.58,115.7904,1.49,0.7
2021-12-10,18.69,115.5852,1.48,0.67
2021-12-13,20.31,115.8538,1.42,0.66
2021-12-14,21.89,116.252,1.44,0.67
2021-12-15,19.29,116.4342,1.47,0.69
2021-12-16,20.57,115.7267,1.44,0.64
2021-12-17,21.57,115.8022,1.41,0.66
2021-12-20,22.87,116.0206,1.43,0.65
2021-12-21,21.01,116.1208,1.48,0.7
2021-12-22,18.63,115.7612,1.46,0.68
2021-12-23,17.96,115.5469,1.5,0.71
2021-12-27,17.68,115.4821,1.48,0.76
2021-12-28,17.54,115.4327,1.49,0.74
2021-12-29,16.95,115.3819,1.55,0.75
2021-12-30,17.33,115.2969,1.52,0.73
2021-12-31,17.22,115.2969,1.52,0.73
2022-01-03,16.6,115.4243,1.63,0.78
2022-01-04,16.91,115.3263,1.66,0.77
2022-01-05,19.73,115.1524,1.71,0.83
2022-01-06,19.61,115.4189,1.73,0.88
2022-01-07,18.76,115.0596,1.76,0.87
2022-01-10,19.4,115.235,1.78,0.92
2022-01-11,18.41,114.8467,1.75,0.9
2022-01-12,17.62,114.3713,1.74,0.92
2022-01-13,20.31,114.1934,1.7,0.91
2022-01-14,19.19,114.3968,1.78,0.99
2022-01-18,22.79,114.7513,1.87,1.06
2022-01-19,23.85,114.6254,1.83,1.04
2022-01-20,25.59,114.4779,1.83,1.08
2022-01-21,28.85,114.6261,1.75,1.01
2022-01-24,29.9,115.2165,1.75,0.99
2022-01-25,31.16,115.1779,1.78,1.02
2022-01-26,31.96,115.1044,1.85,1.13
2022-01-27,30.49,115.9874,1.81,1.18
2022-01-28,27.66,116.049,1.78,1.15
2022-01-31,24.83,115.5742,1.79,1.18
2022-02-01,21.96,115.3775,1.81,1.18
2022-02-02,22.09,115.1643,1.78,1.16
2022-02-03,24.35,114.9175,1.82,1.19
2022-02-04,23.22,115.1473,1.93,1.31
2022-02-07,22.86,115.0209,1.92,1.3
2022-02-08,21.44,115.0999,1.96,1.35
2022-02-09,19.96,114.8329,1.94,1.36
2022-02-10,23.91,114.5618,2.03,1.61
2022-02-11,27.36,114.8489,1.92,1.5
2022-02-14,28.33,115.2008,1.98,1.58
2022-02-15,25.7,114.9357,2.05,1.58
2022-02-16,24.29,114.6954,2.03,1.52
2022-02-17,28.11,114.682,1.97,1.49
2022-02-18,27.75,114.8036,1.92,1.47
2022-02-22,28.81,114.7054,1.94,1.56
2022-02-23,31.02,114.6718,1.99,1.58
2022-02-24,30.32,115.9478,1.96,1.54
2022-02-25,27.59,115.2633,1.97,1.55
2022-02-28,30.15,115.2317,1.83,1.44
2022-03-01,33.32,115.8062,1.72,1.31
2022-03-02,30.74,115.7727,1.86,1.5
2022-03-03,30.48,115.9592,1.86,1.53
2022-03-04,31.98,116.661,1.74,1.5
2022-03-07,36.45,117.3406,1.78,1.55
2022-03-08,35.13,117.6281,1.86,1.63
2022-03-09,32.45,116.6057,1.94,1.68
2022-03-10,30.23,116.75,1.98,1.72
2022-03-11,30.75,117.0294,2.0,1.75
2022-03-14,31.77,117.1594,2.14,1.87
2022-03-15,29.83,117.2533,2.15,1.85
2022-03-16,26.67,116.8135,2.19,1.95
2022-03-17,25.67,116.0544,2.2,1.94
2022-03-18,23.87,116.1447,2.14,1.97
2022-03-21,23.53,115.9467,2.32,2.14
2022-03-22,22.94,116.0888,2.38,2.18
2022-03-23,23.57,116.0101,2.32,2.13
2022-03-24,21.67,115.9651,2.34,2.13
2022-03-25,20.81,115.7953,2.48,2.3
2022-03-28,19.63,116.1953,2.46,2.35
2022-03-29,18.9,115.572,2.41,2.35
2022-03-30,19.33,115.0857,2.35,2.31
2022-03-31,20.56,115.2254,2.32,2.28
2022-04-01,19.63,115.4835,2.39,2.44
2022-04-04,18.57,115.4121,2.42,2.43
2022-04-05,21.03,115.7328,2.54,2.51
2022-04-06,22.1,116.002,2.61,2.5
2022-04-07,21.55,116.3541,2.66,2.47
2022-04-08,21.16,116.42,2.72,2.53
2022-04-11,24.37,116.5423,2.79,2.5
2022-04-12,24.26,116.387,2.72,2.39
2022-04-13,21.82,116.2793,2.7,2.37
2022-04-14,22.7,116.7552,2.83,2.47
2022-04-15,22.7,116.7011,2.83,2.47
2022-04-18,22.17,116.8427,2.85,2.46
2022-04-19,21.37,117.1322,2.93,2.61
2022-04-20,20.32,116.7325,2.85,2.6
2022-04-21,22.68,117.1454,2.9,2.68
2022-04-22,28.21,118.0205,2.9,2.72
2022-04-25,27.02,118.6298,2.81,2.63
2022-04-26,33.52,118.9658,2.77,2.54
2022-04-27,31.6,119.472,2.82,2.58
2022-04-28,29.99,120.0703,2.85,2.63
2022-04-29,33.4,119.4936,2.89,2.7
2022-05-02,32.34,119.8827,2.99,2.73
2022-05-03,29.25,119.7037,2.97,2.78
2022-05-04,25.42,119.5567,2.93,2.66
2022-05-05,31.2,120.0043,3.05,2.71
2022-05-06,30.19,119.8544,3.12,2.72
2022-05-09,34.75,120.4949,3.05,2.61
2022-05-10,32.99,120.7716,2.99,2.62
2022-05-11,32.56,120.3896,2.91,2.66
2022-05-12,31.77,121.273,2.84,2.56
2022-05-13,28.87,120.8379,2.93,2.61
2022-05-16,27.47,120.6812,2.88,2.58
2022-05-17,26.1,119.8816,2.98,2.71
2022-05-18,30.96,120.022,2.89,2.68
2022-05-19,29.35,119.4244,2.84,2.63
2022-05-20,29.43,119.3617,2.78,2.6
2022-05-23,28.48,118.712,2.86,2.65
2022-05-24,29.45,118.6208,2.76,2.5
2022-05-25,28.37,118.9561,2.75,2.48
2022-05-26,27.5,118.7671,2.75,2.46
2022-05-27,25.72,118.2796,2.74,2.47
2022-05-30,26.54,118.2796,2.74,2.47
2022-05-31,26.19,118.0689,2.85,2.53
2022-06-01,25.69,118.6936,2.94,2.66
2022-06-02,24.72,118.0642,2.92,2.65
2022-06-03,24.79,118.2138,2.96,2.66
2022-06-06,25.07,118.3053,3.04,2.73
2022-06-07,24.02,118.4401,2.98,2.75
2022-06-08,23.96,118.3944,3.03,2.78
2022-06-09,26.09,118.9193,3.04,2.83
2022-06-10,27.75,119.9942,3.15,3.06
2022-06-13,34.02,121.1517,3.43,3.4
2022-06-14,32.69,121.6668,3.49,3.45
2022-06-15,29.62,121.6382,3.33,3.2
2022-06-16,32.95,120.6755,3.28,3.14
2022-06-17,31.13,121.2389,3.25,3.17
2022-06-20,31.03,121.2389,3.25,3.17
2022-06-21,30.19,120.646,3.31,3.21
2022-06-22,28.95,120.5232,3.16,3.06
2022-06-23,29.05,120.7646,3.09,3.01
2022-06-24,27.23,120.4897,3.13,3.04
2022-06-27,26.95,120.1789,3.2,3.08
2022-06-28,28.36,120.6254,3.2,3.1
2022-06-29,28.16,120.9689,3.1,3.06
2022-06-30,28.71,120.9718,2.98,2.92
2022-07-01,26.7,121.5123,2.88,2.84
2022-07-04,27.53,121.5123,2.88,2.84
2022-07-05,27.54,122.6276,2.82,2.82
2022-07-06,26.73,123.0165,2.93,2.97
2022-07-07,26.08,122.7336,3.01,3.03
2022-07-08,24.64,122.4724,3.09,3.12
2022-07-11,26.17,123.3062,2.99,3.07
2022-07-12,27.29,123.4612,2.96,3.03
2022-07-13,26.82,123.293,2.91,3.13
2022-07-14,26.4,124.0717,2.96,3.15
2022-07-15,24.23,123.4842,2.93,3.13
2022-07-18,25.3,122.78,2.96,3.15
2022-07-19,24.5,122.4922,3.01,3.23
2022-07-20,23.88,122.6096,3.04,3.25
2022-07-21,23.11,122.9169,2.91,3.1
2022-07-22,23.03,122.4643,2.77,2.98
2022-07-25,23.36,122.4721,2.81,3.0
2022-07-26,24.69,122.7698,2.81,3.02
2022-07-27,23.24,122.8281,2.78,2.96
2022-07-28,22.33,122.1267,2.68,2.85
2022-07-29,21.33,121.7793,2.67,2.89
2022-08-01,22.84,121.4218,2.6,2.9
2022-08-02,23.93,121.9609,2.75,3.06
2022-08-03,21.95,122.4002,2.73,3.1
2022-08-04,21.44,121.8436,2.68,3.03
2022-08-05,21.15,122.33,2.83,3.24
2022-08-08,21.29,121.8887,2.77,3.21
2022-08-09,21.77,121.8719,2.8,3.28
2022-08-10,19.74,120.7648,2.78,3.23
2022-08-11,20.2,120.7281,2.87,3.23
2022-08-12,19.53,121.0272,2.84,3.25
2022-08-15,19.95,121.4382,2.79,3.2
2022-08-16,19.69,121.6889,2.82,3.25
2022-08-17,19.9,122.0802,2.89,3.28
2022-08-18,19.56,122.3722,2.88,3.22
2022-08-19,20.6,123.0596,2.98,3.25
2022-08-22,23.8,123.6123,3.03,3.32
2022-08-23,24.11,123.0617,3.05,3.29
2022-08-24,22.82,123.1136,3.11,3.36
2022-08-25,21.78,123.0645,3.03,3.35
2022-08-26,25.56,123.0709,3.04,3.37
2022-08-29,26.21,123.4739,3.12,3.42
2022-08-30,26.21,123.6893,3.11,3.46
2022-08-31,25.87,123.5407,3.15,3.45
2022-09-01,25.56,124.4045,3.26,3.51
2022-09-02,25.47,123.7771,3.2,3.4
2022-09-05,25.99,123.7771,3.2,3.4
2022-09-06,26.91,124.7719,3.33,3.5
2022-09-07,24.64,124.8457,3.27,3.45
2022-09-08,23.61,124.584,3.29,3.48
2022-09-09,22.79,123.7954,3.33,3.56
2022-09-12,23.87,123.3441,3.37,3.58
2022-09-13,27.27,124.4342,3.42,3.75
2022-09-14,26.16,124.4593,3.41,3.78
2022-09-15,26.27,124.8944,3.45,3.87
2022-09-16,26.3,124.8879,3.45,3.85
2022-09-19,25.76,125.0177,3.49,3.95
2022-09-20,27.16,125.1324,3.57,3.96
2022-09-21,27.99,125.7464,3.51,4.02
2022-09-22,27.35,126.1668,3.7,4.11
2022-09-23,29.92,127.2867,3.69,4.2
2022-09-26,32.26,128.4544,3.88,4.27
2022-09-27,32.6,128.4399,3.97,4.3
2022-09-28,30.18,128.0937,3.72,4.07
2022-09-29,31.84,127.5463,3.76,4.16
2022-09-30,31.62,127.5159,3.83,4.22
2022-10-03,30.1,127.0793,3.67,4.12
2022-10-04,29.07,126.184,3.62,4.1
2022-10-05,28.55,126.863,3.76,4.15
2022-10-06,30.52,127.2481,3.83,4.23
2022-10-07,31.36,127.3093,3.89,4.3
2022-10-10,32.45,127.3093,3.89,4.3
2022-10-11,33.63,127.6614,3.93,4.3
2022-10-12,33.57,128.1456,3.91,4.28
2022-10-13,31.94,127.7276,3.97,4.47
2022-10-14,32.02,128.3303,4.0,4.48
2022-10-17,31.37,127.6478,4.02,4.45
2022-10-18,30.5,127.9184,4.01,4.43
2022-10-19,30.76,128.3992,4.14,4.55
2022-10-20,29.98,128.0084,4.24,4.62
2022-10-21,29.69,127.6758,4.21,4.49
2022-10-24,29.85,128.0351,4.25,4.5
2022-10-25,28.46,127.384,4.1,4.42
2022-10-26,27.28,126.481,4.04,4.39
2022-10-27,27.39,126.7102,3.96,4.3
2022-10-28,25.75,127.2196,4.02,4.41
2022-10-31,25.88,127.6272,4.1,4.51
2022-11-01,25.81,127.4011,4.07,4.54
2022-11-02,25.86,127.3138,4.1,4.61
2022-11-03,25.3,128.1712,4.14,4.71
2022-11-04,24.55,127.149,4.17,4.66
2022-11-07,24.35,126.3098,4.22,4.72
2022-11-08,25.54,125.64,4.14,4.67
2022-11-09,26.09,125.9926,4.12,4.61
2022-11-10,23.53,124.7142,3.82,4.34
2022-11-11,22.52,124.7142,3.82,4.34
2022-11-14,23.73,123.4425,3.88,4.4
2022-11-15,24.54,123.0534,3.8,4.37
2022-11-16,24.11,123.2964,3.67,4.35
2022-11-17,23.93,123.9929,3.77,4.43
2022-11-18,23.12,123.8678,3.82,4.51
2022-11-21,22.36,124.7143,3.83,4.48
2022-11-22,21.29,124.251,3.76,4.47
2022-11-23,20.35,123.7739,3.71,4.46
2022-11-24,20.42,123.7739,3.71,4.46
2022-11-25,20.5,123.3547,3.68,4.42
2022-11-28,22.21,123.6181,3.69,4.46
2022-11-29,21.89,123.6703,3.75,4.48
2022-11-30,20.58,123.5276,3.68,4.38
2022-12-01,19.84,122.0147,3.53,4.25
2022-12-02,19.06,122.0218,3.51,4.28
2022-12-05,20.75,122.6511,3.6,4.41
2022-12-06,22.17,123.0319,3.51,4.34
2022-12-07,22.68,122.7716,3.42,4.26
2022-12-08,22.29,122.4275,3.48,4.31
2022-12-09,22.83,122.4343,3.57,4.33
2022-12-12,25.0,122.7861,3.61,4.39
2022-12-13,22.55,121.8644,3.51,4.22
2022-12-14,21.14,121.8391,3.49,4.23
2022-12-15,22.83,122.5684,3.44,4.23
2022-12-16,22.62,122.6647,3.48,4.17
2022-12-19,22.42,122.5438,3.57,4.25
2022-12-20,21.48,122.1502,3.69,4.25
2022-12-21,20.07,122.2965,3.68,4.21
2022-12-22,21.97,122.2525,3.67,4.24
2022-12-23,20.87,121.9843,3.75,4.31
2022-12-27,21.65,121.767,3.84,4.32
2022-12-28,22.14,122.02,3.88,4.31
2022-12-29,21.44,121.6713,3.83,4.34
2022-12-30,21.67,121.4392,3.88,4.41
2023-01-03,22.9,122.0844,3.79,4.4
2023-01-04,22.01,121.5108,3.69,4.36
2023-01-05,22.46,122.0786,3.71,4.45
2023-01-06,21.13,121.0814,3.55,4.24
2023-01-09,21.97,120.1403,3.53,4.19
2023-01-10,20.58,120.234,3.61,4.24
2023-01-11,21.09,120.1445,3.54,4.2
2023-01-12,18.83,119.4108,3.43,4.12
2023-01-13,18.35,119.1422,3.49,4.22
2023-01-16,19.49,119.1422,3.49,4.22
2023-01-17,19.36,119.2186,3.53,4.18
2023-01-18,20.34,119.08,3.37,4.06
2023-01-19,20.52,119.6033,3.39,4.09
2023-01-20,19.85,119.3588,3.48,4.14
2023-01-23,19.81,119.1671,3.52,4.21
2023-01-24,19.2,119.1174,3.46,4.12
2023-01-25,19.08,118.995,3.46,4.11
2023-01-26,18.73,119.0472,3.49,4.17
2023-01-27,18.51,118.9521,3.52,4.19
2023-01-30,19.94,118.9079,3.55,4.25
2023-01-31,19.4,118.991,3.52,4.21
2023-02-01,17.87,118.6396,3.39,4.09
2023-02-02,18.73,118.349,3.4,4.09
2023-02-03,18.33,119.5014,3.53,4.3
2023-02-06,19.43,120.5116,3.63,4.44
2023-02-07,18.66,120.3298,3.67,4.47
2023-02-08,19.63,120.139,3.63,4.45
2023-02-09,20.71,119.9785,3.67,4.48
2023-02-10,20.53,120.1531,3.74,4.5
2023-02-13,20.34,120.0145,3.72,4.52
2023-02-14,18.91,119.9601,3.77,4.6
2023-02-15,18.23,120.4926,3.81,4.62
2023-02-16,20.17,120.5069,3.86,4.62
2023-02-17,20.02,120.6023,3.82,4.6
2023-02-20,21.23,120.6023,3.82,4.6
2023-02-21,22.87,120.678,3.95,4.67
2023-02-22,22.29,120.8969,3.93,4.66
2023-02-23,21.14,121.141,3.88,4.66
2023-02-24,21.67,121.6297,3.95,4.78
2023-02-27,20.95,121.4656,3.92,4.78
2023-02-28,20.7,121.4062,3.92,4.81
2023-03-01,20.58,120.6971,4.01,4.89
2023-03-02,19.59,121.1949,4.08,4.89
2023-03-03,18.49,120.8468,3.97,4.86
2023-03-06,18.61,120.5776,3.98,4.89
2023-03-07,19.59,121.531,3.97,5.0
2023-03-08,19.11,121.5222,3.98,5.05
2023-03-09,22.61,121.5225,3.93,4.9
2023-03-10,24.8,121.2963,3.7,4.6
2023-03-13,26.52,120.9157,3.55,4.03
2023-03-14,23.73,121.052,3.64,4.2
2023-03-15,26.14,122.1149,3.51,3.93
2023-03-16,22.99,121.751,3.56,4.14
2023-03-17,25.51,121.5923,3.39,3.81
2023-03-20,24.15,121.0637,3.47,3.92
2023-03-21,21.38,120.9535,3.59,4.17
2023-03-22,22.26,120.6883,3.48,3.96
2023-03-23,22.61,119.8174,3.38,3.76
2023-03-24,21.74,120.5106,3.38,3.76
2023-03-27,20.6,120.3239,3.53,3.94
2023-03-28,19.97,119.7987,3.55,4.02
2023-03-29,19.12,119.8223,3.57,4.08
2023-03-30,19.02,119.5103,3.55,4.1
2023-03-31,18.7,119.4611,3.48,4.06
2023-04-03,18.55,119.4342,3.43,3.97
2023-04-04,19.0,119.2641,3.35,3.84
2023-04-05,19.08,119.4068,3.3,3.79
2023-04-06,18.4,119.4229,3.3,3.82
2023-04-07,18.4,119.4673,3.39,3.97
2023-04-10,18.97,119.8962,3.41,4.0
2023-04-11,19.1,119.6409,3.43,4.03
2023-04-12,19.09,119.1341,3.41,3.95
2023-04-13,17.8,118.5376,3.45,3.96
2023-04-14,17.07,118.983,3.52,4.08
2023-04-17,16.95,119.3981,3.6,4.18
2023-04-18,16.83,119.2345,3.58,4.19
2023-04-19,16.46,119.4377,3.6,4.24
2023-04-20,17.17,119.2525,3.54,4.14
2023-04-21,16.77,119.4472,3.57,4.17
2023-04-24,16.89,119.3486,3.52,4.12
2023-04-25,18.76,119.7551,3.4,3.86
2023-04-26,18.84,119.4758,3.43,3.9
2023-04-27,17.03,119.5754,3.53,4.07
2023-04-28,15.78,119.376,3.44,4.04
2023-05-01,16.08,119.5845,3.59,4.14
2023-05-02,17.78,119.7514,3.44,3.97
2023-05-03,18.34,119.2773,3.38,3.89
2023-05-04,20.09,119.19,3.37,3.75
2023-05-05,17.19,118.7184,3.44,3.92
2023-05-08,16.98,118.7415,3.52,4.0
2023-05-09,17.71,118.984,3.53,4.01
2023-05-10,16.94,118.7561,3.43,3.9
2023-05-11,16.93,119.1902,3.39,3.89
2023-05-12,17.03,119.5206,3.46,3.98
2023-05-15,17.12,119.3288,3.5,3.99
2023-05-16,17.99,119.3567,3.54,4.06
2023-05-17,16.87,119.7849,3.57,4.12
2023-05-18,16.05,120.2642,3.65,4.24
2023-05-19,16.81,119.9479,3.7,4.28
2023-05-22,17.21,120.2609,3.72,4.29
2023-05-23,18.53,120.4913,3.7,4.26
2023-05-24,20.03,120.6481,3.73,4.31
2023-05-25,19.14,121.0126,3.83,4.5
2023-05-26,17.95,120.8022,3.8,4.54
2023-05-29,17.46,120.8022,3.8,4.54
2023-05-30,17.46,120.7387,3.69,4.46
2023-05-31,17.94,121.1527,3.64,4.4
2023-06-01,15.65,120.2628,3.61,4.33
2023-06-02,14.6,120.2102,3.69,4.5
2023-06-05,14.73,120.2175,3.69,4.46
2023-06-06,13.96,120.1906,3.7,4.51
2023-06-07,13.94,120.0893,3.79,4.56
2023-06-08,13.65,119.8069,3.73,4.52
2023-06-09,13.83,119.6781,3.75,4.59
2023-06-12,15.01,119.889,3.73,4.55
2023-06-13,14.61,119.4641,3.84,4.67
2023-06-14,13.88,119.0646,3.83,4.74
2023-06-15,14.5,118.8447,3.72,4.62
2023-06-16,13.54,118.7168,3.77,4.7
2023-06-19,14.19,118.7168,3.77,4.7
2023-06-20,13.88,119.2458,3.74,4.68
2023-06-21,13.2,119.0438,3.72,4.68
2023-06-22,12.91,119.074,3.8,4.77
2023-06-23,13.44,119.4584,3.74,4.71
2023-06-26,14.25,119.4123,3.72,4.65
2023-06-27,13.74,119.235,3.77,4.74
2023-06-28,13.43,119.6759,3.71,4.71
2023-06-29,13.54,119.8659,3.85,4.87
2023-06-30,13.59,119.7118,3.81,4.87
2023-07-03,13.57,119.5618,3.86,4.94
2023-07-04,13.7,119.5618,3.86,4.94
2023-07-05,14.18,119.6971,3.95,4.94
2023-07-06,15.44,120.1579,4.05,4.99
2023-07-07,14.83,119.4293,4.06,4.94
2023-07-10,15.07,119.3179,4.01,4.85
2023-07-11,14.84,119.0891,3.99,4.88
2023-07-12,13.54,118.0104,3.86,4.72
2023-07-13,13.61,117.5569,3.76,4.59
2023-07-14,13.34,117.4209,3.83,4.74
2023-07-17,13.48,117.5139,3.81,4.74
2023-07-18,13.3,117.4145,3.8,4.74
2023-07-19,13.76,117.745,3.75,4.74
2023-07-20,13.99,117.9615,3.85,4.8
2023-07-21,13.6,118.3072,3.84,4.82
2023-07-24,13.91,118.1812,3.86,4.81
2023-07-25,13.86,118.1978,3.91,4.85
2023-07-26,13.19,118.1097,3.86,4.82
2023-07-27,14.41,118.2497,4.01,4.91
2023-07-28,13.33,118.1429,3.96,4.87
2023-07-31,13.63,118.1738,3.97,4.88
2023-08-01,13.93,118.9156,4.05,4.92
2023-08-02,16.09,119.4622,4.08,4.88
2023-08-03,15.92,119.7123,4.2,4.9
2023-08-04,17.1,119.1684,4.05,4.78
2023-08-07,15.77,119.4297,4.09,4.76
2023-08-08,15.99,119.987,4.02,4.74
2023-08-09,15.96,119.8273,4.0,4.79
2023-08-10,15.85,119.5248,4.09,4.82
2023-08-11,14.84,119.9929,4.16,4.89
2023-08-14,14.82,120.4451,4.19,4.96
2023-08-15,16.46,120.5927,4.21,4.92
2023-08-16,16.78,120.7308,4.28,4.97
2023-08-17,17.89,120.8924,4.3,4.94
2023-08-18,17.3,120.7937,4.26,4.92
2023-08-21,17.13,120.8271,4.34,4.97
2023-08-22,16.97,120.7274,4.34,5.02
2023-08-23,15.98,120.4036,4.19,4.95
2023-08-24,17.2,120.5987,4.23,4.98
2023-08-25,15.68,120.8752,4.25,5.03
2023-08-28,15.08,120.687,4.2,4.98
2023-08-29,14.45,120.6383,4.12,4.87
2023-08-30,13.88,120.187,4.12,4.9
2023-08-31,13.57,120.5882,4.09,4.85
2023-09-01,13.09,121.1011,4.18,4.87
2023-09-04,13.82,121.1011,4.18,4.87
2023-09-05,14.01,121.7785,4.27,4.94
2023-09-06,14.45,122.2029,4.3,5.01
2023-09-07,14.4,122.2903,4.27,4.94
2023-09-08,13.84,122.2933,4.26,4.98
2023-09-11,13.8,121.6757,4.29,4.97
2023-09-12,14.23,121.6301,4.27,4.98
2023-09-13,13.48,121.3981,4.25,4.96
2023-09-14,12.82,121.5744,4.29,5.0
2023-09-15,13.79,121.5361,4.33,5.02
2023-09-18,14.0,121.5414,4.32,5.05
2023-09-19,14.11,121.5175,4.37,5.08
2023-09-20,15.14,121.32,4.35,5.12
2023-09-21,17.54,121.8972,4.49,5.12
2023-09-22,17.2,121.8735,4.44,5.1
2023-09-25,16.9,122.4445,4.55,5.09
2023-09-26,18.94,122.795,4.56,5.04
2023-09-27,18.22,123.2947,4.61,5.1
2023-09-28,17.34,122.8562,4.59,5.04
2023-09-29,17.52,122.6332,4.59,5.03
2023-10-02,17.61,123.3573,4.69,5.12
2023-10-03,19.78,124.0624,4.81,5.15
2023-10-04,18.58,123.8848,4.73,5.05
2023-10-05,18.49,124.1752,4.72,5.03
2023-10-06,17.45,123.6561,4.78,5.08
2023-10-09,17.7,123.6561,4.78,5.08
2023-10-10,17.03,123.2437,4.66,4.96
2023-10-11,16.09,123.092,4.58,4.99
2023-10-12,16.69,123.5087,4.7,5.06
2023-10-13,19.32,123.8788,4.63,5.04
2023-10-16,17.21,123.621,4.71,5.09
2023-10-17,17.88,123.4334,4.83,5.19
2023-10-18,19.22,124.1001,4.91,5.19
2023-10-19,21.4,124.0861,4.98,5.14
2023-10-20,21.71,123.9049,4.93,5.07
2023-10-23,20.37,123.5935,4.86,5.05
2023-10-24,18.97,123.9249,4.83,5.02
2023-10-25,20.19,124.069,4.95,5.08
2023-10-26,20.68,124.285,4.86,5.02
2023-10-27,21.27,123.9145,4.84,4.99
2023-10-30,19.75,123.7044,4.88,5.03
2023-10-31,18.14,124.1229,4.88,5.07
2023-11-01,16.87,124.0801,4.77,4.95
2023-11-02,15.66,123.1995,4.67,4.98
2023-11-03,14.91,122.1006,4.57,4.83
2023-11-06,14.89,121.9692,4.67,4.93
2023-11-07,14.81,122.3882,4.58,4.91
2023-11-08,14.45,122.4055,4.49,4.93
2023-11-09,15.29,122.4434,4.62,5.03
2023-11-10,14.17,122.4434,4.61,5.04
2023-11-13,14.76,122.7389,4.63,5.02
2023-11-14,14.16,121.6865,4.44,4.8
2023-11-15,14.18,121.4035,4.53,4.9
2023-11-16,14.32,121.4953,4.45,4.83
2023-11-17,13.8,121.1657,4.44,4.88
2023-11-20,13.41,120.5653,4.42,4.89
2023-11-21,13.35,120.5182,4.41,4.86
2023-11-22,12.85,120.9757,4.42,4.89
2023-11-23,12.8,120.9757,4.42,4.89
2023-11-24,12.46,120.5285,4.47,4.92
2023-11-27,12.69,120.4893,4.39,4.84
2023-11-28,12.69,119.9174,4.34,4.73
2023-11-29,12.98,120.1246,4.27,4.64
2023-11-30,12.92,120.5421,4.37,4.73
2023-12-01,12.63,120.2542,4.22,4.56
2023-12-04,13.08,120.7669,4.28,4.64
2023-12-05,12.85,121.0731,4.18,4.57
2023-12-06,12.97,120.8348,4.12,4.6
2023-12-07,13.06,120.8938,4.14,4.58
2023-12-08,12.35,121.0499,4.23,4.71
2023-12-11,12.63,121.2212,4.23,4.71
2023-12-12,12.07,120.9825,4.2,4.73
2023-12-13,12.19,121.4667,4.04,4.46
2023-12-14,12.48,119.8952,3.92,4.37
2023-12-15,12.28,120.062,3.91,4.44
2023-12-18,12.56,120.2386,3.95,4.43
2023-12-19,12.53,119.8116,3.93,4.41
2023-12-20,13.67,119.8872,3.86,4.34
2023-12-21,13.65,119.6721,3.89,4.33
2023-12-22,13.03,119.4214,3.9,4.31
2023-12-26,12.99,119.2551,3.89,4.26
2023-12-27,12.43,118.8525,3.79,4.2
2023-12-28,12.47,118.762,3.84,4.26
2023-12-29,12.45,118.7686,3.88,4.23
2024-01-02,13.2,119.6165,3.95,4.33
2024-01-03,14.04,120.0407,3.91,4.33
2024-01-04,14.13,119.9775,3.99,4.38
2024-01-05,13.35,119.7474,4.05,4.4
2024-01-08,13.08,119.6237,4.01,4.36
2024-01-09,12.76,120.0296,4.02,4.36
2024-01-10,12.69,120.1258,4.04,4.37
2024-01-11,12.44,120.2516,3.98,4.26
2024-01-12,12.7,119.9009,3.96,4.14
2024-01-15,13.25,119.9009,3.96,4.14
2024-01-16,13.84,120.9213,4.07,4.22
2024-01-17,14.79,121.3823,4.1,4.34
2024-01-18,14.13,121.2366,4.14,4.34
2024-01-19,13.3,120.9947,4.15,4.39
2024-01-22,13.19,120.9687,4.11,4.37
2024-01-23,12.55,121.4244,4.14,4.31
2024-01-24,13.14,120.8336,4.18,4.34
2024-01-25,13.45,121.167,4.14,4.28
2024-01-26,13.26,120.9665,4.15,4.34
2024-01-29,13.6,121.1888,4.08,4.29
2024-01-30,13.31,120.9442,4.06,4.36
2024-01-31,14.35,120.7727,3.99,4.27
2024-02-01,13.88,120.6832,3.87,4.2
2024-02-02,13.85,121.2438,4.03,4.36
2024-02-05,13.67,121.6831,4.17,4.46
2024-02-06,13.06,121.3021,4.09,4.39
2024-02-07,12.83,121.2518,4.09,4.41
2024-02-08,12.79,121.4226,4.15,4.46
2024-02-09,12.93,121.3851,4.17,4.48
2024-02-12,13.93,121.2839,4.17,4.46
2024-02-13,15.85,121.8558,4.31,4.64
2024-02-14,14.38,121.7411,4.27,4.56
2024-02-15,14.01,121.5567,4.24,4.56
2024-02-16,14.24,121.4984,4.3,4.64
2024-02-19,14.71,121.4984,4.3,4.64
2024-02-20,15.42,121.3769,4.27,4.59
2024-02-21,15.34,121.3918,4.32,4.64
2024-02-22,14.54,121.4589,4.33,4.69
2024-02-23,13.75,121.3991,4.26,4.67
2024-02-26,13.74,121.4197,4.28,4.69
2024-02-27,13.43,121.3297,4.31,4.7
2024-02-28,13.84,121.4886,4.27,4.64
2024-02-29,13.4,121.5385,4.25,4.64
2024-03-01,13.11,121.3741,4.19,4.54
2024-03-04,13.49,121.2454,4.22,4.61
2024-03-05,14.46,121.2575,4.13,4.54
2024-03-06,14.5,120.8481,4.11,4.55
2024-03-07,14.44,120.5744,4.09,4.5
2024-03-08,14.74,120.3612,4.09,4.48
2024-03-11,15.22,120.4205,4.1,4.51
2024-03-12,13.84,120.5468,4.16,4.58
2024-03-13,13.75,120.3533,4.19,4.61
2024-03-14,14.4,120.6272,4.29,4.68
2024-03-15,14.41,120.7884,4.31,4.72
2024-03-18,14.33,120.9572,4.34,4.73
2024-03-19,13.82,121.3111,4.3,4.68
2024-03-20,13.04,121.3092,4.27,4.59
2024-03-21,12.92,121.1869,4.27,4.62
2024-03-22,13.06,121.5694,4.22,4.59
2024-03-25,13.19,121.4143,4.25,4.54
2024-03-26,13.24,121.4613,4.24,4.56
2024-03-27,12.78,121.4048,4.2,4.54
2024-03-28,13.01,121.4498,4.2,4.59
2024-03-29,13.01,121.4062,4.2,4.59
2024-04-01,13.65,121.8884,4.33,4.72
2024-04-02,14.61,121.6881,4.36,4.7
2024-04-03,14.33,121.4129,4.36,4.68
2024-04-04,16.35,121.1646,4.31,4.65
2024-04-05,16.03,121.3671,4.39,4.73
2024-04-08,15.19,121.1487,4.42,4.78
2024-04-09,14.98,121.1215,4.36,4.74
2024-04-10,15.8,121.9628,4.55,4.97
2024-04-11,14.91,122.003,4.56,4.93
2024-04-12,17.31,122.6566,4.5,4.88
2024-04-15,19.23,122.7932,4.63,4.93
2024-04-16,18.4,123.4732,4.67,4.97
2024-04-17,18.21,123.375,4.59,4.93
2024-04-18,18.0,123.3481,4.64,4.98
2024-04-19,18.71,123.4459,4.62,4.97
2024-04-22,16.94,123.4011,4.62,4.97
2024-04-23,15.69,123.0779,4.61,4.86
2024-04-24,15.97,123.2398,4.65,4.89
2024-04-25,15.37,123.1916,4.7,4.96
2024-04-26,15.03,123.3004,4.67,4.96
2024-04-29,14.67,122.9074,4.63,4.97
2024-04-30,15.65,123.3446,4.69,5.04
2024-05-01,15.39,123.3776,4.63,4.96
2024-05-02,14.68,122.8047,4.58,4.87
2024-05-03,13.49,122.5056,4.5,4.81
2024-05-06,13.49,122.2529,4.49,4.82
2024-05-07,13.23,122.4588,4.47,4.82
2024-05-08,13.0,122.5562,4.48,4.84
2024-05-09,12.69,122.5322,4.45,4.8
2024-05-10,12.55,122.3898,4.5,4.87
2024-05-13,13.6,122.4068,4.48,4.85
2024-05-14,13.42,122.3094,4.45,4.81
2024-05-15,12.45,121.7471,4.36,4.73
2024-05-16,12.42,121.6189,4.38,4.78
2024-05-17,11.99,121.638,4.42,4.83
2024-05-20,12.15,121.6377,4.44,4.82
2024-05-21,11.86,121.7864,4.41,4.82
2024-05-22,12.29,121.9514,4.43,4.86
2024-05-23,12.77,122.1493,4.47,4.91
2024-05-24,11.93,122.0215,4.46,4.93
2024-05-27,12.36,122.0215,4.46,4.93
2024-05-28,12.92,121.8382,4.54,4.94
2024-05-29,14.28,122.5535,4.61,4.96
2024-05-30,14.47,122.356,4.55,4.92
2024-05-31,12.92,122.4845,4.51,4.89
2024-06-03,13.11,122.7156,4.41,4.82
2024-06-04,13.16,123.0715,4.33,4.77
2024-06-05,12.63,122.9014,4.29,4.72
2024-06-06,12.58,122.7416,4.28,4.72
2024-06-07,12.22,123.8707,4.43,4.87
2024-06-10,12.74,124.2232,4.47,4.87
2024-06-11,12.85,124.345,4.39,4.81
2024-06-12,12.04,124.1411,4.31,4.75
2024-06-13,11.94,124.3287,4.24,4.68
2024-06-14,12.66,124.4755,4.2,4.67
2024-06-17,12.75,124.5427,4.28,4.75
2024-06-18,12.3,124.2835,4.22,4.69
2024-06-19,12.48,124.2835,4.22,4.69
2024-06-20,13.28,124.496,4.25,4.7
2024-06-21,13.2,124.4247,4.25,4.7
2024-06-24,13.33,124.0379,4.25,4.71
2024-06-25,12.84,124.26,4.23,4.65
2024-06-26,12.55,124.5696,4.32,4.71
2024-06-27,12.24,124.6406,4.29,4.7
2024-06-28,12.44,124.5172,4.36,4.71
2024-07-01,12.22,124.7723,4.48,4.77
2024-07-02,12.03,124.608,4.43,4.74
2024-07-03,12.09,124.1096,4.36,4.71
2024-07-04,12.26,124.1096,4.36,4.71
2024-07-05,12.48,123.8192,4.28,4.6
2024-07-08,12.37,123.706,4.28,4.62
2024-07-09,12.51,123.7559,4.3,4.62
2024-07-10,12.85,123.5508,4.28,4.62
2024-07-11,12.92,123.1267,4.2,4.5
2024-07-12,12.46,122.8093,4.18,4.45
2024-07-15,13.12,123.0059,4.23,4.44
2024-07-16,13.19,123.1024,4.17,4.43
2024-07-17,14.48,122.892,4.16,4.42
2024-07-18,15.93,123.1548,4.2,4.46
2024-07-19,16.52,123.5033,4.25,4.49
2024-07-22,14.91,123.5735,4.26,4.5
2024-07-23,14.72,123.7296,4.25,4.4
2024-07-24,18.04,123.8784,4.28,4.37
2024-07-25,18.46,123.8341,4.27,4.41
2024-07-26,16.39,123.9862,4.2,4.36
2024-07-29,16.6,124.4412,4.17,4.36
2024-07-30,17.69,124.576,4.15,4.35
2024-07-31,16.36,123.9223,4.09,4.29
2024-08-01,18.59,124.1551,3.99,4.16
2024-08-02,23.39,123.7169,3.8,3.88
2024-08-05,38.57,123.7919,3.78,3.89
2024-08-06,27.71,123.8794,3.9,3.99
2024-08-07,27.85,123.8126,3.96,4.0
2024-08-08,23.79,123.6961,3.99,4.04
2024-08-09,20.37,123.1964,3.94,4.05
2024-08-12,20.71,123.4942,3.9,4.01
2024-08-13,18.12,123.2819,3.85,3.93
2024-08-14,16.19,122.7057,3.83,3.94
2024-08-15,15.23,122.8791,3.92,4.08
2024-08-16,14.8,122.6944,3.89,4.06
2024-08-19,14.65,122.1762,3.86,4.06
2024-08-20,15.88,122.0677,3.82,3.99
2024-08-21,16.27,122.1407,3.79,3.92
2024-08-22,17.55,122.6371,3.86,3.99
2024-08-23,15.86,121.7525,3.81,3.9
2024-08-26,16.15,121.9678,3.82,3.91
2024-08-27,15.43,122.1318,3.83,3.83
2024-08-28,17.11,122.1586,3.84,3.83
2024-08-29,15.65,122.4706,3.87,3.87
2024-08-30,15.0,122.5582,3.91,3.91
2024-09-02,15.55,122.5582,3.91,3.91
2024-09-03,20.72,123.0052,3.84,3.88
2024-09-04,21.32,122.7434,3.77,3.76
2024-09-05,19.9,122.6747,3.73,3.75
2024-09-06,22.38,122.7145,3.72,3.66
2024-09-09,19.45,122.9408,3.7,3.68
2024-09-10,19.08,123.2266,3.65,3.59
2024-09-11,17.69,123.0007,3.65,3.62
2024-09-12,17.07,122.684,3.68,3.64
2024-09-13,16.56,121.9128,3.66,3.57
2024-09-16,17.14,121.7684,3.63,3.56
2024-09-17,17.61,121.8724,3.65,3.59
2024-09-18,18.23,121.8295,3.7,3.61
2024-09-19,16.33,121.5773,3.73,3.59
2024-09-20,16.15,121.6673,3.73,3.55
2024-09-23,15.89,121.687,3.75,3.57
2024-09-24,15.39,121.3868,3.74,3.49
2024-09-25,15.41,121.6868,3.79,3.53
2024-09-26,15.37,121.3274,3.79,3.6
2024-09-27,16.96,121.356,3.75,3.55
2024-09-30,16.73,121.5298,3.81,3.66
2024-10-01,19.26,121.9152,3.74,3.61
2024-10-02,18.9,121.8154,3.79,3.63
2024-10-03,20.49,122.3469,3.85,3.7
2024-10-04,19.21,122.4533,3.98,3.93
2024-10-07,22.64,122.6545,4.03,3.99
2024-10-08,21.42,122.9111,4.04,3.98
2024-10-09,20.86,123.1373,4.06,3.99
2024-10-10,20.93,123.3431,4.09,3.98
2024-10-11,20.46,123.2275,4.08,3.95
2024-10-14,19.7,123.2275,4.08,3.95
2024-10-15,20.64,123.773,4.03,3.95
2024-10-16,19.58,124.1606,4.02,3.93
2024-10-17,19.11,124.3466,4.09,3.96
2024-10-18,18.03,124.1511,4.08,3.95
2024-10-21,18.37,124.7004,4.19,4.02
2024-10-22,18.2,124.6396,4.2,4.03
2024-10-23,19.24,124.9181,4.24,4.07
2024-10-24,19.08,124.743,4.21,4.07
2024-10-25,20.33,124.8418,4.25,4.11
2024-10-28,19.8,125.0385,4.28,4.12
2024-10-29,19.34,125.0952,4.28,4.11
2024-10-30,20.35,125.0444,4.29,4.15
2024-10-31,23.16,125.0247,4.28,4.16
2024-11-01,21.88,125.0403,4.37,4.21
2024-11-04,21.98,124.8168,4.31,4.17
2024-11-05,20.49,124.7803,4.26,4.19
2024-11-06,16.27,125.9311,4.42,4.27
2024-11-07,15.2,125.016,4.31,4.21
2024-11-08,14.94,125.8066,4.3,4.26
2024-11-11,14.97,125.8066,4.3,4.26
2024-11-12,14.71,126.987,4.43,4.34
2024-11-13,14.02,127.1591,4.44,4.27
2024-11-14,14.31,127.2123,4.43,4.34
2024-11-15,16.14,127.1021,4.43,4.31
2024-11-18,15.58,126.8336,4.42,4.29
2024-11-19,16.35,126.6361,4.39,4.27
2024-11-20,17.16,127.1023,4.41,4.31
2024-11-21,16.87,127.3063,4.43,4.34
2024-11-22,15.24,127.6683,4.41,4.37
2024-11-25,14.6,127.211,4.27,4.21
2024-11-26,14.1,127.6435,4.3,4.21
2024-11-27,14.1,127.0601,4.25,4.19
2024-11-28,13.9,127.0601,4.25,4.19
2024-11-29,13.51,126.8114,4.18,4.13
2024-12-02,13.34,127.3499,4.19,4.17
2024-12-03,13.3,127.1983,4.23,4.17
2024-12-04,13.45,126.9956,4.19,4.13
2024-12-05,13.54,126.6638,4.17,4.15
2024-12-06,12.77,126.9271,4.15,4.1
2024-12-09,14.19,126.8394,4.2,4.13
2024-12-10,14.18,127.1884,4.22,4.15
2024-12-11,13.58,127.095,4.26,4.15
2024-12-12,13.92,127.2039,4.32,4.18
2024-12-13,13.81,127.5569,4.4,4.25
2024-12-16,14.69,127.5235,4.39,4.25
2024-12-17,15.87,127.7565,4.4,4.25
2024-12-18,27.62,127.8936,4.5,4.35
2024-12-19,24.09,128.8598,4.57,4.32
2024-12-20,18.36,128.1411,4.52,4.3
2024-12-23,16.78,128.5356,4.59,4.3
2024-12-24,14.27,128.5651,4.59,4.29
2024-12-26,14.73,128.5679,4.58,4.3
2024-12-27,15.95,128.6972,4.62,4.31
2024-12-30,17.4,129.0474,4.55,4.24
2024-12-31,17.35,129.488,4.58,4.25
2025-01-02,17.93,129.6666,4.57,4.25
2025-01-03,16.13,129.6721,4.6,4.28
2025-01-06,16.04,128.7878,4.62,4.28
2025-01-07,17.82,128.8574,4.67,4.3
2025-01-08,17.7,129.3038,4.67,4.28
2025-01-09,18.07,129.4927,4.68,4.27
2025-01-10,19.54,130.0513,4.77,4.4
2025-01-13,19.19,130.2142,4.79,4.4
2025-01-14,18.71,129.5812,4.78,4.37
2025-01-15,16.12,129.4107,4.66,4.27
2025-01-16,16.6,129.6284,4.61,4.23
2025-01-17,15.97,129.6771,4.61,4.27
2025-01-20,15.81,129.6771,4.61,4.27
2025-01-21,15.06,128.61,4.57,4.29
2025-01-22,15.1,128.5428,4.6,4.29
2025-01-23,15.02,128.4336,4.65,4.29
2025-01-24,14.85,127.6833,4.63,4.27
2025-01-27,17.9,128.2856,4.53,4.17
2025-01-28,16.41,128.471,4.55,4.19
2025-01-29,16.56,128.5324,4.55,4.21
2025-01-30,15.84,128.2958,4.52,4.18
2025-01-31,16.43,128.6686,4.58,4.22
2025-02-03,18.62,129.2815,4.54,4.26
2025-02-04,17.21,128.2993,4.52,4.21
2025-02-05,15.77,128.1725,4.43,4.17
2025-02-06,15.5,128.3958,4.45,4.21
2025-02-07,16.54,128.6144,4.49,4.29
2025-02-10,15.81,128.8215,4.51,4.28
2025-02-11,16.02,128.629,4.54,4.29
2025-02-12,15.89,128.5321,4.62,4.36
2025-02-13,15.1,128.0821,4.52,4.31
2025-02-14,14.77,127.3505,4.47,4.26
2025-02-17,15.37,127.3505,4.47,4.26
2025-02-18,15.35,127.501,4.55,4.29
2025-02-19,15.27,127.9207,4.53,4.28
2025-02-20,15.66,127.3057,4.5,4.28
2025-02-21,18.21,127.3285,4.42,4.19
2025-02-24,18.98,127.3749,4.4,4.13
2025-02-25,19.43,127.5544,4.3,4.07
2025-02-26,19.1,127.4762,4.25,4.05
2025-02-27,21.13,128.1589,4.29,4.07
2025-02-28,19.63,128.4646,4.24,3.99
2025-03-03,22.78,127.9558,4.16,3.96
2025-03-04,23.51,128.1864,4.22,3.96
2025-03-05,21.93,126.7441,4.28,3.99
2025-03-06,24.87,126.3526,4.29,3.96
2025-03-07,23.37,126.2243,4.32,3.99
2025-03-10,27.86,126.5199,4.22,3.89
2025-03-11,26.92,126.2896,4.28,3.94
2025-03-12,24.23,126.1251,4.32,4.01
2025-03-13,24.66,126.2551,4.27,3.94
2025-03-14,21.77,125.9538,4.31,4.02
2025-03-17,20.51,125.6291,4.31,4.06
2025-03-18,21.7,125.7402,4.29,4.04
2025-03-19,19.9,126.0515,4.25,3.99
2025-03-20,19.8,126.237,4.24,3.95
2025-03-21,19.28,126.509,4.25,3.94
2025-03-24,17.48,126.4403,4.34,4.04
2025-03-25,17.15,126.3075,4.31,3.96
2025-03-26,18.33,126.4839,4.35,3.98
2025-03-27,18.69,126.6098,4.38,3.97
2025-03-28,21.65,126.6599,4.27,3.89
2025-03-31,22.28,126.9402,4.23,3.89
2025-04-01,21.77,126.6783,4.17,3.87
2025-04-02,21.51,126.6284,4.2,3.91
2025-04-03,30.02,125.0254,4.06,3.71
2025-04-04,45.31,126.0693,4.01,3.68
2025-04-07,46.98,127.0629,4.15,3.73
2025-04-08,52.33,127.1122,4.26,3.71
2025-04-09,33.62,126.8819,4.34,3.91
2025-04-10,40.72,125.3694,4.4,3.84
2025-04-11,37.56,124.3156,4.48,3.96
2025-04-14,30.89,123.9908,4.38,3.84
2025-04-15,30.12,124.1129,4.35,3.84
2025-04-16,32.64,123.6167,4.29,3.77
2025-04-17,29.65,123.4733,4.34,3.81
2025-04-18,29.65,123.3365,4.34,3.81
2025-04-21,33.82,122.677,4.42,3.75
2025-04-22,30.57,122.7879,4.41,3.76
2025-04-23,28.45,123.375,4.4,3.81
2025-04-24,26.47,123.285,4.32,3.77
2025-04-25,24.84,123.2454,4.29,3.74
2025-04-28,25.15,123.0856,4.23,3.67
2025-04-29,24.17,122.9514,4.19,3.65
2025-04-30,24.7,122.944,4.17,3.6
2025-05-01,24.6,123.4811,4.25,3.7
2025-05-02,22.68,122.859,4.33,3.83
2025-05-05,23.64,122.6335,4.36,3.83
2025-05-06,24.76,122.3907,4.3,3.78
2025-05-07,23.55,122.4652,4.26,3.78
2025-05-08,22.48,123.1019,4.37,3.9
2025-05-09,21.9,122.879,4.37,3.88
2025-05-12,18.39,123.7948,4.45,3.98
2025-05-13,18.22,123.2905,4.49,4.02
2025-05-14,18.62,123.0145,4.53,4.05
2025-05-15,17.83,123.1492,4.45,3.96
2025-05-16,17.24,123.3969,4.43,3.98
2025-05-19,18.14,122.7649,4.46,3.97
2025-05-20,18.09,122.673,4.48,3.97
2025-05-21,20.87,122.1012,4.58,4.0
2025-05-22,20.28,122.3865,4.54,4.0
2025-05-23,22.29,121.7283,4.51,4.0
2025-05-26,20.57,121.7283,4.51,4.0
2025-05-27,18.96,121.9634,4.43,3.92
2025-05-28,19.31,122.3295,4.47,3.96
2025-05-29,19.18,121.9108,4.43,3.92
2025-05-30,18.57,122.1112,4.41,3.89
2025-06-02,18.36,121.549,4.46,3.94
2025-06-03,17.69,121.808,4.46,3.96
2025-06-04,17.61,121.4093,4.37,3.87
2025-06-05,18.48,121.3178,4.4,3.92
2025-06-06,16.77,121.5217,4.51,4.04
2025-06-09,17.16,121.2757,4.49,4.01
2025-06-10,16.95,121.4134,4.47,4.01
2025-06-11,17.26,120.9763,4.41,3.94
2025-06-12,18.02,120.565,4.36,3.9
2025-06-13,20.82,120.7131,4.41,3.96
2025-06-16,19.11,120.5449,4.46,3.97
2025-06-17,21.6,120.8862,4.39,3.94
2025-06-18,20.14,121.1093,4.38,3.94
2025-06-19,22.17,121.1093,4.38,3.94
2025-06-20,20.62,121.411,4.38,3.9
2025-06-23,19.83,121.5412,4.34,3.84
2025-06-24,17.48,120.7549,4.3,3.75
2025-06-25,16.76,120.7333,4.29,3.74
2025-06-26,16.59,120.0587,4.26,3.7
2025-06-27,16.32,120.0786,4.29,3.73
2025-06-30,16.73,119.8269,4.24,3.72
2025-07-01,16.83,119.7678,4.26,3.78
2025-07-02,16.64,119.7289,4.3,3.78
2025-07-03,16.38,119.6678,4.35,3.88
2025-07-04,17.48,119.6678,4.35,3.88
2025-07-07,17.79,120.0481,4.4,3.9
2025-07-08,16.81,120.2589,4.42,3.9
2025-07-09,15.94,120.1608,4.34,3.86
2025-07-10,15.78,120.253,4.35,3.86
2025-07-11,16.4,120.3354,4.43,3.9
2025-07-14,17.2,120.6252,4.43,3.9
2025-07-15,17.38,120.9095,4.5,3.95
2025-07-16,17.16,120.8232,4.46,3.88
2025-07-17,16.52,121.0417,4.47,3.91
2025-07-18,16.41,120.7674,4.44,3.88
2025-07-21,16.65,120.4157,4.38,3.85
2025-07-22,16.5,120.1036,4.35,3.83
2025-07-23,15.37,119.9888,4.4,3.88
2025-07-24,15.39,119.9892,4.43,3.91
2025-07-25,14.93,120.4082,4.4,3.91
2025-07-28,15.03,121.0228,4.42,3.91
2025-07-29,15.98,121.3652,4.34,3.86
2025-07-30,15.48,121.7944,4.38,3.94
2025-07-31,16.72,122.1088,4.37,3.94
2025-08-01,20.38,121.6148,4.23,3.69
2025-08-04,17.52,121.3757,4.22,3.69
2025-08-05,17.85,121.3068,4.22,3.72
2025-08-06,16.77,120.9198,4.22,3.69
2025-08-07,16.57,120.9142,4.23,3.72
2025-08-08,15.15,120.7562,4.27,3.76
2025-08-11,16.25,121.1021,4.27,3.76
2025-08-12,14.73,120.6964,4.29,3.72
2025-08-13,14.49,120.5533,4.24,3.67
2025-08-14,14.83,121.0518,4.29,3.74
2025-08-15,15.09,120.7606,4.33,3.75
2025-08-18,14.99,120.9792,4.34,3.77
2025-08-19,15.57,121.137,4.3,3.75
2025-08-20,15.69,121.1828,4.29,3.74
2025-08-21,16.6,121.485,4.33,3.79
2025-08-22,14.22,120.6974,4.26,3.68
2025-08-25,14.79,120.8298,4.28,3.73
2025-08-26,14.62,120.9304,4.26,3.61
2025-08-27,14.85,121.1236,4.24,3.59
2025-08-28,14.43,120.6537,4.22,3.62
2025-08-29,15.36,120.6028,4.23,3.59
2025-09-01,16.12,120.6028,4.23,3.59
2025-09-02,17.17,121.0716,4.28,3.66
2025-09-03,16.35,120.9032,4.22,3.61
2025-09-04,15.3,121.1565,4.17,3.59
2025-09-05,15.18,120.5394,4.1,3.51
2025-09-08,15.11,120.5152,4.05,3.49
2025-09-09,15.04,120.5746,4.08,3.54
2025-09-10,15.35,120.5447,4.04,3.54
2025-09-11,14.71,120.381,4.01,3.52
2025-09-12,14.76,120.4905,4.06,3.56
2025-09-15,15.69,120.0042,4.05,3.54
2025-09-16,16.36,119.586,4.04,3.51
2025-09-17,15.72,119.6063,4.06,3.52
2025-09-18,15.7,120.0986,4.11,3.57
2025-09-19,15.45,120.2166,4.14,3.57
2025-09-22,16.1,120.2461,4.15,3.61
2025-09-23,16.64,120.0568,4.12,3.53
2025-09-24,16.18,120.6024,4.16,3.57
2025-09-25,16.74,120.9635,4.18,3.64
2025-09-26,15.29,120.8615,4.2,3.63
2025-09-29,16.12,120.5403,4.15,3.63
2025-09-30,16.28,120.5624,4.16,3.6
2025-10-01,16.29,120.5782,4.12,3.55
2025-10-02,16.63,120.844,4.1,3.55
2025-10-03,16.65,120.5163,4.13,3.58
2025-10-06,16.37,120.7028,4.18,3.6
2025-10-07,17.24,120.9097,4.14,3.57
2025-10-08,16.3,121.1884,4.13,3.58
2025-10-09,16.43,121.4965,4.14,3.6
2025-10-10,21.66,121.5217,4.05,3.52
2025-10-13,19.03,121.5217,4.05,3.52
2025-10-14,20.81,121.5815,4.03,3.48
2025-10-15,20.64,121.2669,4.05,3.5
2025-10-16,25.31,121.0834,3.99,3.41
2025-10-17,20.78,121.1218,4.02,3.46
2025-10-20,18.23,121.0394,4.0,3.46
2025-10-21,17.87,121.302,3.98,3.45
2025-10-22,18.6,121.3075,3.97,3.45
2025-10-23,17.3,121.3633,4.01,3.48
2025-10-24,16.37,121.342,4.02,3.48
2025-10-27,15.79,121.2002,4.01,3.48
2025-10-28,16.42,121.0349,3.99,3.47
2025-10-29,16.92,120.929,4.08,3.59
2025-10-30,16.91,121.665,4.11,3.61
2025-10-31,17.44,121.7715,4.11,3.6
2025-11-03,17.17,121.8422,4.13,3.6
2025-11-04,19.0,122.2066,4.1,3.58
2025-11-05,18.01,122.2295,4.17,3.63
2025-11-06,19.5,122.0788,4.11,3.57
2025-11-07,19.08,121.7835,4.11,3.55
2025-11-10,17.6,121.6932,4.13,3.58
2025-11-11,17.28,121.6932,4.13,3.58
2025-11-12,17.51,121.4459,4.08,3.56
2025-11-13,20.0,121.1756,4.11,3.58
2025-11-14,19.83,121.363,4.14,3.62
2025-11-17,22.38,121.5131,4.13,3.6
2025-11-18,24.69,121.6042,4.12,3.58
2025-11-19,23.66,121.8845,4.13,3.58
2025-11-20,26.42,122.0735,4.1,3.55
2025-11-21,23.43,122.235,4.06,3.51
2025-11-24,20.52,122.2833,4.04,3.46
2025-11-25,18.56,122.0044,4.01,3.43
2025-11-26,17.19,121.6225,4.0,3.45
2025-11-27,17.21,121.6225,4.0,3.45
2025-11-28,16.35,121.4288,4.02,3.47
2025-12-01,17.24,121.3615,4.09,3.54
2025-12-02,16.59,121.5149,4.09,3.51
2025-12-03,16.08,121.1131,4.06,3.49
2025-12-04,15.78,121.0614,4.11,3.52
2025-12-05,15.41,121.0615,4.14,3.56
2025-12-08,16.66,121.1478,4.17,3.57
2025-12-09,16.93,121.0601,4.18,3.61
2025-12-10,15.77,121.0557,4.13,3.54
2025-12-11,14.85,120.3821,4.14,3.52
2025-12-12,15.74,120.5383,4.19,3.52
2025-12-15,16.5,120.3501,4.18,3.51
2025-12-16,16.48,120.283,4.15,3.48
2025-12-17,17.62,120.5451,4.16,3.49
2025-12-18,16.87,120.4409,4.12,3.46
2025-12-19,14.91,120.5571,4.16,3.48
2025-12-22,14.08,120.5571,4.17,3.44
2025-12-23,14.0,120.5571,4.17,3.44
2025-12-24,13.47,120.5571,4.17,3.44
